EmployeeID,FirstName,LastName,Gender,BirthDate
E00001,Gautam,Dave,Male,1996-04-13
E00002,Niharika,Anne,Female,1969-10-08
E00003,Aishani,Bains,Male,1988-12-20
E00004,Rudra,Ray,Male,1990-05-09
E00005,Yashawini,Raja,Female,1978-10-20
E00006,Thomas,Garg,Female,1995-01-08
E00007,Nidra,Bhakta,Female,1976-04-29
E00008,Varsha,Sarin,Female,2001-03-28
E00009,Adya,Sahni,Female,1982-04-24
E00010,Anamika,Narayanan,Male,1965-06-16
E00011,Ekantika,Chopra,Male,1977-01-25
E00012,Hemal,Mane,Male,1986-04-12
E00013,Mason,Kannan,Male,1982-04-13
E00014,Warinder,Gill,Female,1983-03-05
E00015,Meghana,Chakraborty,Female,1976-06-18
E00016,Hardik,Mistry,Female,1981-12-01
E00017,Vaishnavi,Gole,Male,1986-10-13
E00018,Parth,Chad,Male,1982-09-17
E00019,Gaurangi,Baria,Female,2002-03-14
E00020,Vedant,Chauhan,Female,1978-01-19
E00021,Zashil,Ramesh,Female,1999-03-29
E00022,Damini,Sinha,Male,1998-01-23
E00023,Bina,Pai,Female,1993-01-06
E00024,Gautam,Mody,Female,1992-06-21
E00025,Devansh,Butala,Male,1984-11-07
E00026,Eshana,Dube,Male,1985-11-06
E00027,Kiaan,Sundaram,Female,1991-09-19
E00028,Darpan,Keer,Female,1967-03-13
E00029,Chandresh,Dar,Male,1974-11-25
E00030,Bimala,Lanka,Male,1986-04-27
E00031,Wazir,Majumdar,Male,1980-12-12
E00032,Irya,Gupta,Female,1980-09-28
E00033,Niharika,Nagarajan,Male,1979-01-02
E00034,Ethan,Singh,Male,1981-06-24
E00035,Priya,Date,Male,1994-02-02
E00036,Dhruv,Memon,Male,1987-12-23
E00037,Tarak,Panchal,Female,1992-09-12
E00038,Omisha,Anand,Male,1981-08-31
E00039,Ati,Thakkar,Female,1985-11-06
E00040,Gayathri,Sethi,Female,1986-11-14
E00041,Parth,Seshadri,Female,1996-02-02
E00042,Vasana,Nadkarni,Male,1974-08-02
E00043,Udarsh,Biswas,Female,1980-10-22
E00044,Chameli,Jaggi,Male,1987-10-25
E00045,Yoshita,Oza,Male,1986-10-27
E00046,Yauvani,Hora,Male,1992-05-12
E00047,Bhavna,Acharya,Male,1995-12-07
E00048,Charita,Natarajan,Female,1986-10-19
E00049,Prisha,Keer,Female,1981-03-02
E00050,Gautam,Agrawal,Male,1963-02-12
E00051,Yochana,Murthy,Male,1988-03-29
E00052,Dev,Sawhney,Male,1969-02-28
E00053,Yauvani,Sunder,Female,1983-12-17
E00054,Ira,Parikh,Male,1994-04-26
E00055,Amaira,Sama,Female,1986-10-03
E00056,Lopa,Luthra,Male,1980-06-28
E00057,Raghav,Wason,Female,1990-01-11
E00058,Azaan,Sidhu,Female,1982-09-19
E00059,Andrew,Madan,Male,1987-08-26
E00060,Anamika,Sandhu,Male,1987-06-16
E00061,Faris,Virk,Male,1984-07-01
E00062,Ojasvi,Bhagat,Male,1994-05-23
E00063,Yashoda,Trivedi,Male,1985-08-29
E00064,Bakhshi,Bali,Male,1986-02-06
E00065,Girindra,Venkatesh,Male,1979-01-31
E00066,Anvi,Banerjee,Female,1991-09-25
E00067,Meghana,Balakrishnan,Female,1972-09-09
E00068,Lakshit,Lala,Male,1982-05-21
E00069,Januja,Garde,Male,1976-12-09
E00070,Ansh,Hayre,Male,2000-05-22
E00071,Yashoda,Raghavan,Female,1985-07-18
E00072,Guneet,Kurian,Male,1977-04-03
E00073,Owen,Majumdar,Male,1984-02-06
E00074,Kamya,Pradhan,Male,1986-10-10
E00075,Atharv,Gade,Male,1994-09-26
E00076,Vrinda,Naik,Male,1985-05-12
E00077,Tejas,Murty,Female,1976-10-29
E00078,Aayush,Boase,Female,1982-01-12
E00079,Joshua,Dua,Male,1980-10-12
E00080,Ridhi,Dhaliwal,Female,1975-07-06
E00081,Vasudha,Date,Male,1961-10-27
E00082,Aadi,Chahal,Male,1999-03-14
E00083,Ranbir,Pant,Female,1978-05-17
E00084,Qasim,Chana,Female,1992-05-30
E00085,Damini,Palla,Male,1995-02-14
E00086,Vanya,Wali,Female,1997-09-27
E00087,Ucchal,Sharma,Male,1979-12-01
E00088,Ekanta,Prakash,Female,1983-09-25
E00089,Lakshit,Nori,Female,1988-05-11
E00090,Fiyaz,Pandya,Male,1973-11-21
E00091,Advik,Ray,Male,1984-07-29
E00092,Kamya,Sachdeva,Male,1986-04-15
E00093,Shivansh,Ranganathan,Female,1977-01-12
E00094,Darsh,Mitter,Male,1984-03-30
E00095,Kashish,Karan,Male,1994-01-25
E00096,Siddharth,Narula,Female,1985-06-24
E00097,Nakul,Anand,Female,1978-09-05
E00098,Qadim,Deol,Female,1995-07-18
E00099,Quincy,Prakash,Male,1971-12-03
E00100,Deepa,Nadig,Male,1984-12-07
E00101,Andrew,Raman,Male,1987-06-07
E00102,Faraj,Wason,Female,1979-12-06
E00103,Frederick,Jayaraman,Male,1989-03-07
E00104,Irya,Thaker,Male,1979-09-02
E00105,Madhavi,Pal,Male,1985-12-23
E00106,Janya,Kurian,Male,1973-06-27
E00107,Samar,Koshy,Female,1997-01-15
E00108,Omaja,Khanna,Male,1987-02-17
E00109,Tanay,Lalla,Male,1988-01-27
E00110,Lohit,Bhasin,Female,1983-09-09
E00111,Ranbir,Nath,Female,1998-07-16
E00112,Anvi,Mall,Female,1999-05-13
E00113,Chaitaly,Balay,Male,1970-09-01
E00114,Veda,Sarna,Male,1972-08-27
E00115,Dayamai,Dua,Female,1975-07-01
E00116,Sudiksha,Goswami,Male,1985-03-30
E00117,Hredhaan,Prasad,Male,1972-06-07
E00118,Amaira,Gulati,Female,1982-09-06
E00119,Daksh,Sen,Male,1969-09-26
E00120,Wazir,Shanker,Male,1983-04-11
E00121,Lakshit,Magar,Male,1992-07-01
E00122,Omya,Sarna,Female,1983-01-28
E00123,Zayan,Chander,Female,1972-05-13
E00124,Dayita,Tella,Male,1970-08-31
E00125,Tamanna,Nadkarni,Female,1984-05-15
E00126,Fitan,Rajan,Female,1980-08-30
E00127,Pranit,Chand,Female,1983-12-18
E00128,Mohini,Bakshi,Male,1984-03-10
E00129,Warjas,Anne,Female,1967-09-11
E00130,Wridesh,Bhakta,Female,1984-01-12
E00131,Udyati,Sheth,Male,1976-10-30
E00132,Yadavi,Sankaran,Female,1974-06-07
E00133,Abdul,Sharaf,Male,1984-10-09
E00134,Aarnav,Nagar,Female,1977-02-15
E00135,Vedant,Vohra,Female,1991-09-18
E00136,Vritti,Dayal,Female,1986-03-03
E00137,Yashoda,Narain,Male,1976-08-18
E00138,Pahal,Sani,Female,1978-09-02
E00139,Eiravati,Gera,Female,1968-10-22
E00140,Sanaya,Kapur,Male,1966-09-13
E00141,Zaid,De,Female,1980-06-03
E00142,Maanav,Mani,Male,1992-11-14
E00143,Anika,Buch,Female,1979-07-12
E00144,Chaitaly,Lanka,Male,1986-08-18
E00145,Forum,Memon,Male,1977-09-25
E00146,Geetika,Salvi,Female,1987-05-28
E00147,Aachal,Zacharia,Male,1997-11-28
E00148,Sudiksha,Oommen,Male,1991-07-04
E00149,Jalsa,Bhargava,Female,1998-11-21
E00150,Ikbal,Kibe,Male,1986-04-11
E00151,Upkaar,Dubey,Female,1986-09-04
E00152,Kashish,Kulkarni,Male,1985-03-03
E00153,Ishwar,Jha,Female,1967-04-27
E00154,Neel,Raman,Female,1973-12-04
E00155,Anusha,Dugal,Male,1965-01-28
E00156,Viraj,Pant,Female,2001-10-08
E00157,Nathan,Zacharia,Female,1964-08-28
E00158,Maanav,Tripathi,Male,1979-07-06
E00159,Fiyaz,Divan,Male,1984-12-20
E00160,Yuvraj,Maharaj,Female,1972-04-08
E00161,Aadi,Sarma,Male,1975-06-05
E00162,Matthew,Mander,Male,1980-04-03
E00163,Isaac,Srinivasan,Male,1980-03-27
E00164,Isaiah,Rama,Male,1986-08-30
E00165,Vinaya,Mandal,Female,1975-07-27
E00166,Brijesh,Dash,Female,1974-06-20
E00167,Noah,Bhakta,Female,1962-08-17
E00168,Jalsa,Raman,Male,1971-04-30
E00169,Megha,Vala,Male,1975-03-09
E00170,Fariq,Kapadia,Male,1988-08-27
E00171,Yatan,Tella,Female,1993-03-13
E00172,Gauri,Rout,Male,1987-12-30
E00173,Vincent,Bhardwaj,Female,1991-04-15
E00174,Ekani,Kapur,Female,1981-01-19
E00175,Diya,Khare,Female,1978-04-23
E00176,Nihal,Parekh,Female,1995-04-01
E00177,Avni,Chadha,Male,1966-09-14
E00178,Daniel,Shetty,Male,1986-07-12
E00179,Daksha,Ganguly,Male,1998-07-19
E00180,Rachit,Lall,Female,1988-07-31
E00181,Omaja,Venkatesh,Male,1980-09-26
E00182,Ati,Tandon,Male,1984-06-16
E00183,Krishna,Tella,Female,1994-05-09
E00184,Kashvi,Madan,Female,1981-05-06
E00185,Keya,Gera,Female,1978-02-14
E00186,Simon,Yadav,Male,1966-05-17
E00187,Siya,Nayak,Female,1980-10-17
E00188,Pushti,Bera,Female,1986-04-15
E00189,Ayush,Modi,Male,1996-04-21
E00190,Barkha,Saini,Male,1990-07-20
E00191,Falak,Vala,Male,1985-12-11
E00192,Dominic,Halder,Female,1965-10-02
E00193,Gaurangi,Sawhney,Female,1972-07-16
E00194,Eshana,Sangha,Male,1973-06-13
E00195,Naksh,Sachar,Female,1994-05-29
E00196,Chakradhar,Nayar,Male,1979-10-20
E00197,Inaya,Yadav,Female,1987-04-25
E00198,Ekanta,Prabhakar,Male,1978-04-12
E00199,Rachit,Parmer,Female,1970-04-30
E00200,Anamika,Chaudhuri,Male,1975-01-09
E00201,Ishani,Srinivasan,Male,1994-04-30
E00202,Chanakya,Rajagopalan,Male,1966-12-05
E00203,Yashvi,Wable,Female,1996-11-28
E00204,Owen,Sur,Female,1988-07-05
E00205,Kamala,Sathe,Male,1982-02-14
E00206,Bachittar,Sarin,Female,1978-07-21
E00207,Ijaya,Mittal,Female,1979-08-05
E00208,Amruta,Goswami,Male,1986-12-11
E00209,Indira,Parmar,Male,1978-10-23
E00210,Nitesh,Bala,Male,1974-01-08
E00211,Lavanya,Bir,Female,1986-10-24
E00212,Aditya,Lala,Female,1972-04-21
E00213,Ayushman,Khatri,Male,1979-08-10
E00214,Yasti,Bassi,Male,1996-05-12
E00215,Xalak,Bath,Female,1978-01-09
E00216,Onveer,Sagar,Male,1989-04-16
E00217,Hitesh,Mangal,Female,1984-08-16
E00218,Faqid,Karan,Male,1989-03-29
E00219,Gagan,Golla,Male,1978-04-15
E00220,Ucchal,Mangal,Male,1976-08-12
E00221,Timothy,Sur,Female,1985-04-18
E00222,Panini,Arya,Male,1975-07-17
E00223,Leela,Chandran,Female,1977-06-20
E00224,Madhavi,Narain,Male,1989-03-02
E00225,Vidhi,Subramanian,Female,1982-04-09
E00226,Azaan,Toor,Female,1969-02-25
E00227,Dipta,Khanna,Female,1977-05-12
E00228,Deepa,Kari,Male,1978-06-17
E00229,Gavin,Sankar,Female,1981-09-12
E00230,Rachit,Acharya,Male,1988-06-17
E00231,Samesh,Padmanabhan,Male,1988-03-11
E00232,Rehaan,Prabhakar,Female,1975-05-06
E00233,Chanchal,Sathe,Male,1970-01-29
E00234,Warjas,Jain,Female,1979-07-29
E00235,Urishilla,Gulati,Male,1987-02-07
E00236,Ekta,Mangat,Male,1988-04-24
E00237,Irya,Bhalla,Male,1975-12-11
E00238,Yash,Ranganathan,Female,1989-08-02
E00239,Eiravati,Dhingra,Male,1968-04-28
E00240,Shivansh,Bajaj,Male,1962-07-10
E00241,Zarna,Dewan,Female,1992-09-15
E00242,Vrinda,Mand,Male,1993-05-01
E00243,Bakhshi,Vohra,Female,1992-04-05
E00244,Aryan,Ranganathan,Male,1981-01-21
E00245,Urishilla,Shenoy,Female,1968-08-29
E00246,Jeremiah,Parmar,Male,1979-03-07
E00247,Abeer,Badal,Male,1997-02-24
E00248,Yashvi,Bandi,Female,1988-10-01
E00249,Ganga,Khanna,Male,1983-08-01
E00250,Vidhi,Naik,Male,1983-09-26
E00251,Gagan,Deshmukh,Female,1993-12-15
E00252,Hemal,Vyas,Male,1992-10-24
E00253,Balvan,Kari,Female,1978-08-30
E00254,Dayamai,Balasubramanian,Male,1977-03-10
E00255,Udant,Pant,Male,1967-05-01
E00256,Aradhana,Dhar,Female,1986-08-08
E00257,Yamini,Rana,Male,1989-09-06
E00258,Charan,Mutti,Male,1970-02-08
E00259,Yauvani,Bandi,Male,1989-04-27
E00260,Girish,Dubey,Female,1981-03-15
E00261,Banjeet,Raghavan,Female,1987-05-21
E00262,Lavanya,Kari,Male,1984-08-30
E00263,Deepa,Saha,Female,1977-02-18
E00264,Aryan,Pall,Male,1989-07-16
E00265,Diya,Nagarajan,Female,1989-06-28
E00266,Sneha,Din,Male,1974-06-25
E00267,Daksha,Bahl,Male,1982-10-03
E00268,Bhanumati,Khalsa,Female,1982-03-20
E00269,Vincent,Bose,Female,1972-06-10
E00270,Chaitaly,Bose,Female,1987-05-28
E00271,Idika,Gola,Male,1994-07-20
E00272,Pallavi,Nigam,Male,1982-01-29
E00273,Eesha,Balan,Female,1993-08-23
E00274,Omya,Ray,Female,1981-12-18
E00275,Amruta,Vaidya,Female,1973-06-12
E00276,Dev,Krishnamurthy,Male,1977-03-25
E00277,Elijah,Dar,Male,1980-10-20
E00278,Unni,Shere,Male,1996-05-01
E00279,Zashil,Shetty,Male,1994-05-24
E00280,Indali,Jayaraman,Female,1972-11-14
E00281,Chavvi,Oza,Male,1980-07-30
E00282,Ishani,Issac,Female,1991-03-08
E00283,Simon,Hora,Male,1983-03-16
E00284,Hardik,Chandra,Female,1981-07-10
E00285,Indira,Mohanty,Male,1971-08-03
E00286,Qabil,Seshadri,Male,1983-08-09
E00287,Ira,Malhotra,Male,1972-08-12
E00288,Faris,Zachariah,Male,1990-07-17
E00289,Vivaan,Shanker,Female,1979-04-29
E00290,Bhavna,Deol,Male,1989-12-10
E00291,Chanchal,Bassi,Male,1975-04-29
E00292,Arunima,Ramesh,Female,1996-03-08
E00293,Tristan,Kulkarni,Female,1986-02-19
E00294,Yutika,Bumb,Female,1986-02-13
E00295,Dayamai,Kothari,Male,1984-12-11
E00296,Gagan,Balakrishnan,Female,1980-07-02
E00297,Daksha,Gokhale,Female,1980-05-24
E00298,Udarsh,Varma,Male,1980-01-18
E00299,Aradhana,Swaminathan,Female,1992-08-30
E00300,Advika,Mane,Female,1977-09-25
E00301,Frederick,Sandhu,Female,1979-01-03
E00302,Vamakshi,Bains,Male,1981-03-26
E00303,Chameli,Buch,Male,1982-10-23
E00304,Imaran,Chada,Male,1980-01-21
E00305,Alexander,Pillay,Female,1981-04-14
E00306,Nisha,Naidu,Male,1990-07-22
E00307,Manan,Thakur,Female,1987-03-13
E00308,Christopher,Jayaraman,Female,1977-05-27
E00309,Kamya,Bhargava,Female,1978-11-10
E00310,Nicholas,Yohannan,Male,1988-03-25
E00311,Lavanya,Bansal,Male,1993-08-22
E00312,Rehaan,Roy,Male,2001-04-16
E00313,Balvan,Mohanty,Male,1986-03-20
E00314,Vidhi,Ramakrishnan,Male,1990-09-28
E00315,Nitara,Thaman,Female,1991-07-16
E00316,Azaan,Ranganathan,Male,1984-08-27
E00317,Dayamai,Chaudhari,Female,1979-11-13
E00318,Dhriti,Prasad,Female,1986-09-23
E00319,Jalsa,Mangat,Male,1982-10-21
E00320,Gautam,Zacharia,Female,1977-12-25
E00321,Kamya,Mand,Female,1981-10-27
E00322,Ryan,Krishnan,Male,1999-03-21
E00323,Balhaar,Oak,Female,1985-02-13
E00324,Chameli,Bobal,Male,1986-10-01
E00325,Turvi,Raj,Female,1980-06-06
E00326,Falguni,Korpal,Male,1988-03-19
E00327,Arunima,Yohannan,Male,1994-05-19
E00328,Yashvi,Seth,Female,1985-12-14
E00329,Zehaan,Nadkarni,Female,1971-12-04
E00330,Maya,Rai,Female,1969-01-10
E00331,Yatin,Narayan,Male,1981-06-06
E00332,Udant,Narayanan,Male,1980-04-21
E00333,Ekiya,Chaudhuri,Male,2000-01-12
E00334,Harita,Anne,Female,1980-12-18
E00335,Panini,Chatterjee,Female,1969-10-19
E00336,Max,Tara,Male,1994-11-19
E00337,Alexander,Samra,Male,1965-02-23
E00338,Janani,Dhar,Male,1976-08-27
E00339,Indira,Mitter,Male,1991-06-30
E00340,Jasmit,Nori,Female,1996-02-14
E00341,Krisha,Vig,Female,1967-03-25
E00342,Lucky,Korpal,Female,1982-05-06
E00343,Qadim,Iyengar,Female,1973-05-21
E00344,Kritika,Rajagopalan,Female,1971-11-24
E00345,Yachana,Sarin,Male,1977-05-22
E00346,Mitesh,Walia,Male,1986-04-21
E00347,Yashoda,Warrior,Male,1993-02-25
E00348,Lakshmi,Kulkarni,Female,1989-11-27
E00349,Rudra,Shan,Female,1970-06-08
E00350,Kai,Krishnamurthy,Female,1971-12-16
E00351,Krish,Taneja,Female,1999-04-29
E00352,Rajata,Chakraborty,Female,1989-05-23
E00353,Ranveer,Johal,Female,1986-09-30
E00354,Watika,Bhatti,Female,1973-01-14
E00355,Andrew,Gulati,Female,1996-02-12
E00356,Laban,Ben,Male,1972-11-19
E00357,Faqid,Dhingra,Male,1988-07-18
E00358,Raagini,Ahuja,Male,1976-02-13
E00359,Aditya,Subramanian,Male,1975-08-15
E00360,Anamika,Grover,Female,1991-09-02
E00361,Bhavya,Kalla,Female,1997-06-09
E00362,Naksh,Korpal,Male,1987-01-30
E00363,Hitesh,Behl,Male,1981-07-26
E00364,Jagat,Rajagopalan,Male,1963-09-11
E00365,Saumya,Nadkarni,Female,1981-07-30
E00366,Ubika,Modi,Male,1993-04-10
E00367,Girish,Subramanian,Female,1989-04-16
E00368,Kiaan,Prashad,Female,1967-09-01
E00369,Jason,Kapur,Female,1995-04-17
E00370,Rehaan,Agarwal,Female,1990-09-15
E00371,Dakshesh,Bora,Male,1987-01-07
E00372,Sai,Chhabra,Female,1977-07-23
E00373,Priya,Reddy,Male,1971-11-08
E00374,Vivaan,Raghavan,Female,1980-03-30
E00375,Bahadurjit,Chadha,Female,1965-03-12
E00376,Qasim,Bora,Female,1989-05-23
E00377,Neelima,Sinha,Male,1985-07-13
E00378,Tristan,Batra,Male,1976-05-02
E00379,Turvi,Virk,Female,1981-10-05
E00380,Varsha,Dua,Female,1971-10-14
E00381,Anthony,Chacko,Female,1981-11-18
E00382,Azad,Kamdar,Male,1971-08-30
E00383,Fariq,Subramaniam,Male,1993-07-29
E00384,Madhavi,Nagar,Male,1981-07-06
E00385,Vasatika,Ray,Male,1968-04-05
E00386,Zaitra,Gokhale,Female,1968-03-24
E00387,Kabir,Khanna,Female,1989-08-15
E00388,Varsha,Mohan,Female,1982-07-16
E00389,Pooja,Mann,Female,1973-02-23
E00390,Eshana,Sachar,Female,1981-01-25
E00391,Rajata,Arora,Female,1991-08-16
E00392,Praneel,Baria,Male,1989-10-03
E00393,Wriddhish,Shanker,Male,1982-04-21
E00394,Maanav,Nagarajan,Female,1993-05-03
E00395,Chandran,Nayak,Female,1989-08-25
E00396,Om,Jain,Male,1988-11-26
E00397,Omkaar,Ratta,Male,1973-06-28
E00398,Owen,Banik,Female,1984-02-10
E00399,Ayush,Gokhale,Male,1987-02-15
E00400,Zehaan,Soman,Male,1987-06-22
E00401,Inaya,Grewal,Female,1983-06-06
E00402,Oliver,Hora,Female,1989-02-19
E00403,Gauri,Nigam,Male,1981-08-01
E00404,Pranav,Soman,Male,2002-10-04
E00405,Gautami,Saraf,Female,1987-01-29
E00406,Unnati,Bera,Male,1989-05-18
E00407,Anita,Bhatti,Female,1985-08-20
E00408,Chatura,Mital,Male,1982-05-18
E00409,Dominic,Parmer,Female,1984-09-03
E00410,Chaitanya,Cheema,Male,1993-03-13
E00411,Bhavna,Saraf,Female,1989-10-04
E00412,Wyatt,Mitra,Female,1993-08-18
E00413,Amol,Pingle,Female,1982-07-03
E00414,Falguni,Yogi,Female,1979-06-28
E00415,Yagnesh,Lal,Female,1989-08-05
E00416,Nachiket,Seshadri,Male,1990-01-01
E00417,Falak,Mani,Female,1989-10-03
E00418,Turvi,Suri,Female,1991-02-12
E00419,Aashi,Mital,Male,2001-01-30
E00420,Simon,Rajagopal,Male,1983-06-27
E00421,Yash,Ravel,Male,1969-07-12
E00422,Kritika,Dayal,Male,1981-09-29
E00423,Oni,Gera,Male,1988-04-26
E00424,Naveen,Kumar,Male,1969-04-04
E00425,Hemal,Varty,Male,1988-09-16
E00426,Krishna,Anand,Male,1992-10-06
E00427,Yoshita,Merchant,Female,1984-05-18
E00428,Adya,Bhatti,Female,1976-11-11
E00429,Jacob,Upadhyay,Male,1984-10-24
E00430,Priya,Shukla,Male,1993-07-04
E00431,Raksha,Minhas,Female,1984-06-13
E00432,Saanvi,Padmanabhan,Male,1974-02-08
E00433,Sathvik,Mallick,Female,1990-07-10
E00434,Yasti,Bhagat,Female,1982-08-05
E00435,Shivani,Hegde,Male,2000-02-22
E00436,Damini,Jaggi,Male,1972-09-03
E00437,Kashvi,Pant,Female,1970-10-31
E00438,Triveni,Rai,Male,1989-07-01
E00439,Daksha,Wable,Male,1992-06-23
E00440,Divya,Chaudhari,Male,1974-09-14
E00441,Fitan,Kalita,Male,1997-05-14
E00442,Frado,Kari,Female,1986-02-06
E00443,Urvi,Aggarwal,Female,1989-01-22
E00444,Jhalak,Balakrishnan,Female,1993-07-15
E00445,Nimrat,Sandal,Female,1980-05-12
E00446,Gautami,Nadkarni,Female,1995-06-25
E00447,Advay,Uppal,Male,1990-07-27
E00448,Shaurya,Ratta,Female,1978-05-09
E00449,Banjeet,Konda,Male,1986-09-20
E00450,Upma,Shukla,Female,1975-10-27
E00451,Anvi,Babu,Female,1977-07-09
E00452,Nimrat,Korpal,Female,1997-06-29
E00453,Kavya,Parmer,Male,1973-02-03
E00454,Fitan,Balakrishnan,Female,1986-06-17
E00455,George,Soman,Male,1999-10-17
E00456,Aarnav,Shah,Male,1978-04-08
E00457,Teerth,Goda,Female,1995-08-05
E00458,Hardik,Khanna,Male,1998-10-29
E00459,Vrinda,Dora,Female,1987-04-05
E00460,Jairaj,Khare,Male,1994-06-28
E00461,Waida,Sunder,Male,1977-12-13
E00462,Aarnav,Setty,Female,1994-11-12
E00463,Theodore,Chanda,Male,1979-07-14
E00464,Pranav,Guha,Male,1967-06-07
E00465,Abeer,Dhar,Male,1981-07-29
E00466,Orinder,Narasimhan,Male,1994-04-14
E00467,Nihal,Mannan,Male,1977-06-09
E00468,Reva,Sharma,Female,1985-03-12
E00469,Osha,Balay,Female,1982-09-06
E00470,Bakhshi,Jani,Male,1994-07-09
E00471,Arin,Zachariah,Male,1983-09-15
E00472,Chaitaly,Mody,Female,1989-05-07
E00473,Charles,Sanghvi,Female,1965-08-11
E00474,Zayan,Banik,Male,2000-02-14
E00475,Agastya,Iyengar,Female,1984-10-15
E00476,Unni,Prakash,Male,1990-09-16
E00477,Inaya,Deshmukh,Male,1987-11-27
E00478,Manan,Lata,Female,1986-02-09
E00479,Lakshmi,Vora,Male,1981-12-25
E00480,Vrinda,Mane,Male,1992-01-10
E00481,Balveer,Modi,Female,1988-05-22
E00482,Devansh,Ratti,Female,1983-10-01
E00483,Hemangini,Sidhu,Female,1982-05-04
E00484,Neel,Chada,Male,1972-03-11
E00485,Mugdha,Basak,Female,1985-07-21
E00486,Orinder,Arya,Male,1990-07-15
E00487,Yashvi,Karan,Female,1968-11-16
E00488,Siya,Narain,Male,1988-07-13
E00489,Varsha,Raj,Female,1980-11-13
E00490,Nikita,Basu,Male,1972-03-15
E00491,Girindra,Banik,Male,1986-12-05
E00492,Baljiwan,Ganesh,Male,1988-07-07
E00493,William,Bobal,Male,1980-03-21
E00494,Nisha,Chadha,Female,1989-10-16
E00495,Samarth,Chakrabarti,Male,1987-08-21
E00496,Anmol,Ben,Female,1994-11-20
E00497,Tanveer,Johal,Female,1992-06-15
E00498,Victor,Saraf,Male,2000-03-03
E00499,Ishanvi,Andra,Male,1990-03-04
E00500,Gautami,Babu,Female,1980-06-22
E00501,Nitara,Madan,Male,1985-01-17
E00502,Arin,Khanna,Female,1985-11-01
E00503,Ekanta,Menon,Female,1976-11-29
E00504,Simon,Bali,Female,1990-07-21
E00505,Rachita,Vohra,Female,1995-05-23
E00506,Yutika,Kapoor,Male,1964-12-04
E00507,Nathaniel,Krishna,Male,2000-03-13
E00508,Dayamai,Panchal,Female,1993-03-08
E00509,Aahana,Keer,Female,1984-12-22
E00510,Robert,Yohannan,Male,1991-09-11
E00511,Janya,Handa,Male,1988-07-02
E00512,Oscar,Mandal,Male,1982-12-08
E00513,Riya,Kota,Male,1971-05-06
E00514,Oviya,Kapur,Male,1978-07-11
E00515,Ira,Merchant,Female,1982-05-19
E00516,Isaiah,Soman,Male,1992-02-13
E00517,Zansi,Kar,Male,1983-01-02
E00518,Oeshi,Kota,Male,1985-02-10
E00519,Unni,Yadav,Male,1983-08-27
E00520,Ekta,Bhat,Male,1982-05-15
E00521,Zaid,Cherian,Female,1981-01-25
E00522,Krishna,Rastogi,Male,1991-11-22
E00523,Yachana,Pall,Male,2002-05-04
E00524,Jeevika,Misra,Male,1984-02-25
E00525,Laksh,Nori,Female,1996-10-18
E00526,Bhavini,Memon,Female,1978-11-17
E00527,Pallavi,Upadhyay,Male,1998-09-06
E00528,Radha,Koshy,Female,1979-05-08
E00529,Henry,Sant,Female,1998-01-11
E00530,Gabriel,Murthy,Male,1980-04-04
E00531,Hamsini,Zachariah,Male,1996-04-27
E00532,Anay,Mutti,Female,1984-05-03
E00533,Harita,Loyal,Male,1997-03-17
E00534,Yauvani,Choudhry,Male,1997-07-15
E00535,Vansha,Dugar,Male,1974-03-24
E00536,Ekaja,Thakur,Male,1985-07-23
E00537,Tejas,Kibe,Female,1989-03-24
E00538,Inaya,Ramachandran,Male,1981-05-31
E00539,Ekiya,Rege,Female,1989-12-24
E00540,Udarsh,Dayal,Male,1995-01-28
E00541,Balhaar,Patla,Male,1985-07-01
E00542,Yasti,Kapadia,Female,1976-12-16
E00543,Ayaan,Chada,Male,2000-03-04
E00544,Pranav,Dhillon,Male,1992-05-16
E00545,Zayyan,Brahmbhatt,Female,1989-03-08
E00546,Yug,Bajaj,Male,1979-09-06
E00547,Bhavya,Deshmukh,Female,1993-11-25
E00548,Vanya,Dada,Female,1977-03-06
E00549,Dayita,Subramanian,Male,1980-11-02
E00550,Darpan,Sanghvi,Male,1989-05-21
E00551,Rehaan,Gour,Male,1985-08-22
E00552,Ayush,Jha,Male,1989-11-05
E00553,Alka,Butala,Female,1993-05-02
E00554,Keya,Sinha,Male,1982-12-06
E00555,Mitesh,Raghavan,Male,1991-09-14
E00556,Agastya,Kurian,Male,1988-06-23
E00557,Harsh,Sabharwal,Female,1992-12-02
E00558,Victor,Mitter,Male,1983-10-29
E00559,Faqid,Boase,Male,1985-06-13
E00560,Bimala,Sehgal,Female,1981-06-22
E00561,Hamsini,Sankar,Male,1979-02-04
E00562,Yahvi,De,Male,1996-01-15
E00563,Mohammed,Sankaran,Female,1969-10-21
E00564,Vansha,Bobal,Male,1979-08-29
E00565,Tanish,Boase,Male,1999-06-09
E00566,Yutika,Varghese,Male,1994-02-05
E00567,Nilima,Mammen,Male,1996-11-28
E00568,Alka,Raj,Female,1984-03-30
E00569,Jagrati,Kadakia,Female,1983-12-06
E00570,Dayita,Buch,Female,1991-12-25
E00571,Manbir,Ramesh,Male,1967-06-08
E00572,Vasana,Tella,Female,1991-07-12
E00573,Janya,Mani,Female,1992-10-04
E00574,Lakshmi,Bhatia,Female,1977-12-10
E00575,Rudra,Sahota,Female,1982-05-15
E00576,Kai,Mander,Male,1974-02-20
E00577,Tanmayi,Madan,Female,1977-08-08
E00578,Lucky,Kurian,Male,1969-06-23
E00579,Vritti,Dayal,Female,1993-10-01
E00580,Radhika,Soman,Female,1988-04-27
E00581,Ekiya,Buch,Male,1992-09-26
E00582,Urmi,Magar,Male,1979-03-11
E00583,Falguni,Dhaliwal,Male,1983-07-27
E00584,Odika,Soni,Female,1986-06-30
E00585,Turvi,Bhagat,Male,1990-05-05
E00586,Tanveer,Vohra,Female,1994-08-02
E00587,Laksh,Kohli,Female,1982-08-16
E00588,Ethan,Mannan,Female,1987-03-18
E00589,Noah,Sen,Male,1981-08-15
E00590,Gavin,Misra,Male,1969-11-17
E00591,Chandresh,Patil,Female,1985-07-15
E00592,Sai,Sengupta,Male,1987-07-02
E00593,Damini,Dyal,Female,1984-02-22
E00594,Vedant,Kashyap,Male,1998-10-28
E00595,Anvi,Vora,Male,1987-05-13
E00596,Lakshit,Natt,Male,1984-10-29
E00597,Devika,Krish,Male,1978-11-09
E00598,Hamsini,Dutt,Female,1973-07-23
E00599,Upasna,Parmar,Male,1977-06-24
E00600,Luke,Chana,Female,1984-03-06
E00601,Amaira,Kumar,Male,1992-04-20
E00602,Gaurangi,Tak,Female,1989-02-08
E00603,Qarin,Kata,Male,1974-03-02
E00604,Tanay,Sachar,Male,1977-07-15
E00605,Alka,Hora,Female,1994-08-13
E00606,Aditya,Patla,Male,1983-08-23
E00607,Ranbir,Sawhney,Male,1981-05-30
E00608,Eesha,Thakkar,Male,1992-08-15
E00609,Girindra,Som,Female,1978-03-20
E00610,Xalak,Yohannan,Male,1963-02-02
E00611,Bhavani,Mallick,Female,1970-09-08
E00612,Sai,Talwar,Male,2000-07-18
E00613,Udarsh,Guha,Female,1993-05-26
E00614,Forum,Kalita,Male,1974-02-12
E00615,Naksh,Singhal,Male,1998-08-12
E00616,Aarush,Bera,Male,1975-06-04
E00617,Ryan,Varghese,Female,1985-08-12
E00618,Caleb,Kadakia,Male,1978-12-30
E00619,Jagrati,Majumdar,Male,1981-11-05
E00620,William,Chaudhari,Male,1979-10-11
E00621,Gabriel,Kadakia,Female,1971-08-29
E00622,Tejas,Pillay,Female,1977-06-08
E00623,Rayaan,Bains,Male,1989-10-08
E00624,Yamini,Talwar,Male,1982-05-29
E00625,Urvashi,Viswanathan,Female,1970-09-21
E00626,Edhitha,Thaker,Male,1996-03-29
E00627,Ladli,Setty,Female,1989-02-23
E00628,Daksh,Bedi,Male,1962-08-14
E00629,Dayita,Kara,Female,1997-02-24
E00630,Chakrika,Chadha,Female,1994-06-26
E00631,Gautami,Lalla,Female,1976-07-21
E00632,Priya,Mishra,Male,1994-10-03
E00633,Falguni,Mistry,Male,1999-08-21
E00634,Sai,Sanghvi,Male,1986-08-23
E00635,Pranit,Vala,Male,1989-06-22
E00636,Elijah,Mutti,Male,1977-11-07
E00637,Bakhshi,Sandhu,Female,1988-07-15
E00638,Nikita,Koshy,Male,1986-11-28
E00639,Zashil,Sengupta,Male,1995-11-23
E00640,Dayita,Atwal,Male,1983-05-02
E00641,Samesh,Sahota,Male,1992-01-20
E00642,Vansha,Rajan,Female,1974-06-11
E00643,Darika,Kalla,Male,1998-04-10
E00644,Ekbal,Chopra,Male,1989-06-01
E00645,Ikshita,Varkey,Male,1976-01-04
E00646,Arjun,Khurana,Male,1992-06-03
E00647,Balvan,Bhat,Male,1980-02-08
E00648,Ubika,Nayar,Male,1971-07-22
E00649,Idika,Bedi,Male,2000-03-24
E00650,Ethan,Chowdhury,Male,1983-01-01
E00651,Aarini,Din,Male,1984-06-30
E00652,Yash,Sangha,Female,1972-09-10
E00653,Kamala,Sha,Female,1979-01-09
E00654,Urishilla,Thakkar,Male,1997-03-04
E00655,Tripti,Sama,Female,1978-09-20
E00656,Hemang,Karan,Female,1985-05-31
E00657,Chandani,Guha,Male,1991-05-11
E00658,Samar,Oommen,Female,1983-11-25
E00659,Kala,Pal,Male,1995-06-24
E00660,Idika,Pathak,Female,1978-06-21
E00661,Vasatika,Sengupta,Female,1987-11-10
E00662,Pushti,Som,Male,1979-12-15
E00663,Triveni,Wable,Male,1996-05-06
E00664,Unni,Tripathi,Female,1992-07-28
E00665,Jairaj,Singh,Male,1974-08-10
E00666,Chandran,Thakur,Male,1993-10-26
E00667,Champak,Das,Male,1975-03-07
E00668,Bhavani,Babu,Female,1989-01-25
E00669,Ronith,Chahal,Male,1986-08-21
E00670,Ekiya,Tata,Female,1989-03-21
E00671,Aryan,Bail,Male,1986-09-28
E00672,Wahab,Butala,Male,1982-07-15
E00673,Nidra,Sawhney,Male,1988-10-08
E00674,Jagrati,Yadav,Female,1978-12-12
E00675,Yachana,Subramaniam,Male,1996-11-29
E00676,Farhan,Mallick,Female,1991-06-08
E00677,Yug,Nagarajan,Male,1985-08-26
E00678,Vansha,Nagar,Male,1994-02-28
E00679,Mitesh,Halder,Male,1986-04-06
E00680,Idika,Varty,Female,1973-04-01
E00681,Amara,Chokshi,Male,1987-06-15
E00682,Ayush,Pall,Male,1989-10-07
E00683,Yug,Manda,Male,1990-08-30
E00684,Nilima,More,Female,1998-04-25
E00685,Chanakya,Gokhale,Female,1987-12-06
E00686,Aditya,Bhavsar,Male,1991-05-04
E00687,Daksha,Soman,Female,1986-01-06
E00688,Madhav,Barad,Female,1984-04-28
E00689,Ekanta,Hora,Male,1970-02-09
E00690,Eta,Sama,Male,1979-12-16
E00691,Jagrati,Sampath,Female,1997-04-04
E00692,Yuvraj,Babu,Male,1978-06-25
E00693,Jonathan,Yogi,Male,1984-05-30
E00694,Ekapad,Bala,Male,1973-04-29
E00695,Gunbir,Mane,Male,1980-06-03
E00696,Maanav,Agate,Female,1984-12-28
E00697,Aditya,Kapur,Female,1991-01-20
E00698,Pushti,Modi,Female,1993-04-14
E00699,Hemang,Bains,Female,1970-01-12
E00700,Ucchal,Pandit,Female,1981-06-20
E00701,Warjas,Shanker,Female,1979-04-28
E00702,Krish,Parmar,Female,1981-09-07
E00703,Hemang,Goyal,Male,1974-07-05
E00704,Yamini,Sabharwal,Male,1981-02-20
E00705,Pranav,Tripathi,Female,1984-10-17
E00706,Anita,Tak,Male,1979-10-20
E00707,Avi,Sani,Male,1985-09-28
E00708,Nikita,Rout,Male,1985-04-14
E00709,Rajeshri,Kannan,Male,1962-10-24
E00710,Jeremiah,Gour,Male,1982-05-30
E00711,Vidhi,Bhatti,Female,1978-11-13
E00712,Rishi,Shan,Male,1976-06-23
E00713,Joshua,Raghavan,Male,1977-07-18
E00714,Yochana,Dugar,Male,1979-02-27
E00715,Harinakshi,Maharaj,Male,1984-01-07
E00716,Anthony,Toor,Male,2001-08-21
E00717,Rohan,Shenoy,Male,1994-12-04
E00718,Kabir,Chanda,Male,1998-04-26
E00719,Bhavna,Narayan,Female,1973-08-03
E00720,Sneha,Vala,Male,1988-03-09
E00721,Ayushman,Butala,Male,1991-03-24
E00722,Aishani,Setty,Male,1989-01-14
E00723,Chakradhar,Badami,Female,1990-09-14
E00724,Wahab,Patel,Male,1997-02-17
E00725,Rajata,Ram,Male,1976-10-06
E00726,Tripti,Palan,Male,1974-05-04
E00727,Samuel,Ganguly,Male,1974-09-09
E00728,Saksham,Merchant,Male,1997-02-10
E00729,Shivansh,Verma,Male,1998-07-30
E00730,Jack,Andra,Male,1985-08-07
E00731,Sai,Andra,Male,1985-05-25
E00732,Imaran,Contractor,Male,1969-09-09
E00733,Anika,Baria,Female,2000-04-27
E00734,Rayaan,Bala,Female,1981-09-24
E00735,Pushti,Warrior,Male,1984-05-25
E00736,Bachittar,Rege,Male,1984-06-21
E00737,Odika,Chand,Female,1981-06-17
E00738,Tara,Bir,Male,1987-05-11
E00739,Siddharth,Mane,Female,1987-06-20
E00740,Kabir,Mangat,Male,1980-10-22
E00741,Omkaar,Walia,Female,1987-05-25
E00742,Wridesh,Chadha,Male,1980-08-05
E00743,Lakshit,Bassi,Female,1979-11-01
E00744,Sathvik,Khanna,Female,1990-05-29
E00745,Mitali,Balasubramanian,Male,1977-01-08
E00746,Wyatt,Prabhakar,Male,1974-02-16
E00747,Neha,Suri,Male,1991-12-30
E00748,Zinal,Krishnamurthy,Female,1981-09-16
E00749,Akshay,Sathe,Male,1980-03-30
E00750,Ishaan,Nagi,Female,1982-05-29
E00751,Mohini,Pillay,Female,1987-01-14
E00752,Advika,Mukhopadhyay,Male,1983-11-26
E00753,Rohan,Sharma,Female,1971-04-05
E00754,Ucchal,Agrawal,Male,1976-06-28
E00755,Sudiksha,Lalla,Female,1965-05-09
E00756,Kashvi,Seshadri,Male,1977-01-01
E00757,Yasti,Keer,Male,1978-11-11
E00758,Omya,Rastogi,Male,1983-07-15
E00759,Devika,Rout,Male,1966-11-05
E00760,Divya,Pandey,Female,1980-10-29
E00761,Isha,Mangat,Male,1995-03-24
E00762,Panini,Guha,Male,1962-09-30
E00763,Frado,Krishnamurthy,Male,1988-11-04
E00764,Nihal,Rajagopalan,Male,1983-08-04
E00765,Onveer,Oza,Female,1978-02-06
E00766,Ranveer,Grewal,Female,1995-08-31
E00767,Ekanta,Chaudhary,Female,1988-03-27
E00768,Yoshita,Roy,Female,1999-10-12
E00769,Inaya,Dutt,Male,1995-12-14
E00770,Aadhya,Hegde,Female,1996-09-24
E00771,Upasna,Tripathi,Female,1978-05-12
E00772,Harini,Murthy,Male,1975-08-15
E00773,Nisha,Ramakrishnan,Male,2000-12-19
E00774,Upadhriti,Nath,Female,1988-10-23
E00775,Darika,Dalal,Male,1995-12-09
E00776,Watika,Jain,Male,1969-11-14
E00777,Abhimanyu,Sachar,Female,1997-07-18
E00778,Ronith,Chaudhary,Male,1993-06-01
E00779,Lavanya,Kalla,Female,1991-06-17
E00780,Chakradhar,Dalal,Female,1986-06-07
E00781,Warjas,Nagi,Female,1984-02-26
E00782,Ishaan,Bumb,Female,1976-06-18
E00783,Veda,Ganguly,Female,1990-03-04
E00784,Guneet,Tiwari,Female,1988-10-11
E00785,Chandresh,Mohan,Male,1995-10-21
E00786,Nisha,Gola,Female,1985-12-26
E00787,Shivani,Venkataraman,Female,1987-08-21
E00788,Megha,Ramaswamy,Female,1991-07-25
E00789,Hredhaan,Ghose,Male,1994-03-31
E00790,Ishwar,Hayre,Male,1972-08-05
E00791,Chasmum,Narasimhan,Male,1988-03-14
E00792,Veda,Mistry,Male,1972-12-18
E00793,Nathaniel,Dora,Female,1986-02-27
E00794,Vasudha,Chakraborty,Female,1973-09-18
E00795,Ucchal,Uppal,Male,1992-04-29
E00796,Alexander,Prabhakar,Male,1988-10-16
E00797,Charita,Mallick,Female,1978-11-15
E00798,Raagini,Nair,Male,1985-06-23
E00799,Anay,Iyengar,Female,1993-04-07
E00800,Deepa,Banik,Female,1985-11-25
E00801,Vincent,Ahuja,Female,1987-12-18
E00802,Chatura,Sundaram,Female,1995-08-23
E00803,Jagrati,Halder,Female,1993-02-06
E00804,Mekhala,Jain,Male,1984-01-04
E00805,Yachana,Baria,Male,1981-08-07
E00806,Adya,Chaudhuri,Male,1990-05-15
E00807,Yatin,Agrawal,Female,1989-09-21
E00808,Shravya,Bora,Male,1984-06-10
E00809,Chandresh,Keer,Male,1988-10-15
E00810,Meghana,Kurian,Male,1978-12-02
E00811,Guneet,Rau,Female,1993-08-31
E00812,Rachana,Kamdar,Male,1993-04-12
E00813,Aarnav,Sekhon,Male,1978-06-09
E00814,Udarsh,Yohannan,Male,2000-05-24
E00815,Raghav,Sood,Male,1981-05-02
E00816,Daksh,Sathe,Female,1981-01-25
E00817,Anika,Kapoor,Male,1974-10-18
E00818,Amaira,Krish,Male,1991-02-04
E00819,Aarush,Chana,Female,1979-01-08
E00820,Wishi,Yohannan,Male,2002-09-25
E00821,Jonathan,Contractor,Female,1989-09-20
E00822,Anay,Varty,Male,1980-10-03
E00823,Idika,Oak,Female,1994-03-09
E00824,Shivani,Rastogi,Male,1990-10-29
E00825,Ayushman,Suresh,Male,1968-02-11
E00826,Oviya,Buch,Male,1999-05-09
E00827,Pavani,Bhakta,Female,1995-06-16
E00828,Hemangini,Sarkar,Male,1993-05-17
E00829,Oliver,Gade,Male,1990-12-03
E00830,Elijah,Hans,Male,1986-07-01
E00831,Girish,Banerjee,Male,2001-12-05
E00832,Madhav,Arora,Female,1979-04-04
E00833,Udyati,Nigam,Male,1992-10-14
E00834,Reyansh,Pillay,Female,1994-08-24
E00835,Avi,Saxena,Male,1994-06-06
E00836,Imaran,Dhawan,Female,1996-01-17
E00837,Kabir,Venkataraman,Female,1981-11-20
E00838,Lohit,Hans,Female,1988-08-18
E00839,Irya,Dar,Female,1986-07-15
E00840,Pushti,Kata,Male,1993-11-22
E00841,Maya,Mannan,Male,1977-03-29
E00842,Ira,Varma,Female,1979-10-17
E00843,Eta,Badami,Male,1979-06-14
E00844,Ishani,Warrior,Female,1973-06-17
E00845,Yug,Sachdev,Female,1966-01-22
E00846,Bahadurjit,Choudhary,Female,1977-07-23
E00847,Ekanta,Bhardwaj,Female,1995-02-26
E00848,Tristan,Borde,Male,1992-09-14
E00849,Kabir,Hari,Female,1974-09-30
E00850,Mitali,Gaba,Male,1990-10-18
E00851,Chatura,Sane,Male,1996-12-28
E00852,Saumya,Chaudhuri,Male,1998-07-15
E00853,Teerth,Murty,Male,1995-11-02
E00854,Avni,Chada,Female,1989-03-09
E00855,Bhavika,Soni,Male,1973-01-21
E00856,Eesha,Gandhi,Female,1977-11-28
E00857,Xalak,Khurana,Female,1979-06-25
E00858,Sneha,Chhabra,Male,1979-11-23
E00859,Qarin,Srinivas,Female,1984-09-17
E00860,Ethan,Sandal,Male,1990-10-13
E00861,Sai,Ben,Male,1979-01-18
E00862,Yochana,Ganguly,Male,1969-09-27
E00863,Ishani,Kalita,Female,1973-07-07
E00864,Zansi,Sathe,Male,1977-11-18
E00865,Zayyan,Lad,Female,1974-09-25
E00866,Nilima,Chacko,Female,1991-10-05
E00867,Omaja,Acharya,Male,1976-03-08
E00868,Bishakha,Kara,Male,1997-08-07
E00869,Brinda,Lad,Male,1997-01-08
E00870,Pranav,Shere,Male,1983-08-12
E00871,Max,Kunda,Male,1996-11-28
E00872,Rohan,Doshi,Female,1983-08-09
E00873,Widisha,Choudhry,Male,1999-03-25
E00874,Osha,Halder,Male,1974-07-15
E00875,Idika,Kulkarni,Male,2000-03-30
E00876,Waida,Rai,Female,1983-10-03
E00877,Reyansh,Singh,Female,1982-03-11
E00878,Harish,Prasad,Female,1985-02-06
E00879,Odika,Sunder,Female,1988-09-09
E00880,Gagan,Oza,Male,1974-06-02
E00881,Radha,Panchal,Female,1987-09-27
E00882,Harrison,Buch,Male,1971-12-23
E00883,Lekha,Goel,Female,1993-02-03
E00884,Ekta,Gara,Female,1978-12-16
E00885,Jai,Doshi,Male,1989-07-28
E00886,Panini,Ghose,Male,1979-09-03
E00887,Daksha,Sagar,Male,1989-04-16
E00888,Qushi,Jayaraman,Male,1990-05-26
E00889,Dayita,Rege,Female,1972-07-03
E00890,Qabil,Batta,Female,1977-11-29
E00891,Aditya,Nazareth,Female,1999-09-16
E00892,Kiaan,Ravel,Male,1992-11-07
E00893,Shivani,Majumdar,Male,1999-12-17
E00894,Dominic,Peri,Female,1982-07-23
E00895,Naveen,Bhattacharyya,Female,1992-01-09
E00896,Kabir,Saxena,Male,1993-08-08
E00897,Theodore,Kar,Female,1985-07-03
E00898,Ayaan,Setty,Male,1996-01-02
E00899,Mitali,Mitra,Male,1986-06-27
E00900,Logan,Lad,Male,1983-01-05
E00901,Janya,Loyal,Female,1988-09-13
E00902,Yatan,Ganguly,Female,1993-12-13
E00903,Omisha,Naidu,Male,1986-06-20
E00904,Ekantika,Raja,Male,1983-09-01
E00905,Harini,Sankar,Male,1986-12-21
E00906,Michael,Morar,Male,1981-06-20
E00907,Pallavi,Bassi,Male,1974-12-27
E00908,Diya,Toor,Male,1984-02-07
E00909,Eta,Rai,Male,1983-08-24
E00910,Deepa,Soni,Male,1999-03-16
E00911,Diya,Ratti,Male,1998-08-21
E00912,Vyanjana,Aggarwal,Male,1975-04-21
E00913,Onkar,Saraf,Female,1987-06-01
E00914,Reva,Sur,Male,1983-12-08
E00915,Sachi,Tak,Female,1981-02-28
E00916,Nakul,Kamdar,Male,1986-09-09
E00917,Anvi,Mutti,Female,1979-11-06
E00918,Peter,Jhaveri,Female,1970-04-07
E00919,Jacob,Shenoy,Male,1986-10-02
E00920,Faris,Suri,Female,1979-05-23
E00921,Jyoti,Vyas,Male,1987-10-19
E00922,Mohammed,Sunder,Male,1996-06-07
E00923,Sara,Ravel,Female,2000-08-24
E00924,Odika,Savant,Female,1990-09-10
E00925,Bhavna,Borde,Female,1988-08-09
E00926,Odika,Dayal,Female,1961-03-26
E00927,Reva,Deep,Female,1979-08-03
E00928,Yuvraj,Gole,Male,1987-11-29
E00929,Zaitra,Ray,Male,1979-09-29
E00930,Triveni,Boase,Male,1989-08-31
E00931,Deepa,Chhabra,Male,1981-09-02
E00932,Vidhi,Goda,Female,1992-11-27
E00933,Barkha,Chowdhury,Male,1986-05-03
E00934,Vihaan,Swaminathan,Male,1991-09-07
E00935,Urmi,Nagar,Male,1981-10-17
E00936,Umang,Kaur,Male,1981-08-26
E00937,Kavya,Vyas,Male,1987-05-23
E00938,Yochana,Bora,Female,1995-02-23
E00939,Zinal,Nayar,Female,1981-03-07
E00940,Faras,Jayaraman,Male,1981-06-06
E00941,Gautam,Bala,Female,1970-12-20
E00942,Jagdish,Zachariah,Male,1986-10-10
E00943,Lakshmi,Bajaj,Male,1969-09-06
E00944,Priya,Mistry,Male,1963-07-28
E00945,Tripti,Dugar,Male,2001-03-09
E00946,Kiaan,Badal,Female,1989-12-07
E00947,Yug,Walia,Female,1977-09-07
E00948,Charita,Ravi,Male,1979-04-06
E00949,Ekbal,Mukhopadhyay,Male,1986-04-05
E00950,Pranav,Puri,Male,1991-05-03
E00951,Ekansh,Patil,Female,1977-01-08
E00952,Neelima,Agate,Male,1968-05-08
E00953,William,Khanna,Male,1988-02-04
E00954,Jai,Sagar,Female,1983-01-07
E00955,Jason,Baral,Female,1987-03-03
E00956,Anita,Bath,Male,2001-09-27
E00957,Kamya,Buch,Male,1985-07-11
E00958,Wridesh,Modi,Male,1978-07-13
E00959,Ubika,Rau,Female,1991-07-14
E00960,Oeshi,Acharya,Male,1995-03-09
E00961,Sai,Vohra,Female,1990-08-01
E00962,Aishani,Chowdhury,Male,1998-12-28
E00963,Ishaan,Mani,Female,1984-07-03
E00964,Meera,Kapadia,Female,1967-10-05
E00965,Oviya,Magar,Female,1991-08-31
E00966,Aahana,Dyal,Male,2000-10-03
E00967,Devansh,Minhas,Male,1991-04-29
E00968,Jagvi,Bandi,Male,1981-06-14
E00969,Urmi,Nayar,Male,1999-05-11
E00970,Tanvi,Sankaran,Male,1975-06-18
E00971,Agastya,Dhaliwal,Female,1975-08-07
E00972,Yashawini,Shenoy,Male,1984-05-24
E00973,Watika,Bhatt,Female,1994-09-24
E00974,Vedika,Char,Male,1986-06-16
E00975,Varsha,Badami,Male,1989-10-31
E00976,Pranit,Badami,Male,1989-12-31
E00977,Ekanta,Sahota,Male,1967-04-09
E00978,Vasatika,Dhar,Male,1982-01-05
E00979,Bachittar,Sant,Female,1973-04-29
E00980,Damini,Balan,Female,1990-04-12
E00981,Vrinda,Palan,Female,1988-03-25
E00982,Anay,Kapadia,Female,1991-02-16
E00983,Tara,Modi,Male,1973-06-10
E00984,Girik,Dey,Female,1974-10-18
E00985,Urvi,Kaul,Female,1986-09-29
E00986,Barkha,Dubey,Female,1986-07-10
E00987,Xavier,Pingle,Male,1984-09-07
E00988,Eesha,Soni,Female,1971-12-11
E00989,Ladli,Walla,Male,1988-04-24
E00990,Oviya,Narang,Male,1991-10-24
E00991,Warda,Mohan,Female,1963-05-23
E00992,Yamini,Sridhar,Female,1971-12-16
E00993,Hritik,Biswas,Female,1991-02-08
E00994,Harinakshi,Apte,Female,1980-06-02
E00995,Azad,Keer,Female,1991-10-31
E00996,Avni,Butala,Female,1978-11-23
E00997,Simon,Sarna,Male,1992-02-12
E00998,Aradhana,Choudhry,Male,1975-06-09
E00999,Dayita,Padmanabhan,Female,2001-05-17
E01000,Yug,Boase,Female,1980-07-02
E01001,Imaran,Munshi,Female,1981-03-11
E01002,Ganga,Apte,Male,1989-02-03
E01003,Eesha,Maharaj,Female,1996-07-03
E01004,Aarini,Chadha,Male,1978-03-07
E01005,Udarsh,Narang,Male,1991-04-26
E01006,Pratyush,Khalsa,Female,1979-01-01
E01007,Lakshit,Dugar,Female,1984-04-02
E01008,Chatura,Hayer,Male,1994-05-06
E01009,Vyanjana,Narang,Female,1973-05-14
E01010,Tripti,Randhawa,Female,1992-04-17
E01011,Om,Prasad,Female,1977-12-24
E01012,Zehaan,Shenoy,Female,1987-08-20
E01013,Idika,Mammen,Female,1996-11-30
E01014,Jeevika,Chahal,Female,1992-06-17
E01015,Lipika,Prabhakar,Female,1983-11-07
E01016,Wazir,Prashad,Female,1992-10-13
E01017,Harinakshi,Rau,Female,1982-01-29
E01018,Tejas,Dhar,Male,1992-06-16
E01019,Jacob,Deep,Female,1971-09-02
E01020,Tejas,Mandal,Female,1977-04-25
E01021,Aayush,Singh,Male,1974-12-22
E01022,Finn,Bandi,Female,1980-10-21
E01023,Christopher,Mishra,Female,1992-07-30
E01024,Saksham,Bedi,Male,1982-03-19
E01025,Rushil,Bobal,Female,1985-06-22
E01026,Omya,Gopal,Male,1982-05-12
E01027,Ekanta,Ganguly,Female,1993-03-25
E01028,Harinakshi,Yohannan,Male,1979-08-15
E01029,Raagini,Chaudry,Male,1992-05-23
E01030,Praneel,Dara,Male,1980-11-03
E01031,Dayamai,Sha,Male,1987-08-01
E01032,Chaman,Doshi,Female,1994-10-29
E01033,Chameli,Krish,Female,1994-02-23
E01034,Nicholas,Dugar,Male,1969-05-30
E01035,Chaitaly,Deol,Female,1980-05-14
E01036,Simon,Mallick,Female,1976-05-12
E01037,Ekaraj,Chatterjee,Male,1998-10-08
E01038,Harini,Walla,Male,1963-03-27
E01039,Netra,Suri,Male,1979-06-01
E01040,Kai,Bose,Male,1989-11-09
E01041,Arya,Saini,Female,1990-06-21
E01042,Megha,Sawhney,Female,1997-05-19
E01043,Gautam,Natt,Female,1986-10-15
E01044,Harita,Rajagopalan,Male,1990-03-13
E01045,George,Wali,Female,1987-02-23
E01046,Azad,Deo,Female,1990-05-02
E01047,Baghyawati,Dani,Male,1989-02-22
E01048,Siddharth,Lala,Male,1974-07-04
E01049,Tanay,Gole,Male,1966-09-17
E01050,Krishna,Srinivasan,Female,1986-01-27
E01051,Onveer,Chawla,Female,1972-05-30
E01052,Baljiwan,Nayar,Female,1972-03-24
E01053,Luke,Barad,Male,1989-06-15
E01054,Raksha,Singhal,Male,1991-01-02
E01055,Dhriti,Nayar,Male,1995-05-01
E01056,Ishwar,Krishnan,Female,1979-06-17
E01057,Adya,Bath,Male,1995-10-11
E01058,Hredhaan,Doctor,Male,1974-05-29
E01059,Nilima,Mandal,Male,1969-12-15
E01060,Lila,Gokhale,Male,1988-09-26
E01061,Nirja,Jani,Female,2002-09-26
E01062,Viraj,Goel,Female,1997-06-11
E01063,Chatura,Seth,Male,1998-08-21
E01064,Ekansh,Sandhu,Female,1983-05-14
E01065,Vasudha,Tella,Female,1988-09-29
E01066,Rachit,Dua,Male,1983-10-13
E01067,Henry,Puri,Female,1983-08-13
E01068,Urvi,Sunder,Male,1983-12-22
E01069,Irya,Datta,Male,2002-11-27
E01070,Jeremiah,Ramesh,Female,1991-06-10
E01071,Saumya,Salvi,Male,1975-05-27
E01072,Bimala,Bajaj,Female,1992-08-01
E01073,Inaya,Prashad,Male,2001-02-15
E01074,Yadavi,Sule,Male,1982-09-24
E01075,Chakradev,Kalita,Female,1983-09-13
E01076,Vedant,Kade,Female,1971-11-10
E01077,Vasana,Patla,Male,1984-01-18
E01078,Ati,Maharaj,Male,1983-07-11
E01079,Thomas,Pandey,Male,1990-08-12
E01080,Gabriel,Nadig,Male,1998-04-22
E01081,Nandini,Sur,Male,1991-06-25
E01082,Azaan,Dani,Female,1984-03-19
E01083,Gagan,Bose,Female,2001-11-22
E01084,Niharika,Bath,Male,1982-11-04
E01085,Ekbal,Rajagopalan,Female,1995-01-25
E01086,Yashvi,Doshi,Female,1979-10-01
E01087,Ethan,Nadig,Male,1988-11-29
E01088,Fitan,Pandey,Female,1983-11-17
E01089,Faras,Ram,Female,1996-07-30
E01090,Lavanya,Borde,Female,1967-08-12
E01091,Lohit,Choudhary,Female,1970-09-08
E01092,Vinaya,Sagar,Female,1986-01-28
E01093,Vedant,Pal,Female,1981-04-13
E01094,Banjeet,Tailor,Male,1988-05-30
E01095,Zaid,Handa,Male,1980-11-28
E01096,Warhi,Pal,Male,1975-01-09
E01097,Indrajit,Sandhu,Male,1983-10-15
E01098,Yadavi,Merchant,Male,1982-11-10
E01099,Quincy,Ramachandran,Female,1977-04-29
E01100,Maanav,Subramaniam,Male,1969-05-16
E01101,Samar,Parsa,Male,1974-07-18
E01102,Qushi,Bath,Male,1979-03-27
E01103,Omya,Sane,Female,1979-11-08
E01104,Max,Roy,Female,1994-06-15
E01105,Vaishnavi,Bora,Female,2000-05-12
E01106,Damyanti,Dubey,Female,1977-08-22
E01107,Rachana,Dhar,Female,1980-01-04
E01108,Kritika,Atwal,Female,1980-10-10
E01109,Nakul,Prabhu,Male,1967-04-18
E01110,Megha,Dhingra,Male,1969-02-27
E01111,Nisha,Sabharwal,Male,1998-03-16
E01112,Ikbal,Parsa,Female,1995-09-03
E01113,Falak,Thaker,Female,1990-01-14
E01114,Bhavya,Batta,Male,1984-07-02
E01115,Ekbal,Pradhan,Male,1990-05-16
E01116,Arya,Gala,Female,1996-03-09
E01117,Omkaar,Memon,Female,1977-01-27
E01118,Warjas,Patla,Female,1974-03-05
E01119,Charan,Saran,Female,1979-01-28
E01120,Tara,Banerjee,Male,1998-03-13
E01121,Niharika,Kumer,Male,1984-12-07
E01122,Yachana,Chanda,Male,1988-09-14
E01123,Chakrika,Sandhu,Male,1984-03-07
E01124,Wahab,Subramanian,Male,1983-07-28
E01125,Samaksh,Chada,Male,1970-09-15
E01126,Zansi,Badami,Male,1990-04-18
E01127,Gayathri,Sandhu,Female,1983-04-25
E01128,Oni,Balan,Female,1997-11-01
E01129,Sathvik,Suri,Female,1992-01-24
E01130,Unni,Raghavan,Female,1981-08-10
E01131,Zaitra,Kalla,Male,1989-08-15
E01132,Azaan,Rao,Female,1984-01-19
E01133,Krishna,Dyal,Male,1968-10-18
E01134,Ridhi,Kaur,Female,1970-02-20
E01135,Avi,Talwar,Female,1985-12-13
E01136,Vincent,Mall,Male,1983-03-31
E01137,Owen,Sami,Male,1984-12-25
E01138,Abhimanyu,Gandhi,Female,1972-02-18
E01139,Rohan,Sinha,Female,1998-03-05
E01140,Kevin,Shenoy,Male,1971-05-11
E01141,Viraj,Parmer,Male,1989-09-07
E01142,Jai,Bajwa,Female,1995-08-02
E01143,Dalaja,Chhabra,Male,1977-03-10
E01144,Pushti,Ghosh,Male,1990-01-14
E01145,Nikita,Agarwal,Male,1985-04-09
E01146,Tristan,Naidu,Male,1986-03-17
E01147,Finn,Chander,Male,1991-07-25
E01148,Hemal,Bawa,Female,1979-08-17
E01149,Garima,Vasa,Male,1981-10-13
E01150,Ekalinga,Manne,Female,1980-05-23
E01151,Dhriti,Bora,Male,1982-12-30
E01152,Yatin,Karpe,Male,1986-01-21
E01153,Ranbir,Shroff,Male,1982-01-04
E01154,Dalbir,Parikh,Male,1990-10-10
E01155,Gavin,Som,Female,1969-07-25
E01156,Faras,Upadhyay,Male,1980-12-04
E01157,Aayush,Vig,Female,1976-07-06
E01158,Tripti,Ram,Male,1985-08-30
E01159,Qadim,Virk,Female,1990-05-09
E01160,Tanvi,Ray,Female,1973-09-09
E01161,Lajita,Dube,Female,1979-07-18
E01162,Watika,Khurana,Male,1972-09-19
E01163,Sarthak,Natt,Male,1995-08-04
E01164,Arin,Parekh,Female,1981-12-06
E01165,Mohini,Kalita,Female,1975-12-20
E01166,Ekta,Dube,Female,1997-02-28
E01167,Idika,Parikh,Female,1983-07-30
E01168,Fariq,Sandhu,Female,1985-10-12
E01169,Yachana,Sheth,Female,2000-05-16
E01170,Vedant,Srinivasan,Male,1984-11-12
E01171,Advik,Nigam,Male,1969-05-25
E01172,Ojas,Kapur,Female,1984-10-08
E01173,Tanay,Kunda,Female,1970-01-31
E01174,Bhavika,Bail,Male,1984-01-23
E01175,Anamika,Thakur,Male,1991-06-27
E01176,Charan,Kothari,Female,1986-11-16
E01177,Dev,Pai,Male,1968-01-13
E01178,Panini,Shenoy,Female,1992-08-30
E01179,Ridhi,Chhabra,Male,1995-04-14
E01180,Yochana,Mandal,Male,1984-05-31
E01181,Aashi,Venkataraman,Male,1980-03-31
E01182,Yash,Dalal,Male,1986-01-14
E01183,Megha,Bhardwaj,Male,1972-03-10
E01184,Anirudh,Mitra,Male,1973-11-18
E01185,Ayaan,Vala,Male,1979-06-15
E01186,Tanmayi,Dey,Male,1991-12-10
E01187,Mugdha,Comar,Female,1974-10-04
E01188,Unni,Mitter,Female,1997-11-15
E01189,Garima,Bhatt,Female,1976-01-15
E01190,Urvashi,Issac,Female,1976-03-04
E01191,Geetika,Hayre,Male,1981-03-29
E01192,Ubika,Nair,Male,1986-07-11
E01193,Hemal,Deol,Female,1986-05-02
E01194,Amol,Choudhary,Male,1995-01-01
E01195,Arjun,Banerjee,Female,1967-11-20
E01196,Isaac,Contractor,Male,1985-02-28
E01197,Yashvi,Rai,Male,1989-02-27
E01198,Tanvi,Chandran,Male,1992-10-14
E01199,Darsh,Sankar,Male,1981-05-16
E01200,Jagdish,Mane,Male,1975-03-04
E01201,Widisha,Anand,Male,1980-04-02
E01202,Chaman,Mohan,Female,1987-03-16
E01203,Urvi,Rana,Female,1984-09-14
E01204,Vivaan,Kohli,Female,1993-04-29
E01205,Xiti,Basu,Female,1977-07-25
E01206,Aadi,Manda,Female,1970-05-02
E01207,Jagrati,Naidu,Female,1987-03-23
E01208,Ladli,Das,Female,1985-09-07
E01209,Janaki,Loke,Female,1990-09-15
E01210,Dalaja,Peri,Male,1985-10-27
E01211,Xiti,Singhal,Male,1986-04-18
E01212,Kai,Swamy,Female,1992-04-22
E01213,Ijaya,Manda,Male,1987-09-22
E01214,Chavvi,Ganesan,Female,1969-03-09
E01215,Gabriel,Ramanathan,Male,2000-04-21
E01216,Girindra,Chandra,Female,1986-08-10
E01217,Rachit,Sandhu,Female,1987-09-12
E01218,Jai,Gopal,Male,1991-12-29
E01219,Janya,Ramakrishnan,Male,1980-06-21
E01220,Nitesh,Arora,Male,1986-04-28
E01221,Mohammed,Bains,Female,1976-11-09
E01222,Gopal,Mahal,Female,1991-02-24
E01223,Arin,Lalla,Female,1992-08-17
E01224,Vasatika,Mander,Female,1977-06-06
E01225,Yasti,Ramachandran,Male,1980-11-17
E01226,Bhavna,Lata,Female,1978-07-23
E01227,Aryan,Sood,Female,1984-11-22
E01228,Rohan,Madan,Male,1977-10-22
E01229,Chanakya,Narain,Male,1971-06-27
E01230,Deepa,Ramesh,Male,1974-08-13
E01231,Ethan,Nori,Male,1996-02-02
E01232,Ekani,Bakshi,Male,1987-04-19
E01233,Karan,Raju,Male,1992-04-01
E01234,Samuel,Saini,Female,1976-02-22
E01235,Finn,Soman,Female,1985-11-06
E01236,Vasana,Dara,Male,1990-04-02
E01237,Ranbir,Bhasin,Male,1990-12-06
E01238,Eiravati,Agarwal,Female,1978-11-06
E01239,Jackson,Dhar,Male,1999-10-31
E01240,Omya,Hans,Male,1985-10-09
E01241,Joshua,Karnik,Male,1989-01-07
E01242,Chasmum,Chahal,Female,1976-07-07
E01243,Aadi,Prasad,Male,1996-03-24
E01244,Shivani,Ghose,Female,1992-03-14
E01245,Vasudha,Divan,Male,1983-11-20
E01246,Ayush,Kulkarni,Female,1982-01-04
E01247,Girik,Sodhi,Male,1974-11-10
E01248,Zinal,Ganguly,Male,1980-03-06
E01249,Gagan,Ratti,Male,1971-02-25
E01250,Waida,Choudhry,Female,1979-02-22
E01251,Jeevika,Gaba,Male,1983-04-21
E01252,Warinder,Goda,Male,1984-07-09
E01253,Avi,Sangha,Female,1984-10-28
E01254,Ekani,Parmer,Male,1988-04-19
E01255,Neha,Cherian,Female,1985-06-28
E01256,Lila,Borra,Male,1988-05-04
E01257,Yagnesh,Balan,Female,1988-10-09
E01258,Ayaan,Palla,Male,1982-08-15
E01259,Peter,Jain,Female,1979-02-12
E01260,Jack,Oak,Male,2000-12-14
E01261,Ishanvi,Narula,Female,1997-10-27
E01262,Onveer,Narang,Female,1973-06-13
E01263,Jatin,Chokshi,Female,1977-05-29
E01264,Xiti,Kalita,Female,1998-01-28
E01265,Vinaya,Dua,Male,1977-11-04
E01266,Yamini,Master,Male,1979-01-20
E01267,Wakeeta,Swamy,Male,2001-03-19
E01268,Gabriel,Bajaj,Male,1991-02-15
E01269,Yashoda,Tiwari,Male,1991-02-12
E01270,Tanveer,Dass,Male,1987-02-19
E01271,Yachana,Pall,Male,1986-12-07
E01272,Sanaya,Nath,Female,1994-02-22
E01273,Sanaya,Raval,Female,1979-08-31
E01274,Nirja,Garde,Male,1990-01-14
E01275,Wriddhish,Ahluwalia,Male,1984-12-30
E01276,Darpan,Chaudhuri,Female,1997-03-27
E01277,Unni,Iyengar,Female,1968-01-02
E01278,Ekalinga,Choudhury,Female,1984-12-21
E01279,Yashvi,Misra,Female,1978-01-22
E01280,Aahana,Sarma,Male,1984-09-27
E01281,Simon,Toor,Female,1966-06-14
E01282,Lohit,Sood,Male,1986-03-18
E01283,Kabir,Mani,Male,1973-07-11
E01284,Gaurika,Sharma,Female,1995-09-20
E01285,Simon,Khanna,Female,1976-10-03
E01286,Yoshita,Mistry,Female,1993-09-09
E01287,Kritika,Sodhi,Female,1979-09-19
E01288,Ridhi,Yadav,Male,1991-04-15
E01289,Rachana,De,Female,1982-02-07
E01290,Neha,Purohit,Female,1987-11-04
E01291,Ekavir,Apte,Male,1988-12-12
E01292,Leela,Sinha,Female,1960-09-01
E01293,Yashoda,Butala,Male,1976-02-22
E01294,Meghana,Varghese,Male,1981-11-12
E01295,Eta,Balan,Male,1989-08-06
E01296,Vedhika,Mody,Female,1978-08-04
E01297,Sarthak,Kadakia,Male,1982-06-03
E01298,Dayamai,Dhillon,Male,1995-04-14
E01299,Vihaan,Menon,Female,1977-02-10
E01300,Yatan,Bail,Female,1996-04-18
E01301,Jairaj,Sibal,Female,1992-05-26
E01302,Charles,Raju,Female,1977-04-27
E01303,Chaitanya,Dugar,Male,1975-12-05
E01304,Brijesh,Patil,Male,1978-03-13
E01305,Qushi,Andra,Female,1983-11-23
E01306,Anika,Sinha,Male,1982-07-05
E01307,Zehaan,Kothari,Female,1966-05-31
E01308,Meghana,Parikh,Male,1982-07-18
E01309,Henry,Manne,Male,1976-09-19
E01310,Krish,Pathak,Male,1988-12-05
E01311,Shravya,Yadav,Female,1994-03-11
E01312,Robert,Chada,Male,1987-03-10
E01313,Wriddhish,Shanker,Female,1988-08-24
E01314,Wriddhish,Grewal,Female,1998-02-20
E01315,Rushil,Wali,Female,1993-08-03
E01316,Panini,Mitra,Male,1996-09-20
E01317,Zayyan,Rege,Male,1974-04-05
E01318,Peter,Oza,Male,1968-05-30
E01319,Kritika,Kata,Male,1972-06-23
E01320,Hemangini,Taneja,Female,1983-07-18
E01321,Charles,Bansal,Male,1989-07-12
E01322,Divya,Shenoy,Male,1976-09-22
E01323,Meera,Zachariah,Female,1979-05-16
E01324,Irya,Dar,Female,1990-11-02
E01325,Anika,Minhas,Male,1991-07-13
E01326,Vasudha,Balasubramanian,Female,1984-02-22
E01327,Raghav,Patil,Male,1978-07-18
E01328,Chanakya,Balasubramanian,Male,1977-06-27
E01329,Aachal,Sastry,Female,1997-07-16
E01330,Jairaj,Bhatnagar,Female,1983-01-14
E01331,Daniel,Pandya,Male,1982-07-16
E01332,Isaac,Minhas,Male,1976-11-01
E01333,Krishna,Loyal,Female,1990-08-04
E01334,Darsh,Dar,Male,1974-01-17
E01335,Amrita,Varty,Male,1962-10-31
E01336,Vasudha,Manda,Male,1989-02-28
E01337,Bhavika,Saini,Female,1991-02-18
E01338,Zaitra,Chad,Female,1968-06-14
E01339,Qasim,Baria,Male,1989-10-10
E01340,Shivani,Kala,Female,1977-04-10
E01341,Ishaan,Bajwa,Female,1990-01-06
E01342,Girish,Ganguly,Female,1997-05-01
E01343,Ekavir,Mandal,Female,1988-05-23
E01344,Kamya,Divan,Male,1977-04-27
E01345,Kamya,Dewan,Male,1979-05-20
E01346,Lavanya,Sane,Female,1986-07-14
E01347,Jagvi,Banik,Female,1994-06-07
E01348,Vihaan,Goyal,Female,1977-11-15
E01349,Jackson,Kohli,Female,1967-05-10
E01350,Indali,Sandhu,Male,1967-09-16
E01351,Amruta,Mohanty,Male,1993-07-31
E01352,Ekta,Goyal,Male,1985-10-10
E01353,Vrishti,Kade,Male,1991-08-08
E01354,Advika,Bhattacharyya,Male,1982-04-06
E01355,Bahadurjit,Mand,Male,1982-10-24
E01356,Darsh,Nath,Female,1994-02-13
E01357,Zaitra,Kakar,Male,1981-12-30
E01358,Vansha,Parikh,Male,2000-10-10
E01359,Dayamai,Vasa,Female,1987-04-27
E01360,Deepa,Talwar,Female,1981-12-04
E01361,Chakrika,Mody,Female,1995-09-22
E01362,Nitara,Kadakia,Male,1986-08-24
E01363,Qushi,Ray,Male,1974-12-28
E01364,Mohini,Sandhu,Male,1960-07-08
E01365,Bhavini,Narasimhan,Male,1990-03-23
E01366,Chaitaly,Chowdhury,Male,1996-11-29
E01367,Jeremiah,Sodhi,Female,1990-06-19
E01368,Hamsini,Vala,Female,1970-12-09
E01369,Neelima,Barad,Female,1998-06-28
E01370,Sathvik,Dora,Male,1990-02-05
E01371,Hritik,Baria,Male,1979-03-24
E01372,Amaira,Sem,Male,1975-12-20
E01373,Sai,Kapur,Male,1975-02-03
E01374,Kamala,Khalsa,Female,1991-01-15
E01375,Panini,Purohit,Male,1996-07-09
E01376,Warda,Chaudhry,Female,1975-09-26
E01377,Vasatika,Talwar,Female,1979-10-04
E01378,Nimrat,Sahni,Female,1981-11-05
E01379,Megha,Khosla,Female,1970-10-05
E01380,Devika,Krishnan,Female,1980-07-16
E01381,Panini,Ravi,Female,1971-09-15
E01382,Udyati,Rajagopal,Female,1992-07-02
E01383,Bhavika,Dada,Male,1999-03-30
E01384,Jackson,Khanna,Male,1969-09-14
E01385,Tanmayi,Kunda,Male,1984-06-04
E01386,Vedant,Oza,Female,1986-11-23
E01387,Ekaraj,Sastry,Female,1970-11-26
E01388,Siddharth,Minhas,Male,1971-03-10
E01389,Zashil,Sekhon,Male,2001-11-06
E01390,Vedika,Sawhney,Male,1992-03-06
E01391,William,Gade,Male,1987-02-28
E01392,Gunbir,Subramanian,Male,1998-01-06
E01393,Warhi,Thaker,Female,1980-01-13
E01394,Aarush,Mani,Male,1989-07-27
E01395,Hemangini,Wali,Female,1975-10-05
E01396,Odika,Sawhney,Male,1968-12-22
E01397,Balendra,Mistry,Female,1992-06-06
E01398,Frado,Chawla,Female,1979-10-16
E01399,Dipta,Basu,Female,1978-03-26
E01400,Nisha,Tiwari,Male,1984-03-16
E01401,Aarini,Ramesh,Male,1982-05-28
E01402,Hardik,Mitter,Male,1980-05-31
E01403,Wahab,Tiwari,Female,1963-03-31
E01404,Priya,Hans,Male,1975-07-10
E01405,Ekbal,Shah,Male,1979-10-22
E01406,Naveen,Barad,Female,1988-06-21
E01407,Jonathan,Prakash,Male,1996-12-03
E01408,Ekta,Kapoor,Male,1975-10-03
E01409,Krishna,Sheth,Male,1979-02-14
E01410,Shaurya,Grover,Female,1978-02-09
E01411,Laban,Pingle,Female,1982-04-20
E01412,Udarsh,Gala,Male,1999-11-20
E01413,Kevin,Gala,Female,1987-11-21
E01414,Aarna,Swamy,Male,1973-04-05
E01415,Yasti,Kata,Male,1988-04-28
E01416,Girindra,Rana,Female,1998-02-10
E01417,Jalsa,Goda,Male,1979-10-09
E01418,Praneel,Dugar,Female,1975-03-02
E01419,Frederick,Desai,Female,1993-11-14
E01420,Raagini,Banerjee,Male,1989-05-30
E01421,Waida,Walla,Male,1981-05-11
E01422,Noah,Sharma,Female,1995-02-01
E01423,Benjamin,Dubey,Female,1971-06-29
E01424,Dayita,Sheth,Female,1992-04-23
E01425,Divya,Chad,Female,1988-09-13
E01426,Dev,Chakrabarti,Female,1994-05-05
E01427,Idika,Devi,Male,1981-10-06
E01428,Sanya,Comar,Male,1998-02-21
E01429,Vasatika,Sibal,Female,1995-08-29
E01430,Riya,Sidhu,Male,1997-04-02
E01431,Ekiya,Andra,Female,1981-05-30
E01432,Isha,Chanda,Female,1985-06-26
E01433,Pooja,Madan,Female,1992-11-03
E01434,Manya,Bava,Female,1998-03-01
E01435,Anirudh,Subramaniam,Female,1972-08-21
E01436,Sudiksha,Kumar,Male,1981-01-29
E01437,Lakshmi,Wadhwa,Female,1986-05-12
E01438,Edhitha,Das,Male,1986-06-24
E01439,Ojas,Sarna,Male,1980-07-03
E01440,Kalpit,Basu,Female,1987-09-24
E01441,Aarnav,Panchal,Male,1980-06-27
E01442,Rohan,Kakar,Male,1973-12-04
E01443,Aashi,Kalita,Female,1988-03-07
E01444,Kamala,Pai,Male,1979-05-27
E01445,Laban,Chakrabarti,Female,1993-07-26
E01446,Yatan,Aggarwal,Female,1984-07-20
E01447,Ijaya,Bhargava,Female,1992-09-02
E01448,Ansh,Gara,Female,1978-06-27
E01449,Amol,Prakash,Male,1983-08-02
E01450,Thomas,Dash,Male,1995-02-18
E01451,Dev,Khanna,Female,1978-02-04
E01452,Waida,Parikh,Male,1977-05-09
E01453,Yoshita,Sinha,Female,1980-11-15
E01454,Wakeeta,Dutta,Male,1972-12-19
E01455,Sanya,Viswanathan,Female,1981-02-10
E01456,Rajeshri,Gera,Male,1965-03-17
E01457,Irya,Pathak,Female,1994-11-18
E01458,Tamanna,Iyer,Male,1980-06-29
E01459,Zarna,Pau,Male,1986-07-27
E01460,Anvi,Krishnamurthy,Male,1984-02-13
E01461,Ekansh,Anand,Female,1991-04-30
E01462,Gauri,Natarajan,Male,1977-02-21
E01463,Bhavini,Sankar,Female,1980-06-13
E01464,Sara,Pandit,Female,1983-09-18
E01465,Shivansh,Rana,Female,1983-11-05
E01466,Vedant,Ratti,Male,1985-07-29
E01467,Sai,Mangat,Female,1985-02-13
E01468,Urvi,Das,Female,1975-01-28
E01469,Aadi,Sen,Male,1994-02-20
E01470,Christopher,Varty,Female,1983-11-17
E01471,Irya,Kakar,Male,1992-03-01
E01472,Daksh,Narasimhan,Male,1979-03-07
E01473,Triveni,Badami,Female,2001-05-10
E01474,Qarin,Solanki,Male,1998-08-18
E01475,Hritik,Koshy,Male,1989-01-14
E01476,Oviya,Edwin,Male,1988-04-01
E01477,Champak,Magar,Female,1977-09-20
E01478,Panini,Agate,Male,2000-10-08
E01479,Zayan,Cheema,Female,1986-07-04
E01480,Vansha,Nair,Female,1998-12-07
E01481,Yuvraj,Sheth,Male,1964-10-04
E01482,Zayan,Vasa,Male,1988-12-25
E01483,Gabriel,Sridhar,Male,1978-09-06
E01484,Pallavi,Jha,Female,1978-06-09
E01485,Aadi,Shetty,Female,1980-12-15
E01486,Vinaya,Lall,Male,1992-09-07
E01487,Samarth,Sachdeva,Female,1987-01-02
E01488,Tejas,Natarajan,Male,1978-06-09
E01489,Aditya,Kaur,Female,1994-02-13
E01490,Ranveer,Bava,Male,1966-03-22
E01491,Gaurang,Narain,Male,1963-02-01
E01492,Ikbal,Brahmbhatt,Male,1994-03-27
E01493,Fitan,Savant,Male,1980-11-03
E01494,Harshil,Nagarajan,Female,1988-03-28
E01495,Amara,Brahmbhatt,Female,1984-03-30
E01496,Dalbir,Boase,Male,1983-04-29
E01497,Fitan,Lalla,Female,1979-06-04
E01498,Henry,Doshi,Male,1966-09-29
E01499,Lipika,Bora,Male,1986-02-22
E01500,Zarna,Menon,Female,1981-08-21
E01501,Triveni,Kaur,Male,1986-11-16
E01502,Hiral,Rattan,Male,1978-11-23
E01503,Jeet,Viswanathan,Female,1994-08-11
E01504,Qushi,Varkey,Female,1992-09-18
E01505,Hredhaan,Mittal,Male,1967-05-14
E01506,Advaith,Badami,Male,1990-12-08
E01507,Bhavika,Salvi,Male,1980-01-31
E01508,Chandran,Lalla,Female,1985-02-14
E01509,Dominic,Raja,Male,1995-08-09
E01510,Ishanvi,Sandal,Female,1992-07-05
E01511,Zaitra,Manda,Male,1987-11-06
E01512,Madhavi,Chandra,Male,1969-10-01
E01513,Charita,Dey,Male,1980-07-26
E01514,Udant,Barad,Male,1991-06-18
E01515,Girik,Shanker,Female,1994-08-09
E01516,Saumya,Parmer,Male,1989-08-07
E01517,Turvi,Dara,Female,1997-11-18
E01518,Yashoda,Acharya,Male,1966-05-02
E01519,Azaan,Behl,Female,1968-11-27
E01520,Karan,Aurora,Female,1986-02-05
E01521,Mekhala,Apte,Female,1992-06-03
E01522,Yug,Patla,Male,1986-09-28
E01523,Advik,Datta,Female,1973-07-07
E01524,Varsha,Bora,Male,1974-01-22
E01525,Vasatika,Basak,Female,1982-04-18
E01526,Advaith,Taneja,Female,1977-03-22
E01527,Aryan,Kumer,Female,1985-12-01
E01528,Maanav,Narayanan,Male,1972-03-13
E01529,Wishi,Vora,Male,2000-06-10
E01530,Luke,Behl,Female,1971-10-05
E01531,Kavya,Gupta,Male,1979-08-30
E01532,Harini,Edwin,Female,1990-05-09
E01533,Vedhika,Mukherjee,Female,1978-10-16
E01534,Dhruv,Manne,Male,1997-03-04
E01535,Ronith,Warrior,Male,1979-03-12
E01536,Krishna,Krishnamurthy,Male,1990-03-22
E01537,Abdul,Upadhyay,Female,1999-06-15
E01538,Vamakshi,Parikh,Male,1966-07-21
E01539,Tanmayi,Chacko,Male,1983-01-13
E01540,Karan,Reddy,Male,1990-11-09
E01541,Oni,Gupta,Male,1979-09-25
E01542,Tanveer,Viswanathan,Female,1989-10-04
E01543,Mohammed,Saran,Male,1998-02-23
E01544,Fiyaz,Sidhu,Male,1988-03-28
E01545,Lakshit,Sani,Male,1992-01-26
E01546,Yahvi,Pai,Male,1992-07-19
E01547,Samarth,Sanghvi,Female,1990-05-16
E01548,Ekavir,Sawhney,Male,1983-12-24
E01549,Jacob,Kanda,Male,1995-12-03
E01550,Yashvi,Pandey,Female,1996-03-20
E01551,Jeet,Keer,Male,1982-07-13
E01552,Vyanjana,Iyengar,Female,1989-03-09
E01553,Vrinda,Badami,Female,1988-09-01
E01554,Finn,Agrawal,Male,1984-10-17
E01555,Christopher,Kaul,Female,1993-01-09
E01556,Xalak,Kashyap,Female,1980-08-28
E01557,Chandresh,Loke,Female,1994-06-02
E01558,Bachittar,Bal,Female,1999-01-23
E01559,Warjas,Bawa,Female,1994-01-30
E01560,David,Memon,Male,1992-06-28
E01561,Aayush,Manda,Female,1985-11-09
E01562,Orinder,Saini,Female,1987-10-29
E01563,Warhi,Patla,Male,1970-04-06
E01564,Indira,Parmer,Female,1980-06-24
E01565,Wakeeta,Randhawa,Male,1997-10-07
E01566,Yauvani,Shan,Female,1981-09-11
E01567,Naksh,Datta,Male,1967-11-08
E01568,Aarna,Saran,Female,1973-07-28
E01569,Zayan,Bhasin,Male,1989-04-11
E01570,Darika,Chhabra,Female,2000-05-28
E01571,Bishakha,Pathak,Male,1979-05-15
E01572,Abha,Deol,Male,1984-07-16
E01573,Yoshita,Sachdeva,Female,1998-04-15
E01574,Oviya,Lad,Male,1980-11-30
E01575,Hamsini,Ray,Male,1972-07-11
E01576,Jagvi,Sarkar,Female,1976-12-06
E01577,Barkha,Rai,Female,1981-10-23
E01578,Amrita,Gera,Male,1979-10-22
E01579,Teerth,Wali,Female,1980-08-04
E01580,Vasudha,Raval,Male,1982-01-22
E01581,Brijesh,Chatterjee,Male,1984-01-11
E01582,Chanchal,Sahni,Male,1980-01-23
E01583,Zayyan,Sinha,Female,1987-12-02
E01584,Aahana,Divan,Female,1980-03-20
E01585,Gopal,Rajagopal,Female,2000-07-02
E01586,Upma,Dua,Male,1974-12-08
E01587,Chandran,Chand,Female,1980-04-03
E01588,Gautam,Chaudhuri,Female,1986-05-05
E01589,Ekavir,Cherian,Female,1975-10-15
E01590,Jagdish,Arora,Male,1973-03-12
E01591,Advaith,Gara,Male,1995-01-05
E01592,Dalaja,Krishnamurthy,Male,1982-08-21
E01593,Qasim,Modi,Female,1981-08-19
E01594,Sara,Bhasin,Male,1979-07-10
E01595,Ishita,Deep,Male,1969-07-05
E01596,Manthan,Dara,Female,1995-05-10
E01597,Frado,Krishna,Male,1974-01-20
E01598,Bhavika,Pant,Male,2001-01-18
E01599,Orinder,Chaudhary,Male,1995-02-17
E01600,Xavier,Varkey,Male,1996-03-10
E01601,Nimrat,Guha,Female,1987-09-14
E01602,Gautami,Samra,Male,1984-11-12
E01603,Omkaar,Kadakia,Female,1983-02-02
E01604,Kiaan,Sahni,Male,1997-02-18
E01605,Baljiwan,Dewan,Female,1985-02-06
E01606,Xavier,Majumdar,Male,1993-03-27
E01607,Balveer,Oza,Male,1988-09-09
E01608,Charan,Sathe,Female,1976-08-09
E01609,Ekalinga,Jain,Female,1981-10-30
E01610,Banjeet,Divan,Male,1973-07-25
E01611,Vedhika,Boase,Male,1991-01-03
E01612,Brinda,Raval,Female,2001-06-08
E01613,Victor,Sandhu,Female,1962-01-26
E01614,Vrinda,Borde,Male,1997-07-09
E01615,Hardik,Babu,Male,1975-07-19
E01616,Amruta,Warrior,Male,1990-06-10
E01617,Reyansh,Dave,Male,1970-07-09
E01618,Daksh,Bahl,Male,1981-09-02
E01619,Ronith,Shukla,Female,1993-11-03
E01620,Logan,Sharaf,Female,1986-07-19
E01621,Nilima,Reddy,Male,1978-11-02
E01622,Jonathan,Goswami,Female,1984-08-08
E01623,Faris,Yogi,Female,1984-05-26
E01624,Pushti,Hora,Male,1997-01-05
E01625,Onveer,Krishnan,Female,1979-10-08
E01626,Jatin,Nadkarni,Female,1964-01-01
E01627,Rohan,Sahota,Male,1984-01-17
E01628,Laksh,Nanda,Female,1987-03-31
E01629,Meera,Ganguly,Male,1989-04-02
E01630,Tristan,Soman,Female,1979-04-26
E01631,Maanas,Kibe,Female,1991-01-12
E01632,Qushi,Mand,Male,1987-09-12
E01633,Rudra,Kaur,Male,1998-06-03
E01634,Yug,Hans,Female,1998-05-12
E01635,Balendra,Sastry,Male,1977-01-23
E01636,Krishna,Swaminathan,Male,1980-01-03
E01637,Falan,Grover,Male,1988-06-18
E01638,Jason,Kulkarni,Female,1995-06-19
E01639,Harrison,Keer,Male,1976-09-02
E01640,Baghyawati,Chad,Male,1991-07-11
E01641,Watika,Kata,Male,1989-07-16
E01642,Onveer,Uppal,Female,1980-09-09
E01643,Yahvi,Tak,Female,1979-09-27
E01644,Anusha,Sen,Female,1976-11-06
E01645,Bhavani,Bali,Female,1976-07-09
E01646,Sai,Trivedi,Female,1988-08-11
E01647,Keya,Kale,Female,1992-09-06
E01648,Nachiket,Kumar,Female,1984-11-23
E01649,Isha,Roy,Male,1985-03-30
E01650,Bina,Yogi,Male,1974-07-20
E01651,Bhavini,Jani,Female,1986-12-06
E01652,Chanchal,Narayan,Female,1991-08-10
E01653,Luke,Iyer,Male,1972-02-28
E01654,Zarna,Dhawan,Male,1984-02-18
E01655,Pallavi,Kari,Female,1988-08-28
E01656,Unnati,Mody,Male,1992-10-06
E01657,Fiyaz,Contractor,Female,1967-10-19
E01658,Aishani,Garg,Male,1991-02-18
E01659,Leena,Kashyap,Female,1983-05-23
E01660,Sneha,Ram,Female,1999-12-08
E01661,Urvashi,Mahajan,Male,1974-07-01
E01662,Rudra,Dani,Female,1995-04-14
E01663,Ojasvi,Shroff,Male,1980-06-10
E01664,Lavanya,Ganesh,Female,1994-07-15
E01665,Atharv,Dave,Male,1989-05-24
E01666,Ganga,Pandya,Male,1991-12-13
E01667,Sachi,Sule,Female,1997-05-25
E01668,Matthew,Thaman,Female,1985-07-07
E01669,Yashawini,Manne,Male,1998-01-23
E01670,William,Palla,Female,1977-11-13
E01671,Gaurangi,Krishnamurthy,Male,1983-07-04
E01672,Bhavya,Devan,Female,1986-02-19
E01673,Vidhi,Chad,Female,1986-10-22
E01674,Jason,Bhatti,Female,1966-06-22
E01675,Kashvi,Lad,Male,1985-06-23
E01676,Umang,Rama,Female,2000-07-15
E01677,Watika,Rao,Male,1988-09-01
E01678,Ishani,Walia,Female,1989-12-01
E01679,Sneha,Mukherjee,Female,1967-02-25
E01680,Yashodhara,Nigam,Female,1979-10-22
E01681,Vasatika,Thakur,Female,1993-11-07
E01682,Bhavini,Basak,Female,1965-05-12
E01683,Geetika,Bath,Male,1989-08-07
E01684,Zinal,Prashad,Female,1987-08-17
E01685,Arunima,Dada,Female,1993-04-05
E01686,Alka,Dugal,Male,1986-11-05
E01687,Zehaan,Sagar,Male,2000-09-01
E01688,Eiravati,Karpe,Female,1988-02-10
E01689,Bhavika,Mukhopadhyay,Male,1994-04-16
E01690,Omaja,Kata,Male,1993-02-01
E01691,Aadhya,Master,Female,1978-08-15
E01692,Nisha,Chad,Female,1977-07-06
E01693,Mohammed,Srinivasan,Female,1979-01-07
E01694,Tanish,Chakraborty,Female,1982-06-14
E01695,Damyanti,Barad,Male,1984-06-18
E01696,Andrew,Vohra,Female,1975-12-23
E01697,Manya,Barad,Female,1984-01-28
E01698,Bhavani,Pandya,Male,1992-10-23
E01699,Aarush,Korpal,Male,1979-06-15
E01700,Unnati,Muni,Male,1983-10-21
E01701,Bhavya,Sabharwal,Female,1998-02-09
E01702,Chandresh,Barad,Female,1992-05-17
E01703,Urishilla,Sangha,Female,1991-10-15
E01704,Shivansh,Verma,Male,1982-05-22
E01705,Chavvi,Garde,Female,2000-02-23
E01706,Aadhya,Nori,Female,1988-03-27
E01707,Ladli,Mander,Female,1970-05-15
E01708,Keya,Bains,Male,2000-08-05
E01709,Niharika,Mammen,Female,1984-08-18
E01710,Aradhana,Baral,Male,1984-12-27
E01711,Yashawini,Prasad,Male,1984-11-18
E01712,Hemani,Dyal,Female,1989-06-11
E01713,Balveer,Karan,Male,1975-05-28
E01714,Aachal,Hans,Male,1975-10-21
E01715,Farhan,Ganesh,Male,1987-07-23
E01716,Gaurav,Rastogi,Female,1973-09-20
E01717,Gautami,Ramesh,Male,1997-02-24
E01718,Wishi,Bhatti,Male,1975-07-12
E01719,Yatan,Dada,Female,1975-03-08
E01720,Vedika,Oommen,Male,1982-06-18
E01721,Ranveer,Varty,Female,1983-03-22
E01722,Advaith,Yadav,Female,1978-07-11
E01723,Advay,Tripathi,Male,1989-02-28
E01724,Bahadurjit,Kalla,Female,1976-04-23
E01725,Charita,Balakrishnan,Female,1980-06-15
E01726,Hritik,Nori,Female,1989-09-14
E01727,Osha,Mishra,Male,1981-01-23
E01728,Karan,Dey,Female,1989-10-02
E01729,Rohan,Vasa,Male,1994-02-14
E01730,Rohan,Mallick,Female,1995-11-06
E01731,Panini,Rana,Female,1964-07-26
E01732,Pavani,Kurian,Female,1992-02-10
E01733,Barkha,Bains,Female,1998-01-10
E01734,Hemang,Kannan,Male,1993-11-16
E01735,Zilmil,Bir,Male,1994-03-30
E01736,Nisha,Pingle,Female,1987-07-13
E01737,Ekaraj,Sarkar,Female,1987-04-19
E01738,Saanvi,Morar,Male,1982-07-17
E01739,Vinaya,Roy,Male,1990-05-24
E01740,Rajeshri,Sampath,Male,1962-09-24
E01741,Onkar,Tailor,Male,1983-03-29
E01742,Vanya,Seshadri,Female,1984-01-20
E01743,Reyansh,Raman,Male,1982-08-25
E01744,Abdul,Chadha,Male,1987-03-24
E01745,Diya,Luthra,Male,1987-05-19
E01746,Lila,Char,Male,1987-10-31
E01747,Sara,Parekh,Male,1981-09-20
E01748,Chaitanya,Chad,Female,1977-10-26
E01749,Fitan,Natt,Female,1999-02-11
E01750,Zayan,Chhabra,Male,1989-05-11
E01751,Gaurav,Sibal,Female,1999-01-16
E01752,Neha,Arya,Male,1999-08-02
E01753,Tanmayi,Chhabra,Male,1971-08-15
E01754,Nitesh,Ahuja,Female,2002-04-06
E01755,Eshana,Nath,Female,1998-04-11
E01756,Abhiram,Kala,Female,1979-04-27
E01757,Samar,Kala,Female,1993-08-18
E01758,Yashica,Patla,Female,1992-05-26
E01759,Bhanumati,Purohit,Male,1978-01-30
E01760,Yashica,Parekh,Male,1973-04-11
E01761,Unnati,Bumb,Female,1979-03-13
E01762,Qushi,Barad,Male,1990-02-06
E01763,Wahab,Barad,Female,1991-12-01
E01764,Victor,Deshpande,Female,1983-11-28
E01765,Triveni,Savant,Male,1992-04-03
E01766,Nandini,Datta,Female,1971-07-04
E01767,Shivansh,Palla,Female,1991-07-22
E01768,Mitesh,Chauhan,Male,1970-06-25
E01769,Victor,Sekhon,Female,1979-02-21
E01770,Harrison,Agate,Male,1975-02-01
E01771,Indira,Bora,Male,1992-06-24
E01772,Umang,Rajagopal,Male,1991-03-23
E01773,Aayush,Bains,Male,1997-01-08
E01774,Reyansh,Kunda,Male,1986-01-11
E01775,Hemangini,Kamdar,Male,2000-04-28
E01776,Rohan,Chaudhuri,Male,1983-03-11
E01777,Faqid,Mital,Male,1994-09-18
E01778,Forum,Sura,Female,1991-08-18
E01779,Harish,Kulkarni,Male,1983-05-07
E01780,Riya,Sabharwal,Male,1978-07-16
E01781,Barkha,Dhingra,Female,1997-10-12
E01782,Saumya,Nagarajan,Female,1972-05-13
E01783,Jonathan,Dugar,Male,1980-05-12
E01784,Sanya,Jayaraman,Male,1982-08-01
E01785,Tanay,Mammen,Female,1981-01-11
E01786,Charvi,Thakur,Female,1991-06-16
E01787,Noah,Jani,Female,1985-07-16
E01788,Baghyawati,Bhatti,Male,1980-03-24
E01789,Daniel,Choudhury,Male,1974-06-26
E01790,Ekantika,Roy,Male,1973-07-13
E01791,Falan,Bora,Male,1990-01-17
E01792,Ishanvi,Misra,Female,1988-09-07
E01793,Vaishnavi,Pai,Male,1985-10-10
E01794,Lavanya,Pal,Male,1984-07-27
E01795,Abeer,Sarin,Female,1994-09-09
E01796,Anusha,Bains,Male,1979-05-17
E01797,Ishita,Parikh,Female,1999-01-18
E01798,Baghyawati,Hari,Male,1979-06-19
E01799,Bhavna,Yadav,Female,1967-02-18
E01800,Aarav,Mukherjee,Female,1980-10-24
E01801,Radhika,Saxena,Female,1990-04-15
E01802,Damini,Wadhwa,Female,1973-02-26
E01803,Arjun,Sachdeva,Male,1999-04-11
E01804,Yachana,Nagarajan,Male,1981-03-03
E01805,Amara,Buch,Male,1977-08-02
E01806,Raghav,Narain,Female,1973-01-02
E01807,Kalpit,Khalsa,Male,1969-11-19
E01808,Champak,Sinha,Male,1976-05-11
E01809,Jason,Morar,Male,1997-11-10
E01810,Kamala,Doctor,Male,1965-11-14
E01811,Mekhala,Batra,Female,1978-06-08
E01812,Ridhi,Aggarwal,Male,1991-09-05
E01813,Jhalak,Bajaj,Male,1997-06-17
E01814,Yoshita,Bajaj,Male,1989-04-26
E01815,Vanya,Bora,Male,1979-02-11
E01816,Teerth,Pradhan,Male,1976-09-27
E01817,Lakshit,De,Female,1978-04-29
E01818,Luke,Jani,Female,1978-07-16
E01819,Ikbal,Prabhu,Female,1981-12-21
E01820,Zilmil,Saini,Male,2002-11-06
E01821,Manbir,Purohit,Male,1994-10-24
E01822,Pavani,Sule,Male,1979-08-08
E01823,Faraj,Chandra,Female,1990-06-05
E01824,Janya,Shetty,Male,1987-02-03
E01825,Lopa,Mody,Female,1992-10-26
E01826,Zansi,Madan,Female,1991-07-25
E01827,Sai,Buch,Female,1998-05-10
E01828,Pranit,Ray,Male,1994-02-06
E01829,Ishani,Varty,Male,1986-12-21
E01830,Champak,Bir,Female,1992-03-08
E01831,Yatan,Khatri,Male,1978-04-22
E01832,Jagrati,Hora,Male,1991-04-19
E01833,Naveen,Venkataraman,Male,1997-04-18
E01834,Waida,Bassi,Female,1996-05-01
E01835,Faqid,Jain,Female,1974-02-06
E01836,Chanchal,Gupta,Female,1988-02-24
E01837,Kalpit,Mangat,Male,1993-08-26
E01838,Zilmil,Chada,Female,1975-12-13
E01839,Hemal,Sathe,Male,1984-11-15
E01840,Brijesh,Roy,Male,1986-07-27
E01841,Waida,Dubey,Female,1984-06-11
E01842,Neha,Karpe,Female,1976-06-02
E01843,Chakradhar,Sekhon,Male,1977-09-05
E01844,Chakradev,Behl,Male,1987-08-23
E01845,Timothy,Rau,Male,1992-02-28
E01846,Qasim,Varma,Male,1990-10-08
E01847,Yashasvi,Sundaram,Male,1993-08-23
E01848,Qarin,Sibal,Male,1989-12-31
E01849,Ranveer,Chanda,Female,2000-02-20
E01850,Tara,Saran,Female,1972-10-25
E01851,Qarin,Chandran,Female,1990-01-31
E01852,Vasatika,Mani,Male,1996-01-01
E01853,Ekani,Suresh,Male,1983-01-19
E01854,Neelima,Jhaveri,Female,1994-10-10
E01855,Bhavini,Buch,Female,1985-08-31
E01856,Ekalinga,Gopal,Male,1965-06-04
E01857,Ishita,Mishra,Female,1985-08-22
E01858,Kavya,Sengupta,Male,1973-04-01
E01859,Advay,Vala,Female,1998-12-15
E01860,Dhruv,Ratti,Female,1996-10-27
E01861,Chandresh,Madan,Male,1987-09-08
E01862,Upadhriti,Mishra,Female,1981-09-06
E01863,Siya,Oza,Female,1987-04-26
E01864,Tarak,Malhotra,Male,1979-03-08
E01865,Mugdha,Halder,Female,1979-11-06
E01866,Ubika,Narang,Female,1995-10-31
E01867,Ekta,Bakshi,Female,1985-10-23
E01868,Vanya,Jhaveri,Male,1996-09-10
E01869,Champak,Keer,Female,1988-07-06
E01870,Forum,Garde,Female,1994-12-15
E01871,Varsha,Aurora,Female,1991-09-04
E01872,Naksh,Chad,Male,1977-08-02
E01873,Eta,Sachdeva,Female,1996-04-19
E01874,Shaurya,Divan,Female,1974-09-05
E01875,Shaurya,Mann,Female,1984-09-15
E01876,Charan,Kannan,Male,1989-11-29
E01877,Eesha,Goyal,Male,1987-10-29
E01878,Brijesh,Bala,Male,1981-05-04
E01879,Krish,Sane,Female,1983-09-22
E01880,Yochana,Prashad,Female,1978-10-24
E01881,Yug,Bhat,Female,1975-10-01
E01882,Lavanya,Zachariah,Female,1982-11-17
E01883,Tarak,Basak,Male,1978-02-10
E01884,Yochana,Soman,Female,1977-10-08
E01885,Devansh,Barad,Female,2001-12-26
E01886,Samarth,Sethi,Male,1987-11-25
E01887,Reva,Suresh,Female,1987-07-05
E01888,Yash,Warrior,Male,1987-08-24
E01889,Jalsa,Peri,Male,1989-05-17
E01890,Michael,Garg,Male,1998-08-18
E01891,Aayush,Reddy,Female,1983-05-12
E01892,Lekha,Shan,Female,1980-03-31
E01893,Baljiwan,Karnik,Male,1968-06-15
E01894,Ikbal,Roy,Female,1996-12-07
E01895,Vivaan,Seth,Male,1986-08-25
E01896,Harinakshi,Khosla,Male,1981-09-26
E01897,Peter,Halder,Female,1988-06-04
E01898,Zaitra,Upadhyay,Female,1987-10-08
E01899,Hemal,Chaudhuri,Female,1993-04-05
E01900,Balhaar,Sundaram,Female,1977-01-18
E01901,Rachit,Varkey,Male,1980-02-18
E01902,Ekta,Uppal,Female,1983-08-27
E01903,Bhavna,Tara,Female,1985-06-21
E01904,Krisha,Dhar,Male,1993-12-08
E01905,Aishani,Ratta,Female,1983-12-25
E01906,Ijaya,Sur,Female,1979-09-21
E01907,Saksham,Reddy,Male,1996-07-12
E01908,Yashvi,Mammen,Male,1985-11-10
E01909,Harini,Loke,Female,1993-09-16
E01910,Darsh,Apte,Male,1995-01-11
E01911,Elijah,Gala,Male,1985-06-07
E01912,Reva,Sinha,Male,1995-03-25
E01913,Daksh,Mistry,Female,1986-02-01
E01914,Kabir,Bhakta,Male,1968-11-19
E01915,Umang,Mukherjee,Male,1970-06-18
E01916,Tanay,Kar,Male,1984-09-09
E01917,Tanish,Manda,Male,1987-07-23
E01918,Isaac,Nagarajan,Female,1983-03-14
E01919,Lila,Yohannan,Female,1975-01-15
E01920,Janya,Srivastava,Female,1995-06-25
E01921,Praneel,Palla,Female,1976-08-31
E01922,Aadi,Sodhi,Female,1983-10-28
E01923,Chaman,Chada,Female,1982-01-16
E01924,Forum,Bhatti,Female,1993-10-12
E01925,Isaiah,Pingle,Male,1993-03-16
E01926,Vaishnavi,Shan,Male,1967-04-02
E01927,Onveer,Sani,Male,1983-09-27
E01928,Timothy,Panchal,Female,1986-09-06
E01929,Ubika,Swaminathan,Male,1992-07-04
E01930,Christopher,Varkey,Male,1988-04-25
E01931,Jatin,Chaudhary,Female,1979-01-31
E01932,Yauvani,Hayer,Male,1982-11-13
E01933,Kamala,Minhas,Male,1992-07-04
E01934,George,Varughese,Male,1998-07-01
E01935,Guneet,Kashyap,Male,1966-08-28
E01936,Jai,Banerjee,Male,1987-04-07
E01937,Ishwar,De,Female,1994-09-16
E01938,Yashodhara,Goda,Female,1980-08-10
E01939,Varenya,Gulati,Female,1976-06-07
E01940,Isha,Singh,Female,1981-07-15
E01941,Upkaar,Goswami,Male,1982-01-08
E01942,Mason,Wagle,Female,1989-07-03
E01943,Lakshmi,Sarkar,Female,1985-07-26
E01944,Anirudh,Mutti,Male,1976-10-15
E01945,Aarini,Arora,Female,1979-07-12
E01946,Sneha,Dara,Male,1986-08-31
E01947,Suhani,Balay,Male,1992-12-02
E01948,Yochana,Som,Female,1982-07-17
E01949,Bhavya,Rattan,Female,1998-10-17
E01950,Chavvi,Mandal,Male,2001-03-16
E01951,Maanas,Dayal,Male,1977-01-25
E01952,Ijaya,Loke,Male,1996-10-08
E01953,Keya,Loyal,Female,1975-09-24
E01954,Chakrika,Balasubramanian,Female,1981-03-14
E01955,Vrishti,Chaudhuri,Male,1971-09-30
E01956,Sachi,Nigam,Female,1994-03-02
E01957,Upasna,Pandey,Male,1994-09-12
E01958,Mohini,Suri,Male,1999-09-17
E01959,Utkarsh,Sabharwal,Male,1974-06-08
E01960,Osha,Sem,Male,1980-11-12
E01961,Bhavika,Bhasin,Female,1993-10-07
E01962,Ikshita,Mand,Male,1976-12-06
E01963,Shivani,Parmar,Male,1992-10-17
E01964,Kashvi,Majumdar,Male,1986-11-18
E01965,Chanchal,Sagar,Female,1986-11-24
E01966,Sara,Naik,Female,1985-12-19
E01967,Oviya,Ravel,Female,1988-05-02
E01968,Rushil,Narain,Male,1995-01-19
E01969,Mohammed,Sarin,Female,1993-07-30
E01970,Fariq,Balasubramanian,Female,1987-05-13
E01971,Rayaan,Jayaraman,Male,1988-06-30
E01972,Aahana,Prakash,Male,1998-12-20
E01973,Aahana,Varty,Male,1991-05-03
E01974,Aishani,Khosla,Female,1990-04-30
E01975,Fitan,Nath,Male,1987-09-30
E01976,Sachi,Kannan,Male,1994-07-23
E01977,Varenya,Nadkarni,Male,1968-04-01
E01978,Falan,Iyengar,Male,1974-11-20
E01979,Edhitha,Dash,Female,1978-07-30
E01980,Neel,Bava,Male,1993-10-24
E01981,Riya,Chaudhary,Male,1986-02-25
E01982,Vedika,Mani,Male,1999-10-14
E01983,Lavanya,Shroff,Male,1968-12-01
E01984,Ganga,Gera,Male,1988-04-03
E01985,Sanaya,Kaul,Male,1978-09-07
E01986,Damyanti,Ravi,Male,1978-05-05
E01987,Gaurika,Loyal,Male,1992-11-22
E01988,Warinder,Chana,Male,1986-03-12
E01989,Rishi,Mangat,Female,1992-01-03
E01990,Anmol,Butala,Female,1978-07-11
E01991,Gagan,Basak,Female,1992-03-30
E01992,Maanav,Sengupta,Female,1980-09-10
E01993,Pushti,Prashad,Female,1984-12-17
E01994,Urvi,Palla,Male,1989-01-05
E01995,Pahal,Khatri,Female,1988-10-18
E01996,Damyanti,Parikh,Male,1960-06-20
E01997,Hemang,Dora,Female,1997-12-02
E01998,Lopa,Chawla,Male,1995-08-20
E01999,Tanmayi,Hegde,Male,1997-06-25
E02000,Vasana,Mani,Male,1983-06-16
E02001,Jagdish,Nori,Male,1984-10-11
E02002,Shravya,Chandran,Female,1985-12-30
E02003,Nidhi,Sood,Male,1980-11-30
E02004,Aayush,Rout,Female,1992-11-26
E02005,Urvashi,Chada,Male,1977-06-11
E02006,Bakhshi,Bawa,Male,1988-09-26
E02007,Odika,Ravel,Male,1990-04-20
E02008,Waida,Prabhu,Male,1984-02-22
E02009,Samar,Lanka,Male,1989-06-26
E02010,Eshana,Garg,Female,1996-02-29
E02011,Harinakshi,Kanda,Male,1977-07-06
E02012,Hritik,Ram,Female,1982-01-03
E02013,Anvi,Kapadia,Male,1991-12-10
E02014,Isaiah,Nagar,Female,1983-07-09
E02015,Anthony,Muni,Female,1986-07-05
E02016,Sai,Kashyap,Male,1967-05-20
E02017,Qushi,Bassi,Male,1989-12-08
E02018,Abhimanyu,Barad,Female,1993-08-12
E02019,Naksh,Dhar,Female,1977-04-24
E02020,Agastya,Deol,Female,1993-09-28
E02021,Balveer,Randhawa,Male,1989-10-28
E02022,Yochana,Prakash,Male,1991-09-18
E02023,Sathvik,Pillay,Male,1983-07-29
E02024,Sai,Rai,Male,1988-09-22
E02025,Netra,Kibe,Female,1985-12-09
E02026,Maya,Upadhyay,Female,1976-10-06
E02027,Charvi,Saha,Male,1986-11-15
E02028,Indrajit,Wable,Female,2001-12-22
E02029,Tripti,Pau,Male,1980-01-26
E02030,Qasim,Ravel,Male,1982-05-14
E02031,Samaksh,Aggarwal,Female,1984-06-15
E02032,Ekalinga,Jhaveri,Female,1991-07-02
E02033,Ryan,Sant,Female,1981-03-09
E02034,Bina,Dhillon,Female,1992-02-22
E02035,Ishaan,Reddy,Male,1970-09-20
E02036,Wakeeta,Kale,Female,1976-07-17
E02037,Christopher,Mitra,Female,1982-05-25
E02038,Rudra,Bava,Male,1985-06-21
E02039,Upadhriti,Sampath,Female,1981-03-18
E02040,Mohini,Viswanathan,Male,1993-03-21
E02041,Kai,Bhattacharyya,Female,1982-11-24
E02042,Oliver,Menon,Female,1990-06-28
E02043,Neha,Parikh,Female,1978-11-15
E02044,Gautami,Tella,Female,1980-09-30
E02045,Andrew,Kala,Male,1990-11-05
E02046,Harini,Buch,Male,1982-12-10
E02047,Falan,Balakrishnan,Male,1978-07-04
E02048,Ojasvi,Mistry,Female,1986-05-14
E02049,Yatan,Baria,Female,1981-06-13
E02050,Nikita,Prabhakar,Female,1973-10-28
E02051,Oeshi,Sekhon,Female,1985-02-25
E02052,Neel,Badal,Male,1977-06-15
E02053,Lucky,Dani,Male,1979-11-16
E02054,Raksha,Bassi,Female,1986-08-19
E02055,Onveer,Mistry,Male,1992-04-04
E02056,Yuvraj,Wason,Female,1969-05-02
E02057,Manthan,Nagi,Female,1985-01-13
E02058,Onkar,Baria,Male,1982-01-30
E02059,Wazir,Acharya,Female,1980-09-26
E02060,Jagrati,Thakkar,Male,1981-09-15
E02061,Advika,Ganguly,Female,1988-05-12
E02062,Nathaniel,Brar,Male,1982-06-09
E02063,Matthew,Minhas,Male,1995-01-25
E02064,Abdul,Vyas,Male,1982-05-14
E02065,Charita,Subramaniam,Female,1971-06-14
E02066,Sathvik,Keer,Female,1992-01-24
E02067,Bina,Chaudhari,Male,1995-09-15
E02068,Anya,Prabhu,Female,1977-02-24
E02069,Riya,Karpe,Male,1983-10-30
E02070,Sathvik,Chawla,Female,1978-09-30
E02071,Vrishti,Pant,Male,1982-09-18
E02072,Kashish,Sankaran,Female,1996-02-15
E02073,Dominic,Pal,Female,1974-02-14
E02074,Yatin,Tiwari,Male,1986-10-07
E02075,Bimala,Dube,Male,1979-12-15
E02076,Ronith,Shetty,Male,1981-09-06
E02077,Dhruv,Golla,Male,1987-01-31
E02078,Harshil,Dasgupta,Male,1974-10-02
E02079,Pallavi,Dasgupta,Male,1976-06-13
E02080,Bhavya,Bajwa,Female,1989-10-31
E02081,Ganga,Sha,Male,1974-12-04
E02082,Chavvi,Dave,Male,1981-04-18
E02083,Zayyan,Bora,Male,1987-05-12
E02084,Amara,Parekh,Male,1996-12-12
E02085,Aradhana,Wadhwa,Male,1972-09-01
E02086,Omkaar,Pingle,Male,1990-07-11
E02087,Bhanumati,Bhatti,Female,1985-03-10
E02088,Caleb,Mohanty,Male,1989-03-30
E02089,Pahal,Garg,Male,1978-08-23
E02090,Lila,Sachar,Male,1987-11-26
E02091,Krisha,Bail,Female,1997-01-25
E02092,Rajeshri,Sinha,Male,1974-05-11
E02093,Libni,Shan,Female,1996-12-01
E02094,Ayaan,Date,Female,1987-07-01
E02095,Avni,Choudhury,Female,1995-02-05
E02096,Gagan,Soman,Female,1989-04-05
E02097,Upasna,Loyal,Female,1995-10-13
E02098,Yagnesh,Yogi,Female,1979-09-19
E02099,Onkar,Badal,Female,1986-09-18
E02100,Rajata,Sahni,Female,1972-08-31
E02101,Sai,Mann,Male,1982-08-30
E02102,Arunima,Mukhopadhyay,Male,1962-06-25
E02103,Samaksh,Sinha,Male,1969-10-05
E02104,Mitali,Mohan,Female,1984-08-23
E02105,Ekavir,Dhaliwal,Male,1974-07-22
E02106,Wishi,Narain,Male,1985-09-07
E02107,Aadi,Bhat,Female,1999-10-29
E02108,Zaid,Dora,Female,1994-05-20
E02109,Ranveer,Khanna,Male,1986-06-03
E02110,Ati,Agarwal,Male,1977-02-02
E02111,Banjeet,Nath,Female,1969-10-07
E02112,Oni,Mangat,Female,1965-08-14
E02113,Bhavani,Peri,Male,1986-11-30
E02114,Ojas,Ramanathan,Female,1986-05-26
E02115,Fitan,Badami,Male,1979-09-16
E02116,Vanya,Pau,Female,1982-05-03
E02117,Balendra,Aurora,Female,1975-11-10
E02118,Barkha,Amble,Male,2002-06-10
E02119,Nandini,Nori,Male,1974-01-17
E02120,Max,Gera,Male,1979-12-24
E02121,George,Dugar,Male,1980-09-27
E02122,Xavier,Upadhyay,Male,1990-04-05
E02123,Shivani,Gara,Male,1982-09-05
E02124,Amara,Oza,Female,1969-06-26
E02125,Chaman,Salvi,Female,1983-03-03
E02126,Sudiksha,Prabhu,Female,1976-11-13
E02127,Leela,Bali,Female,1965-08-26
E02128,Luke,Prasad,Female,1988-11-04
E02129,Daksh,Wagle,Male,1984-10-29
E02130,Zansi,Din,Male,1992-09-02
E02131,Theodore,Borde,Female,1980-02-11
E02132,Isaac,Sarma,Male,1974-11-26
E02133,Keya,Kaur,Female,1976-07-14
E02134,Amaira,Bera,Male,1979-01-20
E02135,Krish,Karnik,Male,1981-05-30
E02136,Nihal,Purohit,Male,1978-02-06
E02137,Upadhriti,Pau,Female,1976-03-17
E02138,Rudra,Varma,Male,1979-07-15
E02139,Ishani,Verma,Male,1987-09-15
E02140,Mugdha,Iyer,Male,1992-02-22
E02141,Manbir,Dave,Male,1990-06-18
E02142,Akshay,Talwar,Male,1982-05-10
E02143,Bachittar,Mishra,Male,1977-05-17
E02144,Vansha,Malhotra,Female,1969-11-29
E02145,Hitesh,Subramanian,Male,1977-01-24
E02146,Xavier,Dua,Female,1987-01-28
E02147,Jatin,Sathe,Female,1988-07-24
E02148,Bhavya,Kala,Female,1980-07-22
E02149,Falan,Agate,Male,1983-09-28
E02150,Mekhala,Varghese,Male,1978-06-21
E02151,Veda,Bhatt,Male,1978-05-28
E02152,Siddharth,Chauhan,Male,1990-07-16
E02153,Shivani,Parmer,Male,1998-01-07
E02154,Ekanta,Gokhale,Female,1989-07-14
E02155,Ojas,Kashyap,Female,1971-10-17
E02156,Tanvi,Sachdev,Female,1989-11-22
E02157,Bhavya,Gera,Female,1978-01-18
E02158,Luke,Purohit,Female,1981-03-16
E02159,Ganga,Malhotra,Male,1985-10-03
E02160,Lila,Mani,Female,1989-03-12
E02161,Jeevika,D’Alia,Female,1986-04-24
E02162,Chameli,Sagar,Male,1975-02-17
E02163,Lohit,Butala,Male,1970-10-30
E02164,Nikita,Uppal,Male,1970-12-19
E02165,Priya,Sunder,Male,1990-10-10
E02166,Hredhaan,Raju,Female,1992-01-16
E02167,Advik,Sangha,Female,1981-02-02
E02168,Rachana,Gour,Female,1967-01-24
E02169,Veda,Boase,Male,1989-11-05
E02170,Megha,Raghavan,Female,1997-11-11
E02171,Vinaya,Bava,Female,1977-07-11
E02172,Vincent,Chokshi,Male,1994-10-29
E02173,Waida,Parsa,Male,1999-07-26
E02174,Azad,Choudhury,Female,1990-06-01
E02175,Darsh,Natt,Female,1999-02-21
E02176,Yashawini,Gole,Male,1970-12-13
E02177,Ijaya,Swamy,Female,2000-05-30
E02178,Vrinda,Kumar,Male,1986-03-19
E02179,Jackson,Dar,Female,1984-10-22
E02180,Matthew,Sani,Male,1993-01-05
E02181,Bachittar,Pau,Male,1992-05-29
E02182,Oeshi,Butala,Female,1993-05-10
E02183,Qarin,Mallick,Male,1986-04-14
E02184,Dalaja,Behl,Female,1988-02-24
E02185,Nikita,Chacko,Female,1985-12-26
E02186,Alka,Wadhwa,Male,1980-03-27
E02187,Aditya,Naik,Female,1976-05-28
E02188,Noah,Mittal,Female,1993-06-11
E02189,Vinaya,Bhavsar,Male,2001-03-03
E02190,Theodore,Garg,Male,1979-07-10
E02191,Gaurangi,Ravel,Female,1973-07-22
E02192,Ojasvi,More,Female,1994-03-27
E02193,Jyoti,Gade,Female,1994-07-02
E02194,Advik,Bora,Female,1972-08-04
E02195,Bachittar,Ganesh,Female,1979-11-26
E02196,Bakhshi,Verma,Male,1991-05-23
E02197,Triveni,Jhaveri,Male,1982-02-11
E02198,Suhani,Dave,Male,1977-02-27
E02199,Janani,Choudhury,Male,1979-10-07
E02200,Falguni,Dhaliwal,Female,1992-03-26
E02201,Upasna,Gola,Male,1987-10-08
E02202,Jai,Samra,Male,1970-09-19
E02203,Jackson,Agrawal,Female,1977-11-23
E02204,Nirja,Mutti,Female,1965-03-24
E02205,Wridesh,Ramakrishnan,Female,1996-05-30
E02206,Isha,Seth,Female,1979-05-10
E02207,Jacob,Raja,Male,1995-04-14
E02208,Ayaan,Mandal,Male,1986-01-06
E02209,Qabil,Kalla,Female,1991-09-25
E02210,Baljiwan,Kunda,Female,1984-12-25
E02211,Widisha,Parikh,Male,1983-07-06
E02212,Chasmum,Mohan,Female,1994-12-11
E02213,Tanveer,Deo,Female,1979-01-09
E02214,Aadhya,Master,Female,1982-07-06
E02215,Elijah,Basu,Female,1973-05-10
E02216,Aadi,Bhavsar,Male,1995-08-10
E02217,Jai,Mand,Female,1996-05-15
E02218,Faraj,Sani,Male,1970-03-14
E02219,Dipta,Bhavsar,Female,1999-04-08
E02220,Chaman,Kumar,Female,1983-04-15
E02221,Yutika,Ramesh,Male,1993-12-04
E02222,Ucchal,Sankar,Female,1992-04-05
E02223,Jyoti,Dhawan,Male,1977-05-15
E02224,Chameli,Mangat,Female,1965-05-25
E02225,Wridesh,Varma,Female,1984-05-21
E02226,Udarsh,Dua,Male,1985-12-03
E02227,Rajeshri,Bir,Female,1990-12-26
E02228,Sai,Barad,Female,1968-06-01
E02229,Edhitha,Mammen,Female,1991-04-23
E02230,Jagdish,Sood,Female,1980-01-07
E02231,Yuvraj,Chakraborty,Male,1998-04-28
E02232,Wyatt,Chada,Female,1982-10-19
E02233,Aishani,Oak,Female,2001-07-11
E02234,Kala,Gole,Female,1983-09-22
E02235,Vyanjana,Mand,Male,1981-05-11
E02236,Ganga,Nair,Female,1977-09-22
E02237,Ekansh,Vig,Female,1985-07-01
E02238,Neha,Ganesan,Female,1987-04-04
E02239,Libni,Balan,Female,1972-09-21
E02240,Yatin,Agarwal,Female,1970-03-07
E02241,Ekiya,Bandi,Male,1980-04-28
E02242,Manan,Bahri,Female,1997-10-04
E02243,Warjas,Merchant,Male,1981-04-18
E02244,Nihal,Barad,Male,1999-03-12
E02245,Idika,Varkey,Male,1987-07-02
E02246,Vincent,Pradhan,Male,1998-11-21
E02247,Finn,Divan,Male,1991-11-10
E02248,Abeer,Kaul,Male,1995-06-23
E02249,Nathan,Misra,Male,1985-02-10
E02250,Harita,Dewan,Male,1992-02-08
E02251,Bachittar,Mukherjee,Female,1991-03-26
E02252,Pranav,Bose,Male,1982-08-20
E02253,Anita,Gopal,Male,1988-09-05
E02254,Neelima,Mammen,Male,1986-02-07
E02255,Rachita,Guha,Male,1992-03-07
E02256,Chaman,Nayak,Male,1996-05-01
E02257,Kala,Borde,Male,1998-01-10
E02258,Jatin,Zacharia,Female,1971-04-16
E02259,Wahab,Dasgupta,Male,1978-12-01
E02260,Yochana,Kota,Male,1976-08-10
E02261,Sathvik,Loyal,Female,1970-09-27
E02262,Diya,Balasubramanian,Male,1989-07-27
E02263,Yashvi,Dass,Male,1960-07-09
E02264,Rachita,Suresh,Male,1980-01-17
E02265,Girish,Jani,Male,1967-07-19
E02266,Aarna,Kumer,Female,1989-11-18
E02267,Champak,Sawhney,Male,1989-02-18
E02268,Brinda,Rao,Male,1975-01-13
E02269,Ekanta,Khurana,Female,1998-06-28
E02270,Indrajit,Pandey,Male,1988-03-03
E02271,Oviya,Yogi,Female,1981-11-10
E02272,Theodore,Handa,Female,1995-04-16
E02273,Quincy,Chakraborty,Male,1988-09-27
E02274,Lucky,Sarin,Female,1979-02-25
E02275,Madhavi,Gara,Female,1995-03-21
E02276,Anita,Kade,Male,1990-10-17
E02277,Qasim,Sem,Female,1983-03-22
E02278,Pooja,Batta,Female,1994-06-06
E02279,Krishna,Bora,Male,1990-11-29
E02280,Utkarsh,Lata,Male,1971-08-27
E02281,Unnati,Bhatia,Female,1989-03-14
E02282,Ranveer,Murthy,Male,1999-11-16
E02283,Farhan,Pal,Male,1988-09-29
E02284,Vasatika,Sarna,Female,1982-09-17
E02285,Tanay,Aggarwal,Male,1988-02-20
E02286,Wyatt,Kaul,Male,1997-01-02
E02287,Michael,Sekhon,Female,1993-12-26
E02288,Samesh,Grewal,Female,1980-11-03
E02289,Maanav,Raju,Female,1982-04-24
E02290,Vrishti,Pal,Female,2001-01-28
E02291,Rishi,Sani,Male,1974-03-24
E02292,Aayush,Deshmukh,Male,1988-12-19
E02293,Watika,Jani,Male,1999-03-28
E02294,Lohit,Morar,Female,1991-02-17
E02295,Michael,Bhargava,Male,1978-05-19
E02296,Lakshmi,Pall,Male,1984-03-14
E02297,Ranbir,Kurian,Male,1991-07-15
E02298,Ganga,Sodhi,Female,1983-11-08
E02299,Elijah,Behl,Female,1976-06-06
E02300,Ekavir,Sampath,Female,1989-12-20
E02301,Mitesh,Dayal,Male,1995-06-02
E02302,Kai,Ghosh,Female,1980-11-02
E02303,Ojasvi,Banerjee,Male,1991-02-26
E02304,Falak,Subramaniam,Male,1986-09-18
E02305,Chakradhar,Dugar,Male,1986-02-22
E02306,Baghyawati,Palla,Male,1994-01-29
E02307,Harshil,Kala,Male,1979-04-04
E02308,Nirja,Dalal,Male,1972-11-25
E02309,Gaurangi,Chacko,Female,1980-05-23
E02310,Warda,Kant,Male,1980-09-20
E02311,Manbir,Mital,Female,1978-07-10
E02312,Pallavi,Dhar,Male,1974-07-14
E02313,Ishani,Chatterjee,Female,1972-10-25
E02314,Yamini,Vig,Female,1981-03-28
E02315,Harshil,Jayaraman,Male,1983-11-17
E02316,Hiral,Handa,Female,1992-01-15
E02317,Yochana,Anand,Male,1973-01-29
E02318,Eshana,Dhar,Male,1977-10-10
E02319,Qabil,Prabhakar,Male,1982-01-03
E02320,Keya,Raju,Female,1979-04-06
E02321,Janaki,Kota,Male,1990-01-25
E02322,Bimala,Sama,Female,1989-01-08
E02323,Harinakshi,Swamy,Male,1980-09-02
E02324,Lakshit,Contractor,Female,1985-01-25
E02325,Irya,Batra,Female,1984-02-23
E02326,Nathaniel,Venkataraman,Male,1985-10-17
E02327,Janaki,Gala,Male,1976-12-18
E02328,Vedant,Ramesh,Female,1978-08-25
E02329,Vihaan,Dara,Female,1992-01-31
E02330,Aarna,Boase,Male,1995-10-30
E02331,Indira,Peri,Female,1980-06-03
E02332,Chandresh,Natarajan,Female,1974-03-15
E02333,Amaira,Krishnan,Male,2002-06-22
E02334,Zashil,Gara,Female,1980-07-25
E02335,Varenya,Karnik,Male,1976-01-31
E02336,Utkarsh,Anand,Male,1989-10-31
E02337,Ekantika,Mody,Male,1993-09-03
E02338,Chakradev,Suresh,Male,1988-05-29
E02339,Rajeshri,Din,Female,1991-09-05
E02340,Turvi,Pingle,Female,1976-08-20
E02341,Devika,Narayan,Male,1980-12-10
E02342,Anya,Srivastava,Male,1969-09-29
E02343,Atharv,Dua,Male,1980-08-24
E02344,Harinakshi,Kurian,Female,1970-12-26
E02345,Ojas,Cheema,Female,1999-02-07
E02346,Vrinda,Dash,Female,1989-01-29
E02347,Kala,Kohli,Female,1992-11-14
E02348,Siya,Sachdev,Male,1981-10-20
E02349,Yuvraj,Bassi,Male,1984-07-20
E02350,Banjeet,Krishna,Male,1979-06-20
E02351,Chaman,Andra,Female,1977-05-14
E02352,Yashoda,Arya,Female,1981-04-17
E02353,Harish,Hayer,Female,1962-02-21
E02354,Urvashi,Saini,Male,1989-11-22
E02355,Chameli,Bali,Male,1997-12-30
E02356,Aashi,Bedi,Female,1978-04-26
E02357,David,Narayan,Male,1987-11-03
E02358,Gavin,Sangha,Male,1972-03-24
E02359,Jalsa,Dubey,Female,1995-03-29
E02360,Jairaj,Dani,Female,1982-02-11
E02361,Ekiya,Wagle,Male,1986-06-27
E02362,Zaitra,Chana,Female,1991-02-14
E02363,Gaurangi,Badami,Male,1997-04-08
E02364,Triveni,Dalal,Female,1973-05-05
E02365,Akshay,Viswanathan,Male,1976-09-14
E02366,Deepa,Swaminathan,Male,1970-09-30
E02367,Gabriel,Bhat,Male,1978-02-04
E02368,Balhaar,Bhattacharyya,Male,1978-11-10
E02369,Raksha,Bhattacharyya,Male,1964-08-10
E02370,Anmol,Vala,Female,1980-08-08
E02371,Tamanna,Madan,Female,1996-08-20
E02372,Tanish,Narang,Female,1987-04-28
E02373,Vivaan,Balakrishnan,Male,1983-07-24
E02374,Tarak,Saini,Female,1973-04-12
E02375,Ishanvi,Suri,Female,1974-09-09
E02376,Chavvi,Yohannan,Female,1987-05-06
E02377,Janani,Dasgupta,Male,2000-11-16
E02378,Gagan,Nagarajan,Male,1986-02-11
E02379,Unnati,Srinivas,Male,1991-08-05
E02380,Triya,Dixit,Female,2000-11-07
E02381,Ranveer,Tripathi,Female,1991-05-18
E02382,Harish,Jaggi,Male,1976-06-20
E02383,Ayushman,Kapoor,Male,1981-04-14
E02384,Aadhya,Tailor,Male,1990-01-04
E02385,Zilmil,Kaur,Female,1985-12-17
E02386,Krishna,Devan,Male,1997-03-30
E02387,Alka,Oommen,Male,1993-09-10
E02388,Pallavi,Raval,Female,1994-06-26
E02389,Ishita,Bali,Male,1977-05-13
E02390,Rehaan,Sheth,Female,1999-09-20
E02391,Chakradev,Raj,Female,1973-12-03
E02392,Omaja,Oommen,Male,1988-12-11
E02393,Meera,Radhakrishnan,Male,1992-07-03
E02394,Raghav,Nadig,Male,1995-02-05
E02395,Laban,Varughese,Female,1988-10-17
E02396,Amara,Varty,Female,1974-12-22
E02397,Karan,Acharya,Male,1988-10-07
E02398,Raagini,Oommen,Female,1994-05-15
E02399,Brinda,Brahmbhatt,Male,1980-01-10
E02400,Zaid,Sastry,Male,1970-12-14
E02401,Aashi,Kadakia,Male,1977-01-28
E02402,Netra,Kibe,Male,1990-05-26
E02403,Sathvik,Ranganathan,Female,1984-12-26
E02404,Dayamai,Goyal,Female,1979-08-14
E02405,Samar,Soman,Female,1982-11-13
E02406,Simon,Sheth,Female,1989-11-08
E02407,Rohan,Sankar,Male,1981-02-02
E02408,Idika,Padmanabhan,Female,1985-01-02
E02409,Warjas,Luthra,Female,1977-01-17
E02410,Siya,Ghosh,Female,1986-11-21
E02411,Veda,Handa,Female,1972-12-17
E02412,Samesh,Luthra,Male,1992-05-29
E02413,Ubika,Dani,Female,1981-05-10
E02414,Ranbir,Sagar,Female,1984-06-18
E02415,Joshua,Minhas,Female,1977-05-23
E02416,Ikbal,Trivedi,Male,1991-05-30
E02417,Mohammed,Gupta,Male,1984-01-10
E02418,Oeshi,Wagle,Male,1989-04-05
E02419,Hemal,Anand,Female,1984-07-12
E02420,Sachi,Subramaniam,Male,1983-12-16
E02421,Girish,Sane,Male,1978-07-13
E02422,Samuel,Koshy,Female,1970-06-05
E02423,Fitan,Sant,Female,1989-01-31
E02424,Vasana,Kala,Male,1973-05-02
E02425,Siya,Magar,Female,1984-11-30
E02426,Zinal,Bhatnagar,Female,1973-04-15
E02427,Guneet,Kala,Female,1994-05-29
E02428,Peter,Date,Female,1973-12-02
E02429,Jasmit,Radhakrishnan,Male,1998-07-13
E02430,Aarna,Om,Female,1998-06-05
E02431,Vasudha,Chana,Male,1994-11-22
E02432,Vedika,Kuruvilla,Male,1990-09-03
E02433,Advay,Krishnamurthy,Female,1982-04-30
E02434,Chanakya,Sastry,Male,1975-02-17
E02435,Kala,Krishnamurthy,Female,1978-04-18
E02436,Hemang,Char,Male,1986-12-19
E02437,Ikbal,Kurian,Male,1981-10-25
E02438,Tanveer,Goyal,Male,1982-07-05
E02439,Rachana,Sawhney,Male,1998-11-05
E02440,Yagnesh,Loke,Male,1993-04-13
E02441,Osha,Wali,Female,1970-05-14
E02442,Jagat,Ganguly,Female,1996-11-12
E02443,Aradhana,Karan,Male,1982-12-13
E02444,Triya,Palla,Male,1985-08-13
E02445,Wishi,Dutt,Female,1996-04-02
E02446,Jagat,Kapadia,Male,1973-08-07
E02447,Chakradhar,Bhatt,Female,1975-10-11
E02448,Lohit,Devi,Female,1980-05-29
E02449,Veer,Kara,Male,1988-08-29
E02450,Januja,Handa,Male,1969-01-30
E02451,Ryan,Din,Female,1989-02-02
E02452,Janaki,Dua,Male,1985-08-16
E02453,Nitara,Dhar,Female,1981-07-22
E02454,Mitesh,Grover,Male,1986-11-08
E02455,Charles,Bhatt,Female,1993-09-17
E02456,Harish,Dhillon,Male,1994-03-22
E02457,Yasti,Kant,Male,1985-02-23
E02458,Abha,Murty,Male,1994-04-03
E02459,Tripti,Swamy,Male,1993-07-12
E02460,Xalak,Ramachandran,Female,1990-10-26
E02461,Urvi,Oza,Female,1988-04-05
E02462,Yashasvi,Tandon,Female,1974-05-02
E02463,Bina,Sarna,Female,1973-09-13
E02464,Tanay,Sachdev,Male,1968-08-21
E02465,Shivani,Bakshi,Female,2000-10-14
E02466,Pushti,De,Male,1978-12-02
E02467,Krisha,Sami,Male,1993-10-05
E02468,Faraj,Narain,Male,1978-11-06
E02469,Ekansh,Shetty,Male,1977-02-13
E02470,Devika,Dhar,Female,1975-08-07
E02471,Samuel,Tank,Male,1978-06-13
E02472,Adya,Vohra,Male,1985-04-17
E02473,Aarnav,Patil,Female,1969-12-21
E02474,Radha,Patla,Female,1986-09-02
E02475,Baghyawati,Mander,Male,1997-11-10
E02476,Pranit,Soman,Male,2001-11-23
E02477,Aashi,Dugar,Male,1969-12-12
E02478,Patrick,Batra,Male,1981-07-03
E02479,Adya,Shere,Male,1992-07-09
E02480,Vanya,Raghavan,Female,1986-09-08
E02481,Brinda,Tara,Male,1988-07-16
E02482,Anjali,Chawla,Male,1975-12-19
E02483,Bhavna,Johal,Male,1992-11-15
E02484,Agastya,Mutti,Male,1980-10-24
E02485,Chanakya,Raghavan,Male,1989-08-22
E02486,Nisha,Dutta,Male,1993-11-09
E02487,Zinal,Bora,Male,1970-10-11
E02488,Onkar,Mall,Male,1992-01-20
E02489,Zehaan,Batra,Male,1990-05-22
E02490,Gavin,Yogi,Male,1979-11-06
E02491,Manbir,Subramanian,Male,1977-08-22
E02492,Veer,Tandon,Male,1987-02-01
E02493,Leela,Kade,Male,1987-12-12
E02494,Qarin,Chanda,Male,1993-05-05
E02495,Abha,Goel,Male,1982-08-09
E02496,Gunbir,Kapur,Male,1978-01-08
E02497,Finn,Ahuja,Male,1976-11-08
E02498,Zehaan,Tak,Female,1992-01-06
E02499,Azaan,Vohra,Male,1977-07-03
E02500,Samaksh,Bassi,Female,1981-12-06
E02501,Vanya,Doctor,Male,1977-09-06
E02502,Krisha,Mall,Female,1978-07-07
E02503,Sanaya,Raman,Male,1984-11-17
E02504,Udarsh,Gaba,Male,1991-08-19
E02505,Xiti,Balan,Male,1988-09-04
E02506,Omya,Srivastava,Female,1998-03-12
E02507,Ganga,Sachdev,Female,1987-06-18
E02508,Radha,Bakshi,Female,1995-02-26
E02509,Indrajit,Narang,Male,1973-10-28
E02510,Tanish,Swaminathan,Female,1986-05-17
E02511,Anika,Murty,Male,1980-02-14
E02512,Bhavika,Contractor,Male,1991-11-23
E02513,Isha,Yadav,Male,1984-03-31
E02514,Avni,Raju,Female,1968-01-19
E02515,Ekani,Bhatti,Female,1985-04-25
E02516,Patrick,Krishna,Female,1973-05-26
E02517,Laban,Mannan,Male,2000-06-27
E02518,Aahana,Savant,Male,1983-10-31
E02519,Keya,Chakrabarti,Male,1979-07-19
E02520,Prisha,Dara,Female,1981-04-17
E02521,Nidhi,Murthy,Male,1976-08-03
E02522,Kala,Rout,Female,1980-05-11
E02523,Darpan,Kala,Female,1986-12-03
E02524,Zaid,Saran,Male,1974-03-25
E02525,Unnati,Mital,Male,1979-08-13
E02526,Banjeet,Padmanabhan,Male,1989-07-12
E02527,Yachana,Ratta,Female,1966-02-09
E02528,Krish,Mahajan,Male,1984-06-28
E02529,Balhaar,Vala,Male,1989-07-31
E02530,Utkarsh,Mukhopadhyay,Male,1984-11-07
E02531,Gagan,Mand,Male,1963-07-27
E02532,Ekaraj,Dyal,Female,1973-10-24
E02533,Nicholas,Suri,Male,1987-07-19
E02534,Ayushman,Bhatnagar,Male,1988-06-28
E02535,Zilmil,Chaudhary,Female,1997-01-09
E02536,Nisha,Maharaj,Female,1972-02-27
E02537,Bachittar,Venkatesh,Male,1983-06-01
E02538,Timothy,Malhotra,Male,1979-09-05
E02539,Fariq,Radhakrishnan,Male,1972-07-24
E02540,Oliver,Karnik,Female,1987-07-31
E02541,Mitali,Sani,Male,1984-02-01
E02542,Xavier,Mitra,Male,1981-07-03
E02543,Manan,Badami,Male,2000-11-27
E02544,Baghyawati,Puri,Male,2000-07-26
E02545,Simon,Singh,Male,1978-02-24
E02546,Dalbir,Rout,Female,1979-08-02
E02547,Hamsini,Mutti,Male,1975-04-01
E02548,Wakeeta,Krishna,Female,1993-10-06
E02549,Nidhi,Mody,Male,1979-08-22
E02550,Hitesh,Manda,Male,1993-04-18
E02551,Nitara,Kaul,Female,1989-01-29
E02552,Hardik,Choudhry,Female,1978-12-12
E02553,Tanveer,Goda,Male,1968-09-29
E02554,Zehaan,Balay,Male,1981-07-08
E02555,Arya,Chaudhary,Male,1988-01-15
E02556,Forum,Din,Male,1972-02-14
E02557,Ridhi,Thakkar,Female,1980-03-31
E02558,Dhruv,Bhatia,Female,1975-08-23
E02559,Peter,Manda,Female,1974-07-25
E02560,Indrajit,Setty,Female,1979-04-14
E02561,Charita,Mukhopadhyay,Female,1979-08-21
E02562,Advika,Saraf,Male,1993-07-23
E02563,Varenya,Acharya,Female,1977-12-03
E02564,Aradhana,Dube,Female,1998-02-09
E02565,Balveer,Sarin,Female,1989-02-12
E02566,Eta,Chad,Male,1989-12-04
E02567,Oni,Sahni,Female,1998-12-28
E02568,Eiravati,Yogi,Male,1992-09-05
E02569,Samarth,Soni,Male,1991-08-31
E02570,Widisha,Mani,Male,1975-02-21
E02571,Hema,Dora,Male,1978-03-03
E02572,Adya,Bath,Female,1985-06-06
E02573,Lakshit,Bajwa,Female,1978-10-13
E02574,Ucchal,Virk,Male,1989-01-16
E02575,Idika,Madan,Female,1993-07-09
E02576,Suhani,Kalla,Female,1996-01-10
E02577,Raksha,Sood,Male,1980-07-16
E02578,Laksh,Madan,Male,1982-11-02
E02579,Ayush,Viswanathan,Male,1985-07-08
E02580,Pushti,Char,Female,1991-01-31
E02581,Libni,Rai,Female,1982-02-24
E02582,Arunima,Chanda,Female,1981-08-16
E02583,Indira,Raval,Male,1991-04-09
E02584,Urvashi,Mand,Female,1975-12-05
E02585,Kala,Kulkarni,Female,1987-07-05
E02586,Megha,Pai,Male,1986-08-28
E02587,Yashodhara,Gade,Male,1992-02-08
E02588,Balvan,Shere,Male,1983-08-08
E02589,Rajeshri,Bhatti,Female,1989-02-13
E02590,Zashil,Mammen,Female,1983-08-09
E02591,Darsh,Saini,Male,1988-06-02
E02592,Siya,Bala,Female,1991-07-20
E02593,Barkha,Prakash,Male,1978-03-13
E02594,Qabil,Wagle,Female,1993-07-07
E02595,Nitesh,Bhavsar,Female,1995-04-23
E02596,Falguni,Lata,Male,1999-11-14
E02597,Kamya,Sarna,Male,1997-05-08
E02598,Dakshesh,Sani,Female,1979-04-08
E02599,Gautam,Sabharwal,Female,1999-10-21
E02600,Harish,Yogi,Female,1981-10-18
E02601,Frederick,Parikh,Female,1995-11-14
E02602,Qasim,Sankaran,Female,1982-02-06
E02603,Harinakshi,Taneja,Male,1989-02-21
E02604,Ekta,Samra,Female,1965-04-17
E02605,Ishwar,Contractor,Male,1996-08-03
E02606,Vanya,Chhabra,Female,1987-01-02
E02607,Tripti,Mahal,Female,1978-12-24
E02608,Ekiya,Ghose,Male,1988-06-16
E02609,Christopher,D’Alia,Male,1991-04-06
E02610,Tanmayi,Shankar,Male,1998-01-02
E02611,Qabil,Kashyap,Female,1995-09-16
E02612,Wazir,Chowdhury,Male,1983-08-26
E02613,Rajata,Sharaf,Female,1967-10-10
E02614,Pratyush,Hayer,Male,1989-02-16
E02615,Ishita,Chopra,Female,1993-02-11
E02616,Kevin,Krishnamurthy,Female,1972-03-28
E02617,Yashodhara,Sachdev,Male,1977-08-04
E02618,Dhruv,Pillai,Male,1982-08-08
E02619,Bhavna,Contractor,Female,1976-02-10
E02620,Guneet,Sant,Male,1976-10-10
E02621,Sai,Grewal,Male,1986-06-04
E02622,Robert,Seth,Male,1993-03-01
E02623,Rachana,Sampath,Male,1993-04-15
E02624,Devansh,Chakrabarti,Male,1971-02-14
E02625,Onkar,Ratta,Female,1987-05-22
E02626,Urvi,Bora,Male,1974-10-30
E02627,Geetika,Kashyap,Female,1987-07-30
E02628,Gaurang,Dada,Female,1984-03-24
E02629,Yashasvi,Merchant,Female,1989-10-05
E02630,Zehaan,Sen,Female,1986-07-06
E02631,Tripti,Basak,Male,1991-11-20
E02632,Omaja,Narayan,Female,1994-02-20
E02633,Isha,Bandi,Male,1982-09-11
E02634,Kai,Radhakrishnan,Female,1974-01-09
E02635,Yagnesh,Chaudhry,Female,1988-05-25
E02636,Jagrati,Dora,Female,1980-08-09
E02637,Upadhriti,Bora,Female,1980-02-19
E02638,Diya,Virk,Male,1977-01-12
E02639,Hritik,Edwin,Female,1991-12-16
E02640,Xiti,Bora,Female,1998-11-11
E02641,Finn,Amble,Male,1982-04-05
E02642,Neha,Chakraborty,Male,1983-11-20
E02643,Jatin,Nori,Female,1972-06-07
E02644,Faqid,Jani,Female,1980-04-02
E02645,Bina,Gole,Male,1983-02-05
E02646,Peter,Nayar,Male,1991-07-25
E02647,Isaac,Kulkarni,Female,1980-04-02
E02648,Faras,Pandit,Female,1980-09-14
E02649,David,Tara,Male,1981-02-04
E02650,Teerth,Lad,Female,1980-05-04
E02651,Ishwar,Sachdeva,Male,1984-04-14
E02652,Ria,Dada,Male,1985-02-24
E02653,Bachittar,Minhas,Female,1992-05-09
E02654,Oliver,Luthra,Female,1999-04-16
E02655,Balveer,Nagy,Female,1975-01-09
E02656,Anmol,Vig,Female,1976-10-02
E02657,Joshua,Toor,Male,1983-06-23
E02658,Jackson,Bassi,Male,1989-11-02
E02659,Nikita,Sahni,Male,1974-10-20
E02660,Abhiram,Edwin,Male,1992-02-24
E02661,Anjali,Ahuja,Female,1995-05-10
E02662,Vansha,Sheth,Male,1982-04-18
E02663,Gayathri,Parmar,Male,1981-12-06
E02664,Bakhshi,Rastogi,Male,1988-01-15
E02665,Sachi,Shanker,Female,1990-06-14
E02666,Vyanjana,Dutta,Female,1982-03-03
E02667,Urmi,Bains,Female,1989-07-03
E02668,Theodore,Lall,Male,1980-07-21
E02669,Ishwar,Mittal,Female,1986-03-22
E02670,Liam,Trivedi,Male,1976-02-21
E02671,Kashvi,Kannan,Male,1991-10-06
E02672,Shravya,Parmer,Male,1985-03-21
E02673,Divya,Ramanathan,Female,1996-07-31
E02674,Fiyaz,Ganesh,Male,1993-09-26
E02675,Aryan,Toor,Female,1993-06-09
E02676,Yahvi,Dada,Male,1996-09-26
E02677,Geetika,Samra,Female,1973-06-26
E02678,Ganga,Dora,Male,1992-10-06
E02679,Andrew,Kant,Female,1984-11-27
E02680,Watika,Subramanian,Female,1984-03-19
E02681,Mohini,Patla,Male,2002-06-30
E02682,Priya,Setty,Female,1995-07-17
E02683,Amol,Choudhury,Female,1979-01-09
E02684,Parth,Atwal,Female,1964-09-15
E02685,Falan,Ram,Female,2002-06-28
E02686,Jasmit,Pillay,Male,1998-11-13
E02687,Janani,Kumer,Female,1976-11-12
E02688,Bishakha,Narayan,Female,1987-02-26
E02689,Triveni,Deol,Male,1996-09-04
E02690,Daniel,Karan,Male,1978-07-12
E02691,Chandran,Pau,Female,1999-07-13
E02692,Manthan,Sandal,Female,1972-09-16
E02693,Damini,Sathe,Male,1978-12-14
E02694,Ranbir,Bhatnagar,Female,1988-12-26
E02695,Ayushman,Lanka,Female,1984-02-18
E02696,Tanmayi,Sidhu,Female,1980-04-06
E02697,Tara,Bhattacharyya,Female,1987-02-06
E02698,Yoshita,Rao,Female,1972-03-24
E02699,Jeremiah,Rajagopal,Male,1967-12-11
E02700,Sanya,Sathe,Male,1976-01-31
E02701,Rayaan,Datta,Female,1985-12-17
E02702,Neha,Garg,Female,1986-12-23
E02703,Kala,Edwin,Male,1984-12-19
E02704,Avni,Chowdhury,Male,1980-10-15
E02705,Alexander,Chandra,Male,1992-02-25
E02706,Jagrati,Wali,Male,1992-06-30
E02707,Urvi,Swaminathan,Male,1980-11-18
E02708,Christopher,Gour,Female,1989-07-02
E02709,Lohit,Pathak,Male,1975-05-09
E02710,Chanakya,Goel,Female,1982-08-27
E02711,Jeevika,Prashad,Female,1983-08-31
E02712,Omya,Prashad,Female,1989-12-11
E02713,Widisha,Gera,Male,1984-01-23
E02714,Anmol,Shankar,Female,1996-09-01
E02715,Inaya,Samra,Male,1990-05-08
E02716,Widisha,Kale,Male,1980-03-05
E02717,Advika,Bail,Male,1984-11-13
E02718,Oscar,Chawla,Male,1977-07-29
E02719,Irya,Bose,Female,2001-05-29
E02720,Praneel,Bahl,Female,1976-01-07
E02721,Krishna,Narasimhan,Female,1987-01-13
E02722,Ekbal,Ghose,Male,1987-07-26
E02723,Charita,Devi,Female,1982-05-12
E02724,Vanya,Muni,Male,1981-02-18
E02725,Faras,Sha,Male,1998-05-10
E02726,Reyansh,Oza,Male,1995-09-27
E02727,Laban,Amble,Female,1979-04-07
E02728,Abdul,Karpe,Male,1984-01-02
E02729,Bakhshi,Choudhary,Male,1970-10-12
E02730,Luke,Kapadia,Female,1994-06-24
E02731,Aahana,Gaba,Male,1990-02-03
E02732,Wakeeta,Ramanathan,Male,1979-08-27
E02733,Caleb,Din,Female,1983-08-25
E02734,Daksh,Rajagopal,Female,1986-11-16
E02735,Warinder,Bandi,Female,1997-08-23
E02736,Umang,Dass,Female,1987-04-10
E02737,Aashi,Mohan,Female,1985-01-16
E02738,Samaksh,Kaul,Male,1981-01-10
E02739,Chaitaly,Brahmbhatt,Male,1990-10-08
E02740,Chavvi,Chokshi,Male,1977-06-16
E02741,Bimala,Bajwa,Male,2001-11-18
E02742,Vrinda,Pant,Male,1979-01-12
E02743,Kashish,Venkatesh,Male,1978-08-29
E02744,Anvi,Tara,Male,1985-03-31
E02745,Shivani,Sem,Male,1990-10-13
E02746,Kamya,Sarraf,Female,1980-02-25
E02747,Watika,Ramanathan,Male,1999-04-20
E02748,Ekanta,Kurian,Female,1992-02-07
E02749,Raksha,Goda,Female,1993-08-21
E02750,Yoshita,Ganesan,Male,1987-01-08
E02751,Nitara,Badami,Female,1973-01-31
E02752,Saumya,Badal,Male,1978-07-28
E02753,Yamini,Baria,Male,1983-05-23
E02754,Brinda,Deshpande,Male,1987-07-12
E02755,Kala,Menon,Female,1985-08-05
E02756,Panini,Yohannan,Female,1994-06-25
E02757,Ikshita,Purohit,Male,1973-10-17
E02758,Yahvi,Majumdar,Female,1990-12-02
E02759,Charles,Muni,Female,1980-01-02
E02760,Sachi,Bhalla,Male,1988-07-25
E02761,Charles,Pandit,Male,1980-02-16
E02762,Charita,Dayal,Female,1989-09-13
E02763,Manan,Ramachandran,Male,1977-11-22
E02764,Samar,Sunder,Female,1992-05-20
E02765,Zilmil,Kunda,Female,1997-09-29
E02766,Ayush,Goel,Male,1977-02-08
E02767,Edhitha,Bera,Male,1980-01-29
E02768,Chaitaly,Chad,Female,1979-03-10
E02769,Umang,Raval,Female,1979-05-01
E02770,Banjeet,Arora,Female,1994-10-20
E02771,Ekta,Malhotra,Female,1974-11-30
E02772,Urvi,Randhawa,Male,1990-11-21
E02773,Unni,Sethi,Female,1979-02-09
E02774,Bahadurjit,Natt,Male,1993-05-28
E02775,Aradhana,Saini,Male,1991-01-21
E02776,Chaman,Dalal,Female,1988-10-21
E02777,Yutika,Garde,Male,1987-05-19
E02778,Vincent,Varma,Female,1982-12-16
E02779,Anjali,Patel,Female,1991-10-17
E02780,Eiravati,Mittal,Female,1997-07-24
E02781,Leela,Kari,Male,1987-09-27
E02782,Onkar,Chand,Female,1977-09-03
E02783,Henry,Bora,Male,1991-10-21
E02784,Nidhi,Shukla,Male,1989-08-01
E02785,Fariq,Kalita,Male,1985-01-26
E02786,Pratyush,Kamdar,Female,1979-03-25
E02787,Anita,Ramachandran,Male,2001-10-19
E02788,Forum,Puri,Female,1971-10-29
E02789,Frado,Tailor,Female,1989-06-04
E02790,Rajeshri,Ganguly,Female,1981-10-10
E02791,Rishi,Lanka,Male,1983-06-22
E02792,Ansh,Saraf,Male,1991-08-20
E02793,Balendra,Ravi,Male,1981-08-12
E02794,Pranav,Chaudhry,Male,1996-10-30
E02795,Ekavir,Tripathi,Female,1978-04-25
E02796,Ikbal,Sawhney,Male,1979-05-03
E02797,Dayamai,Mangal,Female,1987-12-22
E02798,Lekha,Rai,Female,1995-05-12
E02799,Dev,Chada,Male,1978-06-28
E02800,Vedika,Mammen,Female,1979-06-15
E02801,Urvashi,Bhatti,Male,1987-06-16
E02802,Kalpit,Magar,Female,1991-02-27
E02803,Ethan,Upadhyay,Male,1989-11-11
E02804,Harrison,Jha,Male,1988-06-19
E02805,Chatresh,Shroff,Male,1990-11-25
E02806,Nitara,Barman,Male,1990-11-13
E02807,Alexander,Dubey,Female,1987-05-27
E02808,Zayan,Saini,Male,1974-08-28
E02809,Brijesh,Merchant,Male,1974-07-07
E02810,Banjeet,Pandit,Male,1992-05-11
E02811,Aarna,Sehgal,Female,1999-04-03
E02812,Gagan,Sankar,Male,1987-02-08
E02813,Fiyaz,Suresh,Male,1980-09-11
E02814,Janya,Sawhney,Male,1973-12-18
E02815,Netra,Walla,Male,1985-01-17
E02816,Abdul,Lad,Female,1984-03-14
E02817,Hemal,Kothari,Male,1992-03-21
E02818,Wakeeta,Nadig,Male,1995-04-05
E02819,Upma,Divan,Female,1986-12-12
E02820,Pavani,Nair,Female,1999-04-13
E02821,Divya,Kumar,Male,1983-12-09
E02822,Urvi,Borde,Female,1980-06-15
E02823,Udarsh,Bhardwaj,Female,1991-07-18
E02824,Nandini,Sem,Female,1996-09-10
E02825,Udant,Dasgupta,Male,1976-12-12
E02826,Dalaja,Comar,Female,1994-05-07
E02827,Arya,Chokshi,Female,1979-03-17
E02828,Meghana,Viswanathan,Male,1993-04-15
E02829,Irya,Patel,Male,1992-02-21
E02830,Falguni,Radhakrishnan,Female,1982-06-16
E02831,Bhanumati,Batta,Male,1975-01-18
E02832,Lajita,Mammen,Female,1981-07-16
E02833,Bhavna,Raj,Male,1977-11-27
E02834,Lakshmi,Sami,Male,1985-09-29
E02835,Dipta,Venkataraman,Male,1988-08-08
E02836,Shravya,Seshadri,Male,1993-06-04
E02837,Lavanya,Loke,Female,1966-07-08
E02838,Sanaya,Butala,Female,1992-10-28
E02839,Chandani,Ravi,Female,1995-05-30
E02840,Odika,Keer,Male,1980-12-14
E02841,Yamini,Randhawa,Female,1982-01-17
E02842,Qushi,Nayak,Male,1995-06-27
E02843,Tanveer,Suresh,Male,1999-01-13
E02844,Falak,Dara,Female,1961-12-09
E02845,Kalpit,Master,Male,1977-11-06
E02846,Ekaja,Pandey,Male,1983-09-22
E02847,Joshua,Ratti,Female,1978-07-18
E02848,Owen,Chauhan,Male,1993-04-29
E02849,Urvi,Chahal,Male,1992-01-08
E02850,Harini,Banik,Female,1982-10-16
E02851,Zaitra,Grewal,Female,1972-06-05
E02852,Osha,Manne,Male,1986-05-12
E02853,Tanveer,Tara,Female,1973-11-18
E02854,Amrita,Dhaliwal,Male,1987-12-22
E02855,Nathan,Mandal,Male,1990-11-22
E02856,Urishilla,Rattan,Female,1992-10-14
E02857,Aryan,Kadakia,Female,1982-11-25
E02858,Fariq,Deshpande,Male,1985-01-14
E02859,Mitesh,Garg,Female,1971-10-02
E02860,Warhi,Mital,Female,1974-09-29
E02861,Gabriel,Chokshi,Female,1994-11-20
E02862,Pallavi,Ramanathan,Female,1981-04-26
E02863,Aarnav,Bhatti,Male,1999-10-04
E02864,Vansha,Das,Female,1979-09-21
E02865,Vedant,Anne,Female,1982-09-06
E02866,Samaksh,Baral,Male,1976-04-02
E02867,Patrick,Bains,Male,1980-09-22
E02868,Gavin,Barman,Male,1980-12-11
E02869,Adya,Pandey,Female,1997-10-06
E02870,Sachi,Kumar,Male,1990-10-31
E02871,Dakshesh,Ahuja,Female,1995-06-15
E02872,Forum,Bhat,Female,1979-12-08
E02873,Arunima,Balan,Male,1999-08-24
E02874,Leena,Sani,Male,1980-04-09
E02875,Farhan,Pal,Female,1982-03-23
E02876,Peter,Raman,Female,1994-06-27
E02877,Daniel,Chanda,Male,1981-05-10
E02878,Pranav,Sarkar,Male,1998-02-17
E02879,Wazir,Sachdev,Female,1972-06-24
E02880,Laban,Natarajan,Female,2001-06-19
E02881,Ikshita,Bhardwaj,Female,1979-06-07
E02882,Xalak,Apte,Male,1986-03-27
E02883,Tanish,Bhasin,Male,1995-01-10
E02884,Warinder,Shah,Male,1972-11-13
E02885,Sathvik,Ravi,Male,1997-06-23
E02886,Qabil,Sanghvi,Female,1999-01-06
E02887,Robert,Nayak,Male,1975-09-23
E02888,Farhan,Sengupta,Female,1972-04-03
E02889,Wishi,Kamdar,Female,1982-04-05
E02890,Nisha,Boase,Male,1986-12-13
E02891,Yatin,Agarwal,Male,1982-06-03
E02892,Pushti,Barman,Female,1989-11-22
E02893,Simon,Varghese,Male,1992-10-06
E02894,Kabir,Basu,Male,1967-10-11
E02895,Fitan,Mittal,Male,1990-07-31
E02896,Sanaya,Goswami,Male,1980-06-29
E02897,Sanya,Gopal,Male,1985-12-19
E02898,Warhi,Balay,Male,2000-04-25
E02899,Simon,Anne,Female,1973-07-03
E02900,Pranav,Bassi,Female,1983-12-09
E02901,Arjun,Kala,Male,1966-11-01
E02902,Ekaja,Gulati,Female,1984-11-06
E02903,Ira,Solanki,Male,1994-03-23
E02904,Sai,Taneja,Male,1992-10-04
E02905,Vedant,Wali,Female,1977-02-10
E02906,Akshay,Lanka,Male,2001-12-14
E02907,Max,Saxena,Male,1977-09-22
E02908,Charles,Ben,Female,1988-12-25
E02909,Riya,Saha,Male,1983-01-19
E02910,Krisha,Sule,Male,1979-06-10
E02911,Anya,Lall,Male,1982-03-08
E02912,Leela,Dhingra,Male,1988-06-08
E02913,Megha,Sridhar,Male,1998-02-18
E02914,Zinal,Menon,Male,1971-03-09
E02915,Chaaya,Rau,Female,1990-08-26
E02916,Vasatika,Prashad,Female,1985-02-11
E02917,Frado,Aggarwal,Male,1979-06-19
E02918,Vamakshi,Roy,Male,1983-02-01
E02919,Isha,Dugal,Female,1978-03-05
E02920,Ekansh,Manne,Female,1991-03-20
E02921,Yashodhara,Sura,Male,1977-02-21
E02922,Yashvi,Parsa,Female,1988-11-09
E02923,Damini,Madan,Male,1980-05-27
E02924,Bina,Ravi,Male,1993-05-24
E02925,Rishi,Ratta,Female,1997-11-20
E02926,Lekha,Ramakrishnan,Female,1985-11-19
E02927,Hritik,Reddy,Female,1993-01-08
E02928,Urmi,Balan,Female,1974-09-27
E02929,Udarsh,Kar,Male,1979-05-20
E02930,Tripti,Rege,Male,1976-12-10
E02931,Vaishnavi,Yogi,Male,1983-01-02
E02932,Ansh,Trivedi,Female,1976-12-24
E02933,Bimala,Mitra,Male,1994-04-08
E02934,Yatan,Borra,Male,1992-08-13
E02935,Leela,Kakar,Male,1978-07-10
E02936,Ishwar,Purohit,Male,1977-06-18
E02937,Ekavir,Vala,Male,1973-02-15
E02938,Hemang,Chanda,Female,1978-05-04
E02939,Dalbir,Mangal,Male,1988-11-28
E02940,Yashodhara,Naidu,Male,1987-07-30
E02941,Harini,Chaudhuri,Female,1993-03-17
E02942,Wriddhish,Buch,Male,1986-05-12
E02943,Chameli,Agarwal,Female,1977-09-04
E02944,Vaishnavi,Deo,Male,1998-08-20
E02945,Darsh,Sachar,Male,1985-06-07
E02946,Vedhika,Bail,Female,1984-06-04
E02947,Xiti,Agrawal,Male,1994-08-29
E02948,Sachi,Bobal,Male,1975-08-24
E02949,Atharv,Ganguly,Female,1991-08-20
E02950,Yasti,Kar,Female,1972-08-06
E02951,Hemangini,Yogi,Female,1981-05-13
E02952,Maanav,Nayar,Male,1994-05-04
E02953,Chakradhar,Tiwari,Male,1994-12-01
E02954,Anay,Modi,Female,1994-03-23
E02955,Girik,Mahal,Female,1980-01-21
E02956,Hritik,Chokshi,Male,1969-06-27
E02957,Radhika,Majumdar,Female,1982-05-01
E02958,Panini,Naik,Male,1990-12-20
E02959,Vidhi,Dewan,Male,1992-03-25
E02960,Tanish,Kalla,Female,1993-09-18
E02961,Harinakshi,Ramanathan,Male,1982-02-27
E02962,Vedika,Gole,Female,1999-12-06
E02963,Aachal,Pant,Female,1981-12-24
E02964,Jalsa,Raval,Male,1978-08-25
E02965,Charvi,Narasimhan,Female,1972-11-28
E02966,Vasana,Sethi,Female,1983-10-03
E02967,Noah,Boase,Male,2000-03-12
E02968,Kalpit,Sethi,Female,1989-11-17
E02969,Chakradev,Mahal,Female,1969-11-28
E02970,Nilima,Gour,Female,1985-12-28
E02971,Upkaar,Dua,Female,1968-06-21
E02972,Diya,Jha,Female,1979-11-06
E02973,Wyatt,Kalita,Male,1984-01-16
E02974,Hitesh,Sachdeva,Male,1995-09-04
E02975,Varsha,Hayer,Male,1983-06-30
E02976,William,Gour,Female,1978-10-22
E02977,Wridesh,Goel,Male,1976-09-17
E02978,Varenya,Nair,Female,1980-04-19
E02979,Siddharth,Pandey,Male,1987-02-21
E02980,Ronith,Sharaf,Female,1987-03-26
E02981,Ishani,Gade,Male,1993-06-18
E02982,Bhavika,Desai,Male,1988-06-27
E02983,Eshana,Tripathi,Male,1994-10-13
E02984,Wyatt,Venkatesh,Male,1979-05-12
E02985,Abha,Prabhu,Female,1969-12-17
E02986,Charita,Arora,Female,2000-09-21
E02987,Om,Madan,Female,1992-10-15
E02988,Diya,Basak,Male,1988-04-25
E02989,Simon,Sule,Male,1984-09-13
E02990,Inaya,Joshi,Male,1977-04-18
E02991,Ishani,Rattan,Male,1982-10-19
E02992,Vyanjana,Subramaniam,Female,1984-02-09
E02993,Anusha,Khanna,Male,1976-12-17
E02994,Lohit,Bir,Male,1996-04-05
E02995,Jagvi,Bhalla,Female,1979-02-23
E02996,Jai,Guha,Female,1983-09-21
E02997,Zinal,Deshpande,Male,1992-05-16
E02998,Daksh,Ratti,Male,1978-04-19
E02999,Wakeeta,Mukhopadhyay,Female,1983-01-04
E03000,Jalsa,Bobal,Male,1968-06-29
E03001,Nihal,Prabhu,Female,1978-10-27
E03002,Aradhana,Das,Male,1980-02-02
E03003,Quincy,Sastry,Male,1986-09-16
E03004,Laksh,Pillay,Female,1979-08-18
E03005,Nikita,Kuruvilla,Female,1998-11-23
E03006,Ati,Halder,Male,1983-08-15
E03007,Arunima,Thakkar,Male,1992-10-30
E03008,Vritti,Tandon,Male,1979-10-25
E03009,Ekta,Wason,Male,1979-05-24
E03010,Abha,Bir,Male,1980-01-21
E03011,Lavanya,Shan,Female,1985-06-20
E03012,Falguni,Chandra,Female,1971-04-18
E03013,Qadim,Chaudhuri,Female,1978-02-08
E03014,Nirja,Bhalla,Female,1987-12-14
E03015,Aarav,Chhabra,Female,1976-01-18
E03016,Kevin,Pall,Female,1984-03-02
E03017,Faraj,Murthy,Female,1994-03-03
E03018,Urvashi,Loyal,Male,1977-09-23
E03019,Tara,Mall,Male,1974-10-20
E03020,Kevin,Cherian,Female,1978-09-16
E03021,Advaith,Rattan,Male,1987-10-11
E03022,Manya,Manne,Male,1974-04-07
E03023,Eshana,Narang,Female,1983-11-21
E03024,Saanvi,Agrawal,Female,1991-04-03
E03025,Sneha,Shenoy,Female,1984-06-12
E03026,Jonathan,Virk,Male,1970-09-28
E03027,Daniel,Ramakrishnan,Female,1989-02-26
E03028,Widisha,Kamdar,Male,1988-04-12
E03029,Naksh,Sastry,Male,1987-09-16
E03030,Jagat,Soni,Female,1973-05-11
E03031,Omkaar,Sodhi,Female,1994-05-04
E03032,Samar,Sen,Male,1974-05-13
E03033,Ansh,Lala,Male,1976-12-06
E03034,Mekhala,Sidhu,Female,1978-03-07
E03035,Yatan,Narayan,Male,1984-01-20
E03036,Tristan,Konda,Male,1979-10-07
E03037,Falguni,Dubey,Male,1987-02-28
E03038,Ekiya,Rau,Male,1976-09-26
E03039,Max,Balay,Male,1979-06-20
E03040,Dakshesh,Bhakta,Female,1979-04-01
E03041,Tanmayi,Mani,Male,1997-02-11
E03042,Bachittar,Basu,Female,1964-04-29
E03043,Brijesh,Upadhyay,Female,1980-03-15
E03044,Abha,Tella,Male,1970-06-24
E03045,Raksha,Dutta,Female,1976-10-27
E03046,Krish,Saini,Female,1993-06-19
E03047,Shivani,Radhakrishnan,Female,1992-10-17
E03048,Orinder,Mohan,Female,1986-01-15
E03049,Damyanti,Hari,Female,1996-02-15
E03050,Indrajit,Majumdar,Male,1980-07-16
E03051,Adya,Divan,Female,1986-05-29
E03052,Janya,Sharma,Male,1985-10-13
E03053,Eta,Hari,Female,1999-03-13
E03054,Aashi,Virk,Female,1985-08-15
E03055,Odika,Shukla,Female,1993-01-09
E03056,Aditya,Virk,Male,1988-02-19
E03057,Charan,Jayaraman,Female,1987-04-13
E03058,Zaitra,Vaidya,Female,2000-07-03
E03059,Yug,Sheth,Male,1983-05-05
E03060,Aarush,Gala,Female,1980-05-07
E03061,Brijesh,Sachdeva,Male,1983-08-22
E03062,Agastya,Dave,Female,1997-11-22
E03063,George,Ray,Male,2002-05-12
E03064,Mohini,Raghavan,Female,1999-09-11
E03065,Osha,Sule,Male,1991-08-14
E03066,Shivansh,Bora,Male,1997-04-11
E03067,Forum,Biswas,Female,1970-03-19
E03068,Udarsh,Ben,Female,1972-06-21
E03069,Jhalak,Kurian,Female,1990-10-14
E03070,Mitesh,Prasad,Female,1986-11-21
E03071,Aarna,Sridhar,Male,1991-08-14
E03072,Oni,Merchant,Female,1982-09-06
E03073,Tanveer,Kulkarni,Female,1992-05-06
E03074,Jatin,Manda,Female,1988-05-18
E03075,Tarak,Chad,Female,1987-04-05
E03076,Kala,Bhat,Male,1979-11-08
E03077,Udyati,Keer,Male,1990-03-08
E03078,Diya,Kulkarni,Female,1980-07-24
E03079,Upasna,Hans,Male,1994-08-19
E03080,Matthew,Kale,Male,1995-02-17
E03081,Yashodhara,Majumdar,Male,1992-08-08
E03082,Rehaan,Khatri,Male,1982-09-24
E03083,Warhi,Borah,Male,1992-10-04
E03084,Gagan,Srinivasan,Female,1989-02-09
E03085,Hiral,Ben,Male,1986-07-19
E03086,Ekantika,Mammen,Male,1981-11-11
E03087,Radha,Om,Male,1987-12-12
E03088,Advik,Jain,Female,1994-10-29
E03089,Ridhi,Taneja,Female,1979-04-08
E03090,Yashodhara,Nagy,Female,1993-02-06
E03091,Anusha,Lanka,Male,1988-10-08
E03092,Maanas,Balasubramanian,Male,1986-05-16
E03093,Nathan,Devi,Male,1987-11-19
E03094,Harinakshi,Kannan,Female,2002-03-15
E03095,Vamakshi,Kuruvilla,Male,1987-07-23
E03096,Manya,Bedi,Male,1973-12-17
E03097,Yatin,Bhatnagar,Female,1996-08-31
E03098,Falak,Barman,Male,1989-06-20
E03099,Lajita,Dhar,Female,1984-06-02
E03100,Radha,Mangal,Female,1989-12-01
E03101,Dakshesh,Subramanian,Female,1979-05-19
E03102,Benjamin,Ahuja,Female,1980-04-04
E03103,Abeer,Bhandari,Male,1985-12-02
E03104,Widisha,Chandra,Female,1986-08-18
E03105,Arya,Kade,Male,1998-05-25
E03106,Advay,Deshmukh,Male,1985-10-06
E03107,Vasatika,Sanghvi,Female,1973-05-26
E03108,Suhani,Varty,Male,1980-06-01
E03109,Neha,Chakrabarti,Female,1994-07-16
E03110,Fitan,Murthy,Female,1961-06-14
E03111,Urmi,Kibe,Male,1986-12-02
E03112,Vedhika,Sangha,Male,1992-11-16
E03113,Darpan,Modi,Female,1982-09-03
E03114,Yashvi,Nagi,Male,1997-06-21
E03115,Gaurika,Parmer,Male,1982-02-09
E03116,Sarthak,Nagy,Female,1994-01-30
E03117,Geetika,Ranganathan,Female,1982-02-24
E03118,Wyatt,Chacko,Female,1982-06-02
E03119,Yutika,Om,Female,1978-03-28
E03120,Isaiah,Yohannan,Male,1989-02-10
E03121,Vedhika,Nigam,Female,1986-03-20
E03122,Arjun,Gade,Male,1975-03-09
E03123,Urishilla,Mander,Male,1991-03-26
E03124,Dipta,Rama,Female,1993-07-17
E03125,Yashasvi,Barad,Female,1993-12-07
E03126,Tanvi,Karpe,Female,1978-01-21
E03127,Faras,Kannan,Male,1977-10-21
E03128,Girindra,Raghavan,Female,1985-03-23
E03129,Bhavika,Gill,Female,1997-09-10
E03130,Kai,Sathe,Female,1986-06-02
E03131,Ishanvi,Ramaswamy,Female,1987-11-07
E03132,Aashi,Nagarajan,Male,1993-09-14
E03133,Divya,Narayan,Male,1988-09-09
E03134,Eta,Mand,Male,1990-05-31
E03135,Yashasvi,Palla,Male,1995-08-03
E03136,Jhalak,Baria,Male,1967-02-19
E03137,Amruta,Sagar,Male,1983-10-17
E03138,Tristan,Bandi,Female,1997-03-12
E03139,Darsh,Kapadia,Female,1979-04-11
E03140,Alka,Boase,Male,1983-06-05
E03141,Harinakshi,Bir,Female,1998-09-07
E03142,Jai,Sandhu,Male,1991-11-09
E03143,Timothy,Mani,Male,1966-10-26
E03144,Chakradev,Doshi,Female,1993-03-29
E03145,Varenya,Mitra,Female,1996-08-18
E03146,Meera,Walia,Male,1980-11-30
E03147,Samuel,Mangat,Male,1992-07-26
E03148,Guneet,Mangat,Female,1984-08-12
E03149,Aarnav,Bal,Female,1989-07-20
E03150,Vasatika,Agarwal,Female,1976-12-02
E03151,Bakhshi,Deshmukh,Female,1981-04-17
E03152,Vansha,Narula,Male,1972-11-26
E03153,Charvi,Ratti,Male,1990-06-18
E03154,Aarna,Konda,Male,1984-09-16
E03155,Adweta,Bhat,Male,1993-06-26
E03156,Chandresh,Gole,Male,1992-02-22
E03157,Yashoda,Goda,Female,1985-04-12
E03158,Yatan,Krish,Female,1990-05-04
E03159,Qadim,Biswas,Female,1993-12-01
E03160,Gautami,Barad,Male,1979-06-30
E03161,Luke,Morar,Male,1991-07-10
E03162,Ekantika,Rout,Female,1981-09-14
E03163,Upadhriti,Choudhry,Female,1966-11-26
E03164,Vivaan,Halder,Male,1988-06-23
E03165,Eiravati,Karnik,Male,1984-04-24
E03166,Raghav,Chana,Male,1989-12-20
E03167,Jagrati,Amble,Male,1997-06-02
E03168,Pranit,Dass,Male,1979-07-03
E03169,Bhavya,Choudhry,Female,1978-09-30
E03170,Garima,Datta,Male,1981-10-23
E03171,Madhavi,Dasgupta,Male,1990-09-16
E03172,Aahana,Buch,Female,1990-05-20
E03173,Nathan,Deo,Female,1962-12-26
E03174,Yasti,Dayal,Female,1976-01-29
E03175,Nimrat,Bajwa,Male,1986-04-25
E03176,Tanay,Apte,Female,1987-03-01
E03177,Yasti,Agarwal,Female,1983-07-22
E03178,Harshil,Sahni,Male,1987-02-04
E03179,Reyansh,Rama,Male,1989-03-31
E03180,Balendra,Aurora,Male,1998-11-19
E03181,Yashodhara,Natarajan,Female,1988-12-08
E03182,Siddharth,Mitra,Female,1988-07-22
E03183,Krishna,Nadig,Female,1979-11-06
E03184,Rajata,Wason,Female,1992-11-05
E03185,Sanaya,Upadhyay,Male,1984-01-19
E03186,Zilmil,Wason,Female,1974-12-31
E03187,Vaishnavi,Chandran,Female,1994-03-17
E03188,Omaja,Bhakta,Female,1978-07-04
E03189,Nilima,Ghose,Male,1979-12-05
E03190,Tara,Setty,Male,1994-08-07
E03191,Tarak,Sem,Male,1980-10-27
E03192,Triveni,Pingle,Male,1980-08-28
E03193,Devansh,Reddy,Male,1992-11-11
E03194,Kala,Arya,Female,1981-12-29
E03195,Matthew,Swamy,Female,1977-12-23
E03196,Chavvi,Chowdhury,Female,1987-05-18
E03197,Warinder,Sandhu,Male,1984-05-06
E03198,Lopa,Tailor,Female,1981-04-05
E03199,Ekiya,Rastogi,Female,1978-05-06
E03200,Vedika,Mangat,Male,1985-09-18
E03201,Ekani,Bansal,Male,1983-07-14
E03202,Tristan,Shroff,Female,1981-12-26
E03203,Vamakshi,Sur,Male,1995-05-02
E03204,Xalak,Chakrabarti,Female,1986-03-10
E03205,Umang,Dhillon,Male,1971-02-05
E03206,David,Sandal,Male,1973-03-23
E03207,Chandani,Bansal,Female,1981-04-02
E03208,Chaman,Narain,Male,1972-12-29
E03209,Veer,Parikh,Female,1979-11-16
E03210,Sneha,Sibal,Male,1984-11-29
E03211,Christopher,Saran,Female,1980-06-13
E03212,Yagnesh,Suri,Female,1995-03-18
E03213,Gauri,Choudhary,Female,1994-11-30
E03214,Rachita,Narasimhan,Male,1988-11-05
E03215,Mekhala,Mistry,Female,1978-03-21
E03216,Champak,Murthy,Female,1981-01-07
E03217,Warjas,Gandhi,Male,1996-06-07
E03218,Rudra,Chander,Female,1992-11-27
E03219,Sarthak,Sankar,Male,1982-09-10
E03220,Yashawini,Sarraf,Male,1991-02-17
E03221,Zaitra,Narang,Male,1985-09-22
E03222,Sanya,Nori,Male,1982-04-01
E03223,Qushi,Tank,Female,1976-04-18
E03224,Oscar,Mukhopadhyay,Female,1980-09-07
E03225,Falguni,Boase,Female,1974-11-23
E03226,Saumya,Pandey,Male,1983-11-30
E03227,Panini,Mohan,Female,1981-03-06
E03228,Anita,Bobal,Female,1986-02-18
E03229,Hritik,Kurian,Male,1993-05-13
E03230,Ubika,Baral,Female,1979-05-01
E03231,Jagvi,Badal,Female,1993-05-27
E03232,Aarini,Bose,Female,1974-04-10
E03233,Oviya,Agarwal,Male,1977-02-25
E03234,Yadavi,Andra,Male,1987-12-04
E03235,Zilmil,Salvi,Male,1998-04-29
E03236,Finn,Chadha,Male,1987-01-04
E03237,Triya,Chaudry,Female,1987-05-02
E03238,Shivansh,Mital,Female,1975-04-19
E03239,Janya,Dewan,Male,1975-09-20
E03240,Aarnav,Loke,Female,1984-06-20
E03241,Chasmum,Gopal,Male,1975-12-17
E03242,Anita,Chhabra,Male,1989-07-05
E03243,Yahvi,Patil,Male,1975-10-01
E03244,Jalsa,Sharaf,Male,1989-09-06
E03245,Vansha,Chander,Male,1992-02-12
E03246,Anika,Rai,Female,1990-12-27
E03247,Lavanya,Chadha,Female,1989-06-12
E03248,Omisha,Banerjee,Male,1999-04-06
E03249,Ronith,Mital,Male,1996-09-25
E03250,Omisha,Joshi,Female,1994-09-06
E03251,Janaki,Chhabra,Female,1983-05-18
E03252,Oeshi,Madan,Female,1984-10-21
E03253,Frederick,Kannan,Male,1987-04-29
E03254,Triveni,Prashad,Female,1995-07-18
E03255,Urvashi,Deshmukh,Female,1993-08-13
E03256,Adya,Nigam,Female,1983-01-12
E03257,Ojas,Bal,Female,1993-10-02
E03258,Pratyush,Acharya,Female,1972-12-23
E03259,Nikita,Krish,Female,1996-04-03
E03260,Abhiram,Murthy,Female,1990-08-05
E03261,Barkha,Chandra,Male,1966-10-06
E03262,Rajata,Saxena,Male,1986-04-13
E03263,Sachi,Nadkarni,Female,1979-05-12
E03264,Aahana,Chandra,Female,1988-04-18
E03265,Isaiah,Menon,Female,1971-05-17
E03266,Ojas,Mutti,Male,1971-11-04
E03267,Azaan,Walla,Female,1990-01-04
E03268,Anmol,Chaudhary,Female,1976-10-31
E03269,Mohini,Bora,Female,1991-04-29
E03270,Divya,Chatterjee,Female,1992-01-06
E03271,Pratyush,Hari,Male,1988-08-31
E03272,Yuvraj,Sangha,Male,1971-04-26
E03273,Tanish,Modi,Male,1983-12-03
E03274,Forum,Raman,Female,1985-02-03
E03275,Turvi,Karan,Female,1979-08-06
E03276,Falguni,Seshadri,Female,1964-02-12
E03277,Kai,Sarin,Male,1986-09-19
E03278,Udarsh,Gole,Male,1981-09-19
E03279,Harshil,Varughese,Female,1979-08-28
E03280,Eiravati,Pau,Female,1975-10-22
E03281,Kritika,Suri,Male,1981-03-28
E03282,Abeer,Sachdev,Male,1980-11-14
E03283,Upadhriti,Subramanian,Female,1992-11-03
E03284,Parth,Balan,Female,1979-11-01
E03285,Jeevika,Kumar,Male,1998-01-31
E03286,Vinaya,Vyas,Male,1996-11-03
E03287,Laban,Gokhale,Female,1984-01-26
E03288,Anjali,Ramesh,Male,1979-09-02
E03289,Wakeeta,Naidu,Male,1991-05-12
E03290,Pranit,Din,Female,1988-08-11
E03291,Ridhi,Rao,Male,1972-12-11
E03292,Harita,Iyengar,Male,1993-07-30
E03293,Jairaj,Babu,Male,1972-11-04
E03294,Yashvi,Sehgal,Female,1980-12-20
E03295,Laksh,Chahal,Male,1969-07-29
E03296,Qarin,Varma,Male,1984-05-03
E03297,Upadhriti,Atwal,Female,1994-03-16
E03298,Watika,Patla,Male,1986-08-04
E03299,Jalsa,Tella,Male,1997-02-17
E03300,Damini,Munshi,Male,1971-02-01
E03301,Saksham,Pandit,Male,1996-02-23
E03302,Osha,Borra,Male,1991-08-07
E03303,Vasatika,Patla,Male,1982-08-29
E03304,Triya,Chawla,Male,1973-03-29
E03305,Jhalak,Manne,Female,1986-08-29
E03306,Rajata,Ahluwalia,Female,1963-10-22
E03307,Yasti,Prabhakar,Male,1970-11-12
E03308,Ekantika,Sachdev,Male,1985-04-02
E03309,Darika,Narayanan,Male,1983-11-28
E03310,Vidhi,Banik,Female,1993-07-27
E03311,Xalak,Kibe,Female,1972-11-21
E03312,Abeer,Dash,Male,1980-07-05
E03313,Neelima,Mukhopadhyay,Male,1998-02-01
E03314,Arunima,Shah,Female,1997-09-21
E03315,Baljiwan,Natt,Male,1975-06-10
E03316,Nathaniel,Kapoor,Female,1989-05-13
E03317,Jeet,Sarkar,Female,1983-10-19
E03318,Yash,Parmer,Female,1980-01-12
E03319,Warhi,Mani,Female,1975-04-17
E03320,Daksha,Sule,Female,1968-04-01
E03321,Kiaan,Lal,Male,1978-03-08
E03322,Urmi,Som,Male,1977-04-15
E03323,Yash,Bhat,Male,1981-03-07
E03324,Harish,Vyas,Male,1996-05-25
E03325,Faqid,Varty,Female,1975-06-05
E03326,Yashasvi,Nagi,Female,1978-03-20
E03327,Geetika,Bajaj,Male,1979-11-16
E03328,Darsh,Contractor,Male,1981-07-30
E03329,Jacob,Dey,Male,1987-09-23
E03330,Tristan,Sood,Male,1985-01-24
E03331,Krisha,Kothari,Male,1987-11-26
E03332,Manthan,Chaudhari,Female,1978-09-04
E03333,Eiravati,Gour,Female,1984-08-04
E03334,Kamya,Kale,Female,1984-03-14
E03335,Hiral,Das,Female,1996-06-04
E03336,Utkarsh,Soni,Male,1981-05-17
E03337,Oscar,Chawla,Female,1984-08-25
E03338,Fitan,Gandhi,Female,1990-12-28
E03339,Zayan,Dua,Female,1980-08-03
E03340,Anirudh,Rattan,Male,1982-01-22
E03341,Sanaya,Tara,Male,1999-10-22
E03342,Zansi,Date,Female,1973-05-01
E03343,Yatan,Ranganathan,Male,1971-09-16
E03344,Aayush,Goswami,Female,1987-03-27
E03345,Dev,Khalsa,Female,1977-05-11
E03346,Laksh,Bath,Male,1976-09-21
E03347,Chaitaly,Kalla,Male,1982-03-07
E03348,Keya,Swamy,Female,1975-03-10
E03349,Arya,Virk,Female,1977-12-31
E03350,Sneha,Chandran,Female,1987-10-19
E03351,Chanchal,Bera,Male,1985-08-07
E03352,Lila,Khurana,Female,1985-05-06
E03353,Daksha,Narang,Male,1989-12-05
E03354,Girish,Sodhi,Female,1995-07-20
E03355,Dhriti,Menon,Male,1987-01-22
E03356,Samarth,Lad,Female,1982-12-17
E03357,Ria,Ram,Female,1992-06-22
E03358,Yashodhara,Kibe,Female,1971-04-26
E03359,Devansh,Kalita,Male,1999-08-13
E03360,Eiravati,Sankar,Male,1981-06-11
E03361,Ridhi,Krishna,Female,1968-11-21
E03362,Jalsa,Kurian,Male,1970-10-25
E03363,Rachit,Sarraf,Male,1994-11-11
E03364,Vedhika,Dixit,Male,1982-02-14
E03365,Eshana,Apte,Male,1979-10-02
E03366,Radha,Pillay,Male,1968-08-01
E03367,Manthan,Varkey,Female,1989-08-04
E03368,Tanish,Prashad,Male,1988-11-12
E03369,Dipta,Yohannan,Female,1976-02-15
E03370,Yashasvi,Pall,Male,1984-04-13
E03371,Gautam,Chahal,Male,1977-03-26
E03372,Mohammed,Bath,Male,1980-10-25
E03373,Suhani,Chana,Female,1995-06-01
E03374,Frado,Butala,Female,1978-07-05
E03375,Sudiksha,Sachdev,Female,1987-02-28
E03376,Anmol,Sehgal,Female,1988-04-14
E03377,Sathvik,Bali,Female,1995-09-18
E03378,Sanaya,Patel,Male,1994-06-20
E03379,Bina,Samra,Male,1986-10-18
E03380,Jonathan,Srivastava,Male,1994-04-02
E03381,Jagrati,Issac,Male,1986-09-14
E03382,Ryan,Chana,Male,1980-09-25
E03383,George,Nigam,Male,1997-01-21
E03384,Devika,Jani,Female,1971-09-15
E03385,Agastya,Natt,Male,1990-09-22
E03386,Ijaya,Merchant,Female,1979-12-20
E03387,Zehaan,Wagle,Male,1974-02-25
E03388,Aditya,Nath,Female,1989-07-31
E03389,Dhriti,Raman,Female,1972-04-26
E03390,Urishilla,Dey,Female,1972-04-07
E03391,Harinakshi,Gaba,Male,2000-10-04
E03392,Oviya,Narang,Male,1970-09-06
E03393,Warhi,Bhardwaj,Male,1997-12-27
E03394,Advik,Sarkar,Male,1992-01-18
E03395,Arya,Loke,Female,1980-05-06
E03396,Suhani,Nair,Female,1968-03-01
E03397,Sanaya,Tiwari,Female,1994-09-22
E03398,Krishna,Singh,Male,1989-07-10
E03399,Arunima,Taneja,Male,1990-08-19
E03400,Wridesh,Comar,Male,2000-06-27
E03401,Bishakha,Kashyap,Male,1987-12-27
E03402,Jai,Sidhu,Female,1979-07-18
E03403,Ishanvi,Dyal,Female,1995-10-13
E03404,Lavanya,Yadav,Female,1985-12-27
E03405,Abdul,Balay,Male,1972-05-29
E03406,Warhi,Buch,Female,1981-06-28
E03407,Tanveer,Kibe,Female,1974-08-18
E03408,Daksha,Kapur,Female,1992-08-05
E03409,Jhalak,Rama,Male,1970-03-30
E03410,Ronith,Mandal,Female,1966-12-09
E03411,Saumya,Contractor,Female,1974-09-06
E03412,Jagvi,Verma,Female,1991-02-25
E03413,Girish,Chakrabarti,Female,1980-04-17
E03414,Irya,Biswas,Male,1980-01-18
E03415,Ishani,Varughese,Male,1984-06-23
E03416,Onkar,Anand,Male,1987-05-17
E03417,Utkarsh,Pant,Female,1976-01-25
E03418,Reyansh,Narain,Male,1970-08-08
E03419,Tripti,Rege,Male,1976-06-30
E03420,Robert,Chhabra,Male,1983-04-02
E03421,Urvashi,Deol,Female,1966-03-19
E03422,Eshana,Gupta,Male,1993-05-27
E03423,Max,Bobal,Female,1978-11-04
E03424,Saksham,Sharaf,Male,1983-09-01
E03425,Dhruv,Butala,Female,1990-05-14
E03426,Shaurya,Bumb,Male,1993-01-15
E03427,Vedant,Shan,Male,1985-04-20
E03428,Amaira,Garde,Female,1985-07-27
E03429,Nitara,Karan,Male,1978-05-29
E03430,Amrita,Sem,Male,1988-12-15
E03431,Jeet,Shroff,Female,1992-09-18
E03432,Chandresh,Parsa,Male,1969-01-01
E03433,Yash,Bhandari,Male,1986-03-20
E03434,Yashasvi,Rana,Female,1971-03-10
E03435,Faraj,Buch,Female,1971-04-28
E03436,Charan,Choudhry,Male,1988-07-03
E03437,Viraj,Barad,Female,1986-09-17
E03438,Manya,Gour,Male,1974-02-21
E03439,Osha,Ramanathan,Female,1985-10-24
E03440,Ekantika,Bhakta,Male,1980-04-19
E03441,Chaitaly,Kibe,Female,1985-10-07
E03442,Ladli,Kibe,Male,1979-10-04
E03443,Neelima,Dugar,Male,1982-09-08
E03444,Nathaniel,Bath,Female,1987-10-27
E03445,Yadavi,Minhas,Female,1972-10-18
E03446,Vedika,Yadav,Male,1973-11-04
E03447,Omkaar,Seth,Male,1994-03-10
E03448,Onveer,Natt,Male,1983-05-24
E03449,Gabriel,Wadhwa,Male,1982-03-26
E03450,Vasana,Wadhwa,Female,1994-12-18
E03451,Michael,Minhas,Female,1976-05-17
E03452,Bina,Wali,Male,1989-05-16
E03453,Indrajit,Seth,Male,1982-03-25
E03454,Dayamai,Yogi,Male,1990-06-23
E03455,Ladli,Kala,Male,1997-06-14
E03456,Diya,Pal,Male,1991-03-29
E03457,Ijaya,Kala,Female,2002-04-12
E03458,Omkaar,Babu,Male,1980-04-27
E03459,Faras,Sarma,Female,1993-12-22
E03460,Peter,Purohit,Male,1985-04-22
E03461,Vaishnavi,Sur,Male,1987-04-27
E03462,Tamanna,Pandey,Male,1969-05-09
E03463,Nakul,Bhakta,Female,1993-05-17
E03464,Charita,Raj,Female,1991-11-20
E03465,Aarav,Ghosh,Female,1994-09-04
E03466,Ekaja,Balakrishnan,Male,1985-02-23
E03467,Unni,Choudhary,Male,1989-02-06
E03468,Manbir,Kaur,Male,1984-10-27
E03469,Manthan,Dutta,Female,1991-10-19
E03470,Ijaya,Buch,Female,1979-11-14
E03471,Vamakshi,Raju,Male,1984-08-27
E03472,Chameli,Chaudhuri,Female,1976-01-27
E03473,Zayyan,Chakraborty,Female,1980-08-03
E03474,Charles,Borah,Female,2000-11-08
E03475,Henry,Sarin,Female,1980-01-02
E03476,Ekanta,Iyer,Male,1982-12-19
E03477,Ira,Banik,Male,1997-01-17
E03478,Aditya,Mitra,Male,1984-07-05
E03479,Bahadurjit,Badal,Female,1979-10-12
E03480,Imaran,Morar,Male,1985-07-25
E03481,Logan,Yohannan,Male,1986-02-15
E03482,Chandran,Pillay,Male,1966-04-17
E03483,Oscar,Balasubramanian,Female,1981-09-23
E03484,Manan,Lala,Female,1999-06-02
E03485,Hredhaan,Cherian,Male,1993-05-27
E03486,Dalaja,Dasgupta,Female,1993-01-11
E03487,Nachiket,Bawa,Female,1984-07-28
E03488,Aryan,Sama,Female,1973-12-28
E03489,Urishilla,Menon,Male,1976-01-02
E03490,Manbir,Varty,Male,1978-10-24
E03491,Max,Khurana,Male,1967-03-10
E03492,Girish,Kurian,Female,1991-03-23
E03493,Balveer,Joshi,Female,1989-12-31
E03494,Darsh,Kulkarni,Female,1970-10-15
E03495,Sara,Buch,Male,1980-08-28
E03496,Nathan,Gaba,Male,1983-06-13
E03497,Priya,Dhar,Male,1984-05-18
E03498,Waida,Tata,Male,1974-05-10
E03499,Kevin,Gulati,Male,1995-10-29
E03500,Charles,Naidu,Male,1972-07-25
E03501,Tejas,Pandit,Male,1993-08-02
E03502,Lakshit,Sem,Male,1982-10-30
E03503,Riya,Sehgal,Male,1972-11-12
E03504,Kamala,Pandey,Male,1979-04-20
E03505,Eiravati,Ratti,Female,1987-11-24
E03506,Xalak,Sachar,Female,1984-09-18
E03507,Meghana,Sant,Male,1977-01-12
E03508,Ucchal,Lad,Male,1983-05-22
E03509,Raksha,Saran,Female,1987-11-22
E03510,Kala,Thakur,Male,1976-01-05
E03511,Dhriti,Barman,Female,1976-10-05
E03512,Chaitanya,Narain,Female,1992-10-02
E03513,Yutika,Chad,Female,1981-09-08
E03514,Nitesh,Vohra,Male,1995-06-24
E03515,Oscar,Kumer,Female,1974-10-30
E03516,Utkarsh,Prabhakar,Female,1993-07-08
E03517,Nidhi,Gulati,Male,1996-04-26
E03518,Ijaya,Virk,Male,1983-06-01
E03519,Finn,Goswami,Female,1971-08-06
E03520,Advik,Dhillon,Female,1978-10-20
E03521,Jack,Doshi,Male,1978-11-29
E03522,Vasudha,Garde,Male,1991-01-09
E03523,Ojasvi,Sekhon,Male,1983-04-04
E03524,Rudra,Sem,Male,1978-06-03
E03525,Amaira,Desai,Male,1979-03-25
E03526,Nitara,More,Male,1992-05-03
E03527,Vasudha,Vohra,Male,1995-04-18
E03528,Pranav,Hayer,Male,1992-06-11
E03529,Amrita,Chaudhary,Male,1982-10-28
E03530,Manan,Sengupta,Female,1969-06-02
E03531,Forum,Lad,Female,1984-01-10
E03532,Qabil,Wali,Female,1971-11-05
E03533,Jack,Gupta,Male,1976-11-13
E03534,Upma,Deo,Male,1982-12-04
E03535,Ekansh,Nadkarni,Male,1978-12-09
E03536,Adya,Mandal,Female,1992-07-03
E03537,Saanvi,Wason,Female,1967-01-29
E03538,Umang,Dugar,Male,1966-09-08
E03539,Ekapad,Sahota,Female,1979-11-18
E03540,William,Andra,Male,1985-05-10
E03541,Pooja,Banerjee,Female,1989-07-17
E03542,Ekapad,Krishnan,Male,1983-02-20
E03543,Ekbal,Majumdar,Female,1986-06-04
E03544,Mahika,Luthra,Male,1989-11-01
E03545,Madhav,Chahal,Female,1982-02-09
E03546,Lila,Ganesh,Male,2000-02-21
E03547,Amol,Manne,Male,1996-09-16
E03548,Ucchal,Tripathi,Male,1987-12-12
E03549,Gautami,Sami,Male,1981-09-26
E03550,Veda,Biswas,Male,1978-01-30
E03551,Mohini,Ghose,Female,1987-07-14
E03552,Harish,Ghosh,Female,1989-05-09
E03553,Chandran,Aurora,Male,1984-09-14
E03554,Diya,Char,Female,2002-01-21
E03555,Bhavani,Chakrabarti,Female,1994-11-07
E03556,Sanya,Sengupta,Male,1980-02-05
E03557,Krishna,Krishnan,Male,1989-03-25
E03558,Gavin,Pradhan,Male,1990-05-17
E03559,Yashawini,Divan,Female,1976-11-25
E03560,Bakhshi,Chandran,Male,1968-06-19
E03561,Chandresh,Dhingra,Male,1965-09-03
E03562,Hemani,Boase,Female,1991-01-13
E03563,Omaja,Kunda,Male,1991-07-21
E03564,Zaid,Modi,Male,1984-05-17
E03565,Gautami,Kalla,Male,1988-09-16
E03566,Harsh,Mital,Male,1985-12-27
E03567,Yagnesh,Bala,Male,1995-01-23
E03568,Harinakshi,Wali,Female,1989-10-27
E03569,Hredhaan,Sundaram,Male,1996-04-28
E03570,Mitali,More,Male,1998-03-04
E03571,Lopa,Gola,Female,1995-03-14
E03572,Henry,Wable,Female,1976-09-30
E03573,Wridesh,Saran,Male,1994-11-28
E03574,Yagnesh,Patel,Female,1988-11-01
E03575,Rushil,Sarma,Female,1996-02-05
E03576,Faris,Thaman,Female,1984-04-12
E03577,Wyatt,Sekhon,Male,1990-10-15
E03578,Xalak,Khurana,Male,1994-01-18
E03579,Keya,Shenoy,Male,1997-09-10
E03580,Daksha,Comar,Male,1968-07-21
E03581,Max,Bal,Female,2000-12-13
E03582,Simon,Butala,Male,1983-05-17
E03583,Simon,Parsa,Female,1969-05-05
E03584,Yochana,Zacharia,Male,1989-09-07
E03585,Yagnesh,Ganesh,Male,1984-10-21
E03586,Tanay,Hegde,Female,1978-01-13
E03587,Yug,Jani,Male,1976-09-26
E03588,Faqid,Sule,Male,1980-09-15
E03589,Balhaar,Mallick,Female,1996-06-25
E03590,Kamala,Chowdhury,Female,1981-01-04
E03591,Fitan,Banerjee,Female,1988-04-30
E03592,Timothy,Bava,Male,2002-11-29
E03593,Sanaya,Venkatesh,Male,1988-08-14
E03594,Nimrat,Kapur,Female,1993-04-06
E03595,Gavin,Chawla,Male,1984-06-16
E03596,Megha,Chatterjee,Female,1998-05-05
E03597,Warjas,Lanka,Male,1982-12-03
E03598,Ojas,Mani,Male,1997-07-28
E03599,Aashi,Bhakta,Male,1980-05-24
E03600,Gagan,Gour,Female,1984-05-23
E03601,Sneha,Chahal,Male,1981-08-09
E03602,Bahadurjit,Mangat,Male,1987-08-05
E03603,Megha,Narasimhan,Male,1990-04-26
E03604,Ati,Varughese,Male,2001-07-29
E03605,Harshil,Aurora,Male,1986-06-29
E03606,Bhavya,Srinivas,Female,1990-02-10
E03607,Aradhana,Maharaj,Female,1973-10-23
E03608,Michael,Oak,Male,1992-04-08
E03609,Ladli,Kale,Female,1987-08-30
E03610,Barkha,Banik,Female,1990-12-08
E03611,Ria,Vaidya,Male,1976-02-26
E03612,Lakshmi,Batta,Male,1990-05-15
E03613,Isaiah,Balakrishnan,Female,1987-11-19
E03614,Bachittar,Rajan,Female,1980-06-19
E03615,Eta,Mani,Female,1976-10-24
E03616,Pallavi,Chacko,Female,1978-02-28
E03617,Umang,Chopra,Male,1992-07-26
E03618,Sanaya,Gupta,Female,1978-09-07
E03619,Vidhi,Bath,Female,1980-08-11
E03620,Keya,Patel,Female,1987-03-05
E03621,Lopa,Venkatesh,Female,1975-11-13
E03622,Nachiket,Chowdhury,Female,1983-09-19
E03623,Ekansh,Kata,Female,1974-09-26
E03624,Rohan,Bawa,Male,1981-08-23
E03625,Tripti,Iyer,Male,1983-03-23
E03626,Rachita,Bajwa,Male,1987-02-20
E03627,Bishakha,Dyal,Female,1972-06-15
E03628,Aahana,Brahmbhatt,Male,1976-09-07
E03629,Manya,Murty,Female,1979-10-30
E03630,Saanvi,Ravel,Male,1981-01-03
E03631,Ekanta,Rau,Female,1977-12-25
E03632,Hema,Dhaliwal,Male,1986-05-05
E03633,Daksha,Bora,Male,1992-10-12
E03634,Balveer,Sankaran,Female,1985-05-29
E03635,Kamya,Keer,Female,1991-04-12
E03636,Dominic,Karan,Male,1968-01-12
E03637,Ekaraj,Bhatti,Male,1972-08-20
E03638,Hemal,Wali,Male,1991-08-18
E03639,Aradhana,Bhatnagar,Female,1974-01-16
E03640,Tanvi,Kadakia,Female,1992-01-16
E03641,Damyanti,Morar,Female,1978-03-08
E03642,Yahvi,Patla,Male,1993-05-20
E03643,Peter,Kuruvilla,Male,1987-09-22
E03644,Wyatt,Brahmbhatt,Male,1995-10-10
E03645,Arin,Sastry,Male,1982-04-19
E03646,Harshil,Khalsa,Female,1990-11-27
E03647,Zayyan,Shukla,Male,1992-03-19
E03648,Daksha,Khare,Male,1987-10-08
E03649,Hemal,Badami,Female,1973-05-27
E03650,Tanay,Johal,Male,1983-03-31
E03651,Advaith,Lala,Male,1970-10-03
E03652,Lohit,Ahluwalia,Male,1994-03-16
E03653,Vedika,Sankaran,Female,1981-10-13
E03654,Lakshmi,Chaudry,Male,1977-07-24
E03655,Chavvi,Srinivas,Male,1976-01-04
E03656,Leena,Seshadri,Male,1991-10-01
E03657,Chakradev,Wason,Male,1993-01-11
E03658,Jatin,Gaba,Male,1989-02-22
E03659,Nikita,Sridhar,Male,1979-05-31
E03660,Yochana,Dara,Male,1988-08-06
E03661,Udyati,Dada,Female,1994-06-19
E03662,Veer,Luthra,Female,1985-06-05
E03663,Qarin,Nagar,Female,1991-08-26
E03664,Pushti,Bhatt,Female,1990-08-25
E03665,Kabir,Baral,Male,1979-04-02
E03666,Ekapad,Biswas,Male,2000-08-04
E03667,Rudra,Ravel,Male,1982-10-19
E03668,Vaishnavi,Mani,Male,1987-10-24
E03669,Hamsini,Swamy,Male,1997-04-26
E03670,Gaurang,Rastogi,Male,1983-11-21
E03671,Aradhana,Saini,Male,1990-02-05
E03672,Lajita,Mittal,Female,1988-07-23
E03673,Yachana,D’Alia,Male,1982-10-31
E03674,Samuel,Reddy,Female,1988-02-15
E03675,Pranav,Chaudhry,Male,1985-11-06
E03676,Bachittar,Iyengar,Female,1996-07-27
E03677,Harinakshi,Nagy,Male,1986-09-12
E03678,Rehaan,Pillai,Female,1986-02-26
E03679,Libni,Vig,Male,1984-05-03
E03680,Balvan,Shenoy,Female,1987-05-11
E03681,Shaurya,Srinivasan,Male,1980-09-24
E03682,Frederick,Mitra,Female,1998-09-16
E03683,Gaurika,Sharma,Male,1977-01-01
E03684,Vritti,Ganesh,Female,1992-06-14
E03685,Pahal,Srinivas,Male,1970-05-25
E03686,Tanmayi,Bir,Female,1978-04-21
E03687,Upma,Ram,Female,1978-12-22
E03688,Wahab,Jha,Male,1986-07-31
E03689,Vansha,Brar,Female,1984-01-19
E03690,Jagdish,Srinivasan,Female,1982-05-25
E03691,Laban,Krishnamurthy,Male,1974-07-14
E03692,Devansh,Sarraf,Male,1979-12-13
E03693,Nidra,Chad,Male,1979-11-14
E03694,Sai,Sagar,Female,1997-11-15
E03695,Yashasvi,Krishnan,Male,1984-06-17
E03696,Zilmil,Ganesan,Male,1995-01-30
E03697,Oni,Anne,Female,1982-11-25
E03698,Quincy,Dada,Female,1978-09-03
E03699,Kabir,Balakrishnan,Male,1972-12-09
E03700,Ojasvi,Bath,Female,1985-11-15
E03701,Yutika,Mane,Male,1982-01-04
E03702,Geetika,Varghese,Female,1971-11-13
E03703,Dominic,Bhavsar,Female,1994-12-14
E03704,Oliver,Bassi,Male,2002-03-06
E03705,Oviya,Sekhon,Female,1999-08-23
E03706,Hema,Bir,Male,1978-01-18
E03707,Warhi,Ben,Female,1984-08-04
E03708,Kabir,Hora,Female,1992-02-16
E03709,Aarush,Agarwal,Female,1992-12-14
E03710,Lucky,Halder,Female,2000-02-08
E03711,Dhriti,Dhawan,Female,1991-12-15
E03712,Sathvik,Barman,Female,1983-03-27
E03713,Amrita,Bhakta,Female,1992-09-13
E03714,Ladli,Nori,Male,1992-03-10
E03715,Tanay,Raval,Male,1991-08-01
E03716,Tara,Das,Female,1969-08-02
E03717,Sathvik,Gala,Male,1997-12-17
E03718,Dalaja,Bala,Female,1985-10-30
E03719,Tanmayi,Kapadia,Male,1989-03-23
E03720,Nikita,Raja,Male,1991-09-08
E03721,Dipta,Ahuja,Male,1984-11-22
E03722,Champak,Ravi,Female,1979-06-24
E03723,Ekani,Sehgal,Female,1990-07-27
E03724,Devansh,Chacko,Male,1984-10-13
E03725,Onveer,Sathe,Female,1975-12-03
E03726,Sudiksha,Rattan,Female,1979-10-01
E03727,Unni,Zachariah,Male,1986-06-17
E03728,Girindra,Guha,Female,1987-12-25
E03729,Reva,Sahni,Male,1992-06-16
E03730,Adweta,Natt,Male,1992-07-24
E03731,Amaira,Kurian,Male,1983-05-12
E03732,Manya,Mistry,Male,1974-11-23
E03733,Nicholas,Dhar,Male,1987-08-19
E03734,Nathan,Narang,Female,1964-10-20
E03735,Yochana,Hegde,Female,2001-11-05
E03736,Nimrat,Tandon,Female,1998-09-23
E03737,Falguni,Mand,Male,1977-07-24
E03738,Ladli,Bhat,Male,1979-02-24
E03739,Qushi,Kamdar,Female,1984-06-05
E03740,Anthony,Saha,Female,1986-01-25
E03741,Upma,Grewal,Female,1987-11-17
E03742,Kai,Srivastava,Female,1988-12-03
E03743,Ijaya,Jaggi,Female,1989-09-16
E03744,Pranav,Hayer,Male,1997-12-06
E03745,Aarnav,Prabhakar,Female,1991-04-24
E03746,Caleb,Mani,Female,1975-12-20
E03747,Samar,Kuruvilla,Male,1979-04-29
E03748,Xiti,Bali,Male,1988-05-08
E03749,Dalaja,Vig,Male,1973-09-10
E03750,Eshana,Sunder,Male,1984-11-09
E03751,Leena,Kamdar,Male,1999-02-20
E03752,Hamsini,Buch,Male,1983-08-02
E03753,Rayaan,Thakkar,Female,1980-09-01
E03754,Simon,Joshi,Male,1993-10-12
E03755,Jai,Sabharwal,Male,1977-01-25
E03756,Mugdha,Tella,Male,1987-03-28
E03757,Saanvi,Pathak,Male,1993-05-23
E03758,Deepa,Kalita,Female,1979-09-28
E03759,Mugdha,Sankaran,Female,1984-02-28
E03760,Kavya,Pillay,Male,1992-03-23
E03761,Falak,Muni,Female,1983-05-13
E03762,Peter,Jaggi,Female,1976-08-07
E03763,Sai,Rajagopalan,Male,1983-12-01
E03764,Gauri,Munshi,Female,1984-06-14
E03765,Kalpit,Dey,Male,1998-08-21
E03766,Yutika,Mohan,Female,1989-12-03
E03767,Pavani,Khurana,Female,1990-01-15
E03768,Chaman,Divan,Male,1969-10-25
E03769,Vedhika,Hari,Female,1983-03-17
E03770,Raksha,Khurana,Male,1994-08-11
E03771,Anmol,Kakar,Male,1988-12-11
E03772,Ishani,Goswami,Male,1994-01-24
E03773,Oviya,Dixit,Male,1971-06-15
E03774,Warjas,Ganesan,Male,1984-06-04
E03775,Banjeet,Zacharia,Male,1983-09-26
E03776,Ekbal,Bal,Male,1974-11-13
E03777,Zilmil,Deshmukh,Female,1984-10-23
E03778,Abdul,Varughese,Male,1974-02-10
E03779,Hemani,Hegde,Female,1974-01-13
E03780,Bhavna,Goel,Male,1975-09-11
E03781,Isaac,Lal,Male,1995-09-30
E03782,Ekta,Das,Male,1978-07-29
E03783,Anya,Sheth,Female,1972-04-08
E03784,Sudiksha,Setty,Female,1992-12-22
E03785,Anmol,Rai,Female,1998-07-22
E03786,Laban,Saini,Male,1979-08-28
E03787,Vihaan,Nanda,Male,1979-09-18
E03788,Chaaya,Kant,Female,1979-02-06
E03789,Fariq,Dutt,Male,1976-03-01
E03790,Forum,Dhingra,Female,1996-05-05
E03791,Warhi,Soman,Male,1972-02-23
E03792,Ishita,Thaker,Female,1985-03-27
E03793,Yahvi,Goswami,Male,1983-03-03
E03794,Jeevika,Virk,Female,1984-02-12
E03795,Maanav,Kota,Male,1979-05-27
E03796,Gautami,Sarma,Male,1975-05-21
E03797,Sarthak,Pau,Female,1996-10-03
E03798,Hemangini,Narayan,Male,1973-11-14
E03799,Tanmayi,Chaudhuri,Female,2000-08-14
E03800,Sara,Mahajan,Male,2000-08-02
E03801,Chandresh,Varughese,Female,1978-01-24
E03802,Falguni,Bali,Male,1976-01-06
E03803,Hemang,Korpal,Male,1984-08-30
E03804,Arin,Sangha,Male,1973-07-20
E03805,Agastya,Palla,Female,1988-12-08
E03806,Aachal,Som,Male,1988-08-23
E03807,Gaurika,Bhardwaj,Female,1995-10-20
E03808,Tamanna,Contractor,Female,1979-08-19
E03809,Aradhana,Lall,Male,1983-04-11
E03810,Harinakshi,Chaudhuri,Female,1993-03-13
E03811,Nisha,Oak,Male,1996-09-21
E03812,Vidhi,Sekhon,Female,1991-05-14
E03813,Samuel,Suresh,Male,1976-10-07
E03814,Henry,Subramaniam,Male,1997-08-24
E03815,Wishi,Saxena,Male,1983-12-16
E03816,Abhiram,Mann,Male,1991-12-04
E03817,Oni,Issac,Female,1979-01-06
E03818,Radha,Tiwari,Male,2000-07-12
E03819,Ubika,Patla,Female,1980-12-15
E03820,Lila,Chaudry,Female,1999-12-09
E03821,Peter,Narain,Female,1980-03-25
E03822,Reva,Tripathi,Male,1976-11-30
E03823,Bina,Parekh,Male,1981-09-09
E03824,Jai,Sule,Male,1992-07-01
E03825,Chasmum,Ramaswamy,Male,1972-10-03
E03826,Eesha,Chakrabarti,Female,1975-02-07
E03827,Zansi,Ravel,Male,1972-09-08
E03828,Vyanjana,Behl,Female,2002-10-31
E03829,Ekalinga,Chatterjee,Male,1976-10-31
E03830,Shivansh,Sandhu,Male,1990-03-17
E03831,Bina,Modi,Female,1971-12-26
E03832,Ira,Mallick,Female,1981-06-17
E03833,Neel,Dhar,Male,1994-09-20
E03834,Rehaan,Warrior,Female,1989-06-27
E03835,Balendra,Vaidya,Male,1980-01-14
E03836,Ira,Agrawal,Female,1995-01-20
E03837,Inaya,Issac,Female,1964-04-25
E03838,Dalbir,Nori,Male,1981-06-03
E03839,Ucchal,Desai,Male,1995-05-28
E03840,Yashica,Mani,Female,1979-09-17
E03841,Triya,Raman,Female,1982-10-24
E03842,Bhanumati,Om,Female,1976-01-17
E03843,Warjas,Khosla,Male,1995-02-05
E03844,Xavier,Anne,Female,1988-04-07
E03845,Ryan,Merchant,Male,1986-12-15
E03846,Nathaniel,Rau,Female,1981-03-21
E03847,Lakshmi,Konda,Female,1984-02-13
E03848,Jagat,Bandi,Male,1992-12-07
E03849,Arin,Kalla,Male,1998-08-22
E03850,Unnati,Wali,Male,1979-09-24
E03851,Yashoda,Krishnamurthy,Female,1987-09-17
E03852,Edhitha,Shankar,Male,1987-06-08
E03853,Wishi,Varty,Male,1994-03-14
E03854,Faqid,Wable,Female,1973-09-21
E03855,Aashi,Chacko,Female,1997-05-03
E03856,Upasna,Pai,Male,1974-05-17
E03857,Aarav,Andra,Female,1979-07-06
E03858,Turvi,Babu,Female,1975-08-03
E03859,Divya,Soman,Female,1991-01-27
E03860,Charvi,Bajaj,Male,1983-01-30
E03861,Reyansh,Shere,Male,1981-07-14
E03862,Rohan,Kurian,Female,1983-12-23
E03863,Charvi,Sachdev,Male,1989-04-07
E03864,Udarsh,Vohra,Female,1981-04-16
E03865,Imaran,Dhar,Male,1985-04-30
E03866,Upma,Ghose,Male,1989-10-14
E03867,Aarini,Gour,Female,1981-01-05
E03868,Shravya,Dora,Male,1994-09-20
E03869,Harini,Koshy,Female,1995-05-21
E03870,Vincent,Raju,Female,1995-03-26
E03871,Liam,Soni,Male,1981-01-19
E03872,Ganga,De,Female,1981-05-30
E03873,Bakhshi,Comar,Female,1991-10-24
E03874,Vasudha,Manda,Female,1982-09-19
E03875,Rachit,Prashad,Female,1989-09-09
E03876,Rishi,Mukhopadhyay,Male,1990-06-17
E03877,Pahal,Desai,Male,1968-10-24
E03878,Yauvani,Doshi,Male,1982-05-06
E03879,Zilmil,Gala,Male,1995-05-11
E03880,Nikita,Khurana,Male,1978-01-24
E03881,Krisha,Mannan,Male,1995-09-17
E03882,Aashi,Din,Male,1987-11-29
E03883,Keya,Sunder,Female,2001-10-01
E03884,Ishwar,Dubey,Male,1964-08-03
E03885,Yashica,Shah,Female,1985-02-18
E03886,Panini,Menon,Male,1982-11-27
E03887,Ojasvi,Garde,Female,1991-07-27
E03888,Upasna,Kant,Female,1981-11-25
E03889,Patrick,Patla,Female,1994-07-25
E03890,Qasim,Bhatt,Female,1996-01-14
E03891,Lekha,Magar,Male,1992-08-22
E03892,Ijaya,Rajagopal,Female,1987-03-06
E03893,Fariq,Bhandari,Male,1977-02-06
E03894,Jyoti,Dutt,Female,1979-08-08
E03895,Yashawini,Kaur,Female,1993-07-12
E03896,Damini,Garg,Female,1985-07-03
E03897,Nidra,Banerjee,Male,1985-02-22
E03898,Gunbir,Mukherjee,Female,1991-04-10
E03899,Gaurav,Chadha,Male,1997-01-18
E03900,Devika,Peri,Male,1999-11-06
E03901,Mahika,Badal,Female,1986-09-03
E03902,Victor,Wali,Male,1987-12-10
E03903,Ishita,Puri,Male,1976-12-30
E03904,Varenya,Saran,Female,2000-02-20
E03905,Maya,Narayanan,Female,1982-09-24
E03906,Falguni,Randhawa,Female,1995-11-02
E03907,Zinal,Parmer,Male,1977-07-28
E03908,Inaya,Date,Female,1978-08-13
E03909,Chaaya,Ratta,Female,1984-11-23
E03910,Nachiket,Gara,Female,1976-09-23
E03911,Hritik,Bumb,Female,1993-01-04
E03912,Nilima,Bhandari,Male,1978-07-27
E03913,Faras,Shan,Male,1969-01-30
E03914,Krisha,Sawhney,Female,1978-11-05
E03915,Isaiah,Naik,Female,1995-08-24
E03916,Girish,Agrawal,Male,1989-07-04
E03917,Azad,Nagar,Male,1994-07-23
E03918,Gaurav,Sami,Female,1995-09-03
E03919,Balveer,Rama,Female,1979-08-25
E03920,Nathan,Bakshi,Male,1977-06-18
E03921,Advika,Dugar,Male,1978-01-26
E03922,Frado,Suri,Male,1978-04-10
E03923,Wyatt,Patla,Male,1980-08-09
E03924,Nathaniel,Sur,Female,1990-03-25
E03925,Pallavi,Krish,Female,1971-07-01
E03926,Aarav,Singhal,Male,1979-07-13
E03927,Mohini,Ahuja,Female,1992-10-09
E03928,Anita,Raju,Female,1971-08-29
E03929,Kamya,Chand,Female,1977-03-10
E03930,Onveer,Srinivas,Female,1980-01-02
E03931,Vasudha,Dutta,Male,1988-09-30
E03932,Madhav,Kade,Male,1992-02-11
E03933,Ishwar,Narang,Male,1980-08-20
E03934,Ikshita,Dubey,Male,1987-01-21
E03935,Rudra,Gala,Male,1984-08-27
E03936,Kai,Sandal,Female,1994-06-12
E03937,Umang,Rana,Female,1987-01-23
E03938,Darsh,Ganguly,Female,1998-10-17
E03939,Qasim,Dara,Female,1990-03-04
E03940,Vritti,Malhotra,Male,1983-03-05
E03941,Matthew,Gill,Male,1971-03-06
E03942,Jai,Bail,Male,1989-09-30
E03943,Divya,Sahota,Male,1987-02-28
E03944,Samesh,Seth,Female,1981-06-30
E03945,Guneet,Gole,Male,2001-06-28
E03946,Agastya,Dayal,Female,1992-07-10
E03947,Janani,Dutta,Female,1967-02-21
E03948,Sanya,Bakshi,Female,1990-03-08
E03949,Arin,Lall,Male,1979-02-25
E03950,Hema,Agrawal,Male,1999-10-24
E03951,Adweta,Patla,Female,1993-05-20
E03952,Gaurika,Kari,Male,1996-07-29
E03953,Yashodhara,Madan,Female,1977-03-04
E03954,Jagdish,Mohan,Male,1994-04-20
E03955,Eta,Vala,Male,1967-01-11
E03956,Ijaya,Trivedi,Male,1992-08-23
E03957,Daksha,Mitra,Female,1987-08-06
E03958,Balhaar,Mani,Male,1989-08-11
E03959,Ekbal,Comar,Female,1978-11-21
E03960,Oscar,Tailor,Male,1990-08-23
E03961,Vihaan,Prasad,Female,1981-04-30
E03962,Arin,Bala,Female,1969-12-09
E03963,Mekhala,Prashad,Male,1988-05-27
E03964,Xiti,Saran,Male,1978-03-19
E03965,Netra,Deshmukh,Female,1982-01-13
E03966,Tanveer,Sha,Male,1973-12-15
E03967,Yatan,Butala,Male,1991-04-29
E03968,Xavier,Banerjee,Female,1970-01-06
E03969,Rudra,Varty,Male,1977-10-05
E03970,Yauvani,Deshmukh,Female,1993-12-16
E03971,Aadi,Chaudry,Female,1992-03-03
E03972,Banjeet,Butala,Female,1983-12-21
E03973,Balendra,Mani,Female,1984-05-13
E03974,Janya,Pradhan,Male,1972-08-18
E03975,Chatresh,Krish,Female,1983-03-30
E03976,Ekbal,Ramesh,Female,1994-04-18
E03977,Upma,Bal,Male,1983-09-14
E03978,Chakrika,Srivastava,Male,1987-05-04
E03979,Neel,Bhargava,Male,1979-05-28
E03980,Lohit,Zachariah,Female,1979-08-10
E03981,Ryan,Ahluwalia,Female,1985-08-20
E03982,Radhika,Kunda,Male,1993-01-14
E03983,Pallavi,Walia,Male,1987-10-25
E03984,Yash,Majumdar,Male,1982-06-06
E03985,Warhi,Nayak,Male,1982-01-10
E03986,Anika,Ravel,Female,1971-03-31
E03987,Triya,Hora,Female,1988-11-02
E03988,Keya,Dass,Female,1993-08-17
E03989,Kai,Devi,Female,1983-04-15
E03990,Manya,Mittal,Male,1992-10-02
E03991,Xalak,Thaman,Male,1977-06-18
E03992,Sanaya,Choudhury,Male,1983-05-09
E03993,Hamsini,Hari,Male,1968-08-03
E03994,Anita,Tiwari,Female,1985-06-09
E03995,Saksham,Jaggi,Female,1987-11-20
E03996,Samar,Jha,Female,1996-12-24
E03997,Wishi,Kala,Male,1975-09-19
E03998,Fiyaz,Madan,Female,1973-09-15
E03999,Adweta,Batra,Female,1981-03-16
E04000,Leela,Badami,Female,1977-01-27
E04001,Oliver,Date,Male,1984-12-09
E04002,Nakul,Shroff,Male,1995-10-14
E04003,Onkar,Seshadri,Female,1973-10-14
E04004,Ekalinga,Gala,Male,1982-07-23
E04005,Frado,Menon,Male,1994-11-24
E04006,Shivansh,Bakshi,Male,1988-09-15
E04007,Warinder,Natarajan,Male,1994-04-29
E04008,Ekiya,Murthy,Female,1975-12-31
E04009,Upma,Luthra,Female,1988-10-04
E04010,Anita,Rajan,Female,1982-05-02
E04011,Bina,Chauhan,Male,1996-10-08
E04012,Chaman,Narasimhan,Female,1976-03-09
E04013,Daksha,Kapadia,Female,1981-10-11
E04014,Rishi,Tailor,Female,1991-10-24
E04015,Megha,Radhakrishnan,Male,1978-12-08
E04016,Janya,Rajagopal,Male,1988-01-27
E04017,Owen,Ben,Male,1981-04-18
E04018,Gagan,Natt,Male,1980-01-06
E04019,Unnati,Mannan,Male,1988-10-24
E04020,David,Dhillon,Female,1987-11-18
E04021,Oeshi,Bath,Male,1984-02-17
E04022,Onveer,Bhatt,Female,1990-08-30
E04023,Ucchal,Sur,Female,1979-02-17
E04024,Ganga,Sandal,Female,1979-10-06
E04025,Daniel,Nadig,Female,1986-07-28
E04026,Urvi,Choudhary,Female,1984-10-25
E04027,Meera,Manda,Male,1982-01-27
E04028,Bimala,Zachariah,Female,1983-07-29
E04029,Urvi,Sachdeva,Male,1975-03-15
E04030,Oeshi,Menon,Female,1982-12-21
E04031,Avni,Shah,Male,1985-09-13
E04032,Vrinda,Loke,Female,1988-09-02
E04033,Nilima,Krishnan,Male,1966-09-26
E04034,Sanaya,Ravi,Female,1979-01-15
E04035,Zayyan,Subramanian,Male,1993-09-10
E04036,Jonathan,Chhabra,Female,1993-05-31
E04037,Abeer,Bassi,Female,1990-04-21
E04038,Krisha,Roy,Female,1976-01-27
E04039,Aditya,Contractor,Male,1983-01-08
E04040,Tanish,Zachariah,Female,1986-04-02
E04041,Falguni,Tripathi,Male,1983-09-03
E04042,Sneha,Devan,Male,1978-03-11
E04043,Pushti,Sarin,Male,1996-04-21
E04044,Owen,Yadav,Female,1973-07-20
E04045,Ikshita,Dhawan,Female,1996-09-13
E04046,Nicholas,Desai,Male,1987-04-02
E04047,Manya,Bedi,Male,1999-03-05
E04048,Gagan,Biswas,Female,1968-02-11
E04049,Isaiah,Banerjee,Female,1988-08-14
E04050,Michael,Gaba,Male,1982-02-06
E04051,Chasmum,Badami,Male,1987-10-09
E04052,Samaksh,Kalita,Male,1974-05-02
E04053,Faras,Dasgupta,Male,1991-11-27
E04054,Vihaan,Rout,Male,1982-02-17
E04055,Abhiram,Modi,Male,1999-04-12
E04056,Daniel,Yadav,Female,1976-03-29
E04057,Teerth,Maharaj,Male,1984-12-19
E04058,Wridesh,Amble,Male,1978-05-07
E04059,Eesha,Sharma,Female,1968-08-08
E04060,Harsh,Prabhakar,Female,1972-01-01
E04061,Mahika,Hayer,Male,1967-02-20
E04062,Adweta,Sandal,Male,1993-07-01
E04063,Anjali,Mohan,Male,1995-10-15
E04064,Luke,Soman,Female,1982-03-19
E04065,Jai,Kant,Male,1983-01-06
E04066,Ekalinga,Kibe,Male,1968-07-27
E04067,Samesh,Gala,Male,1973-07-10
E04068,Kamya,Kala,Male,1977-09-21
E04069,Rushil,Kala,Female,1986-05-31
E04070,Gauri,Saxena,Male,1988-03-28
E04071,Udant,Sarin,Male,1976-11-27
E04072,Damyanti,Narula,Male,1973-05-14
E04073,Gaurang,Sampath,Female,1993-03-25
E04074,Nimrat,Arya,Male,1979-01-06
E04075,Niharika,Krishnan,Male,1979-04-07
E04076,Arjun,Vasa,Female,2001-12-19
E04077,Ishani,Hari,Female,1971-07-28
E04078,Chaman,Pathak,Female,1991-09-26
E04079,Udyati,Wali,Female,1988-09-05
E04080,Ekantika,Mand,Female,1985-11-24
E04081,Diya,Prabhakar,Male,1979-11-26
E04082,Amara,Chaudhry,Male,1978-03-23
E04083,Abdul,Chaudhry,Female,1984-04-12
E04084,Advay,Chandra,Female,1977-03-03
E04085,Ayush,Sachar,Female,1992-01-06
E04086,Logan,Shroff,Female,1992-11-29
E04087,Girish,Mangat,Male,1983-03-01
E04088,Om,Garg,Male,1978-09-13
E04089,Leena,Rout,Male,1994-06-18
E04090,Brijesh,Cherian,Male,1969-03-10
E04091,Chakradhar,Modi,Female,2002-07-06
E04092,Maanav,Chacko,Female,1979-04-09
E04093,Arunima,Kaur,Female,1993-08-03
E04094,Sai,Date,Female,1981-10-08
E04095,Varsha,Bhalla,Female,1973-05-10
E04096,Jeremiah,Kuruvilla,Female,1975-09-05
E04097,Amol,Wason,Male,1988-12-23
E04098,Darsh,Buch,Male,1981-02-20
E04099,Qasim,Nori,Male,1986-03-19
E04100,Anita,Sathe,Male,1983-06-25
E04101,Samesh,Srivastava,Male,1987-08-04
E04102,Wazir,Sandhu,Male,1966-06-20
E04103,Vinaya,Agate,Female,1993-08-15
E04104,Bhavya,Sampath,Female,1994-04-19
E04105,Vedhika,Desai,Female,1984-02-16
E04106,Tripti,Madan,Female,1992-12-25
E04107,Gabriel,Karan,Female,1977-02-26
E04108,Veda,Parikh,Male,1980-04-07
E04109,Yamini,Dhaliwal,Male,1977-05-07
E04110,Fiyaz,Babu,Female,1989-01-31
E04111,Umang,Jhaveri,Male,1988-01-05
E04112,Jacob,Modi,Female,1983-05-06
E04113,Pushti,Kota,Male,1980-12-31
E04114,Wazir,Kapadia,Male,1979-09-12
E04115,Banjeet,Sur,Male,1982-06-17
E04116,Ishita,Srinivasan,Female,1972-05-07
E04117,Chandran,Bhavsar,Male,1964-05-26
E04118,Faraj,Kara,Male,1994-02-05
E04119,Jeet,Badal,Male,1976-11-23
E04120,Suhani,Varughese,Female,1971-05-09
E04121,Abeer,Sagar,Female,1985-04-28
E04122,Ranbir,Jha,Male,1972-01-24
E04123,Ekalinga,Dube,Female,1983-11-20
E04124,Ishanvi,Krishna,Female,1977-08-29
E04125,Yahvi,Chokshi,Male,1982-10-25
E04126,Quincy,Dutt,Female,1993-09-11
E04127,Hiral,Ghose,Female,1993-01-02
E04128,Saksham,Dyal,Male,1978-05-15
E04129,Victor,Kadakia,Male,1991-04-06
E04130,Urvi,Biswas,Female,1986-07-22
E04131,Bina,Raja,Male,1991-11-07
E04132,Advaith,Sarma,Female,1989-07-07
E04133,Nicholas,Krishna,Female,1972-10-12
E04134,Wazir,Kohli,Female,1974-07-10
E04135,Radhika,Morar,Male,1993-01-20
E04136,Baghyawati,Saha,Female,1981-06-29
E04137,Maanav,Bose,Female,1982-02-01
E04138,Orinder,Khosla,Male,1984-06-03
E04139,Yashodhara,Manda,Female,1994-03-05
E04140,Siddharth,Raman,Male,1994-10-12
E04141,Yashawini,Atwal,Male,1982-09-02
E04142,Anjali,Ravi,Female,1993-02-22
E04143,Barkha,Kothari,Female,1976-10-15
E04144,Thomas,Verma,Female,1990-02-27
E04145,Edhitha,Mittal,Female,1978-09-15
E04146,Aachal,Sheth,Female,2002-08-09
E04147,Sneha,Mahal,Male,1978-01-13
E04148,Ekani,Mahal,Female,1988-12-28
E04149,Pooja,Kapur,Female,1997-03-12
E04150,Orinder,Thakkar,Male,1980-08-03
E04151,Ishanvi,Kurian,Female,1981-10-21
E04152,Lakshit,Chand,Male,1968-02-15
E04153,Hredhaan,Merchant,Male,1991-06-13
E04154,Gabriel,Dhillon,Male,1986-05-07
E04155,Yasti,Anand,Male,1990-08-23
E04156,Naveen,Dara,Female,1983-08-29
E04157,Jackson,Pillai,Female,1990-03-31
E04158,Kavya,Sant,Female,1986-07-30
E04159,Anmol,Venkatesh,Female,1997-04-17
E04160,Qadim,Batta,Female,1998-02-24
E04161,Hema,Karnik,Female,1987-04-05
E04162,Amara,Palla,Female,1980-04-29
E04163,Faqid,Soni,Female,1982-06-30
E04164,Om,Pai,Female,1981-01-07
E04165,Bhavini,Sanghvi,Female,1973-10-04
E04166,Janya,Bhalla,Female,2001-06-26
E04167,Ekantika,Lanka,Male,1988-01-09
E04168,Unni,Upadhyay,Female,1975-06-14
E04169,Lekha,De,Female,1989-02-01
E04170,David,Bhardwaj,Male,1962-05-13
E04171,Hardik,Roy,Female,1985-12-28
E04172,Triya,Gole,Male,1979-06-08
E04173,Chaitaly,Balakrishnan,Male,1992-08-04
E04174,Kala,Mistry,Female,1988-06-01
E04175,Ikbal,Shroff,Male,1977-05-23
E04176,Onkar,Bir,Male,1982-08-02
E04177,Yauvani,Vig,Female,1987-01-27
E04178,Faqid,Date,Male,1978-06-02
E04179,Vamakshi,Venkatesh,Male,1974-02-21
E04180,Gopal,Rao,Male,1973-10-05
E04181,Ranveer,Sachdev,Male,1978-09-16
E04182,Kamala,Tella,Male,1980-07-27
E04183,Benjamin,Ahuja,Male,1992-04-19
E04184,Bishakha,Sandhu,Female,1989-03-25
E04185,Vasudha,Mital,Female,1980-01-13
E04186,Urishilla,Palan,Male,1988-05-19
E04187,Om,Vohra,Female,1971-11-10
E04188,Robert,Shroff,Male,1974-03-26
E04189,Chandresh,Chokshi,Female,1992-02-04
E04190,Chatura,Srinivasan,Female,1993-09-27
E04191,Triveni,Maharaj,Male,1975-08-11
E04192,Jagat,Dyal,Female,1982-03-11
E04193,Kalpit,Zachariah,Female,1975-04-26
E04194,Laksh,Murty,Male,1976-12-27
E04195,Anay,Bora,Female,1984-08-07
E04196,Aarna,Joshi,Female,1974-03-19
E04197,Vrinda,Majumdar,Male,1970-02-25
E04198,Triya,Rout,Male,1977-04-24
E04199,Gaurangi,Bhalla,Female,1983-08-09
E04200,Azaan,Deep,Male,1993-12-05
E04201,Sara,Vohra,Male,2002-11-22
E04202,Frado,Hegde,Male,1991-04-13
E04203,Riya,Kothari,Male,1991-08-14
E04204,Advaith,Narain,Male,1989-12-16
E04205,Laksh,Chahal,Female,1979-08-20
E04206,Rachita,Dave,Male,1995-01-28
E04207,Praneel,Roy,Male,1984-08-14
E04208,Urmi,Buch,Female,1981-03-12
E04209,Tristan,Swamy,Male,1968-06-11
E04210,Andrew,Sarkar,Male,1966-09-09
E04211,Advay,Dube,Male,1989-09-16
E04212,Aarna,Shetty,Male,1970-08-23
E04213,Farhan,Krish,Male,1984-11-20
E04214,Advika,Bahri,Female,1992-12-11
E04215,Abeer,Krishnan,Female,1982-12-10
E04216,Wakeeta,Sankaran,Male,1989-07-17
E04217,Harini,Chakraborty,Female,1981-12-09
E04218,Ayaan,Garde,Male,1986-04-23
E04219,Alka,Kakar,Female,1982-07-16
E04220,Anya,Dash,Female,1991-06-22
E04221,Chakradev,Dugar,Male,1990-02-10
E04222,Tanay,Pandey,Female,1986-08-08
E04223,Oscar,Tripathi,Female,1978-10-02
E04224,Adya,Khosla,Male,1986-11-21
E04225,Sara,Ganesh,Male,1994-04-10
E04226,Megha,Desai,Male,1977-12-28
E04227,Samarth,Munshi,Male,1989-12-31
E04228,Veda,Manda,Female,1988-11-24
E04229,Jeevika,Balakrishnan,Female,1992-08-13
E04230,Manthan,Soman,Female,1978-06-13
E04231,Saksham,Radhakrishnan,Female,1985-09-29
E04232,Triveni,Reddy,Female,1978-02-01
E04233,Yashoda,Sagar,Female,1981-04-25
E04234,Ekta,Prasad,Female,1986-10-28
E04235,Neel,Rout,Male,2001-09-01
E04236,Qasim,Kulkarni,Female,1984-04-19
E04237,Priya,Lalla,Male,1992-03-03
E04238,Bahadurjit,Kalla,Male,1981-09-29
E04239,Nathaniel,Borra,Female,1980-11-27
E04240,Nidhi,Pathak,Male,1981-09-29
E04241,Gauri,Bhalla,Female,1985-02-02
E04242,Lopa,Krish,Male,1985-04-08
E04243,Bhavani,Jhaveri,Male,1981-09-23
E04244,Ladli,Seshadri,Male,1969-02-02
E04245,Rohan,Pant,Male,1983-09-24
E04246,Kai,Shanker,Male,1986-08-13
E04247,Diya,Devi,Male,1983-10-14
E04248,Tamanna,Tak,Male,1994-12-18
E04249,Bahadurjit,Halder,Female,1974-04-29
E04250,Chatresh,Dhaliwal,Female,1993-03-08
E04251,Aarav,Goel,Male,1972-02-17
E04252,Omya,Nanda,Male,1972-09-25
E04253,Vincent,Bedi,Male,1995-04-14
E04254,Pallavi,Mangat,Female,1980-01-31
E04255,Dev,Varughese,Male,1990-10-02
E04256,Yochana,Barad,Male,1992-04-03
E04257,Baljiwan,Dugal,Female,1990-06-29
E04258,Amruta,Tiwari,Male,1988-02-22
E04259,Vedhika,Yohannan,Female,1982-12-26
E04260,Manya,Bhavsar,Male,1979-05-25
E04261,Reva,Desai,Male,1984-12-23
E04262,Nachiket,Das,Male,1968-12-14
E04263,Jeevika,Mohan,Male,1980-11-28
E04264,Yauvani,Venkataraman,Male,1971-09-15
E04265,Krishna,Bhakta,Female,1970-09-22
E04266,Aashi,Batta,Female,1995-03-13
E04267,Meera,Vyas,Male,1973-06-22
E04268,Jagrati,Padmanabhan,Male,1995-12-12
E04269,Manthan,Joshi,Male,1999-07-15
E04270,Lopa,Zacharia,Male,1969-11-13
E04271,Zilmil,Baral,Male,1982-12-08
E04272,Chameli,Rajan,Female,1988-10-19
E04273,Shravya,Chandran,Male,1971-08-12
E04274,Vrinda,Oza,Female,1980-09-26
E04275,Aashi,Ratti,Female,1984-04-01
E04276,Shravya,Sarin,Female,1979-04-30
E04277,Dipta,Bassi,Male,1972-06-19
E04278,Baghyawati,Basu,Female,1994-01-05
E04279,Nikita,Shah,Male,1998-02-14
E04280,Dalbir,Dada,Female,1998-08-22
E04281,Nitara,Sathe,Female,1985-12-03
E04282,Anjali,Parikh,Male,1992-12-21
E04283,Frederick,Viswanathan,Male,1980-12-12
E04284,Jacob,Lal,Male,1981-09-28
E04285,Sanaya,Majumdar,Female,1990-01-29
E04286,Yadavi,Mani,Male,1989-10-11
E04287,Anamika,Agate,Male,1976-03-13
E04288,Vaishnavi,Dhaliwal,Female,1987-02-26
E04289,Saumya,Radhakrishnan,Male,1979-05-29
E04290,Yauvani,Nanda,Female,1982-05-20
E04291,Pooja,Thakur,Male,1970-06-03
E04292,Baghyawati,Mane,Female,1980-04-22
E04293,Tanveer,Swaminathan,Female,1979-11-12
E04294,Ekanta,Deep,Male,1965-09-24
E04295,Yoshita,Deol,Male,1991-10-17
E04296,Aradhana,Bala,Male,1984-05-10
E04297,Waida,Ghose,Female,1977-03-06
E04298,Hamsini,Tak,Male,1980-03-04
E04299,Sudiksha,Pingle,Female,1987-09-15
E04300,Meera,Joshi,Female,1975-04-22
E04301,Banjeet,De,Male,1972-11-06
E04302,Nicholas,Kohli,Male,1986-08-01
E04303,Jalsa,Suresh,Male,1987-12-21
E04304,Falguni,Sem,Female,1980-07-27
E04305,Nimrat,Ravi,Male,1998-04-30
E04306,Aryan,Savant,Male,2001-06-22
E04307,Hemangini,Desai,Female,1983-10-06
E04308,Jyoti,Mammen,Female,1987-04-19
E04309,Alexander,Natarajan,Male,1996-07-04
E04310,Chanchal,Gokhale,Male,1978-11-30
E04311,Aarnav,Choudhary,Female,1969-10-31
E04312,Oni,Mukhopadhyay,Female,1972-06-20
E04313,Zayan,Shanker,Male,1984-08-06
E04314,Hardik,Kanda,Male,1987-05-15
E04315,Anita,Pradhan,Male,1991-04-02
E04316,Yadavi,Bose,Male,1978-01-13
E04317,Ekiya,Bhagat,Male,1979-02-12
E04318,Urvashi,Halder,Male,1988-07-23
E04319,Raagini,Sachar,Male,1977-07-07
E04320,Ekansh,Gupta,Male,1983-06-06
E04321,Baghyawati,Ben,Female,1994-05-22
E04322,Zayyan,Chaudhari,Male,1970-08-03
E04323,Jagat,Thaker,Male,1992-04-01
E04324,Pushti,Sathe,Female,1999-06-03
E04325,Hemal,Randhawa,Male,1984-11-08
E04326,David,Butala,Female,2000-07-09
E04327,Krisha,Ram,Male,1982-07-26
E04328,Nidhi,Comar,Male,1988-08-30
E04329,Wahab,Lanka,Male,1984-05-18
E04330,Upkaar,Zacharia,Male,1977-12-23
E04331,Aadi,Butala,Male,1976-10-19
E04332,Priya,Manda,Male,1987-03-11
E04333,Wriddhish,Koshy,Male,1982-01-08
E04334,Ekani,Mannan,Male,1975-03-08
E04335,Aarush,Thakkar,Male,1974-10-15
E04336,Amol,Bahl,Female,1983-04-29
E04337,Baghyawati,Krishnamurthy,Female,1989-05-16
E04338,Unnati,Mangat,Female,2000-10-04
E04339,Raghav,Sampath,Male,1981-03-28
E04340,Arya,Boase,Male,1972-12-15
E04341,Isha,Tella,Male,1987-07-17
E04342,Ekani,Talwar,Female,1985-03-28
E04343,Janaki,Dubey,Male,1967-09-25
E04344,Yashawini,Dixit,Female,1975-12-21
E04345,Kevin,Mutti,Female,1969-05-18
E04346,Ekantika,Mahal,Male,1984-07-19
E04347,Owen,Sarraf,Female,1979-05-09
E04348,Bahadurjit,Natt,Male,1979-08-15
E04349,Megha,Kamdar,Male,1975-12-03
E04350,Balveer,Kashyap,Female,1969-05-29
E04351,Sanaya,Mahal,Male,1973-10-17
E04352,Teerth,Pathak,Male,1987-09-18
E04353,Ati,Gandhi,Female,1996-09-10
E04354,Kevin,Goyal,Female,1993-04-16
E04355,Nicholas,Pingle,Male,1987-08-03
E04356,Aishani,Rama,Female,1970-04-06
E04357,Shivani,Balasubramanian,Male,1980-09-11
E04358,Orinder,Seshadri,Female,1987-02-09
E04359,Balendra,Kapoor,Female,1983-12-25
E04360,Meera,Handa,Female,1993-03-23
E04361,Siddharth,Ramesh,Female,1992-12-22
E04362,Akshay,Dalal,Male,1977-03-05
E04363,Saumya,Bhakta,Male,1992-09-06
E04364,Sanaya,Dada,Male,1983-10-23
E04365,Ubika,Amble,Male,1983-11-29
E04366,Manya,Anne,Female,1966-10-27
E04367,Leena,Bassi,Male,1990-05-20
E04368,Chaitanya,Badal,Male,1992-11-24
E04369,Lucky,Apte,Male,1982-10-03
E04370,Devika,Rout,Male,1991-11-08
E04371,Gaurika,Toor,Male,1987-12-26
E04372,Neelima,Tella,Female,1992-10-25
E04373,Orinder,Nagi,Male,1993-02-16
E04374,Bahadurjit,Balakrishnan,Female,1978-05-11
E04375,Forum,Sura,Female,1989-12-05
E04376,Balveer,Narain,Male,1987-02-03
E04377,Turvi,Comar,Male,1998-02-20
E04378,Hitesh,Rastogi,Female,1976-12-17
E04379,Chandran,Gala,Male,1971-02-28
E04380,Gaurika,Mallick,Female,1978-01-07
E04381,Wazir,Mohanty,Male,1984-12-15
E04382,Thomas,Savant,Female,1983-10-23
E04383,Adya,Vyas,Male,1974-10-14
E04384,Simon,Agrawal,Male,1980-04-04
E04385,Suhani,Gara,Male,1965-05-15
E04386,Hemal,Ratta,Male,1977-10-01
E04387,Bachittar,Jha,Female,1975-02-02
E04388,Wishi,Borra,Female,1999-09-01
E04389,Aishani,Walla,Male,2001-11-08
E04390,Robert,Nagi,Male,1997-07-24
E04391,Abeer,Mahajan,Female,1994-09-06
E04392,Saksham,Maharaj,Male,1976-04-25
E04393,Wakeeta,Edwin,Female,1994-03-22
E04394,Unnati,Kata,Female,1981-03-14
E04395,Robert,Swaminathan,Male,1986-07-24
E04396,Wazir,Patel,Male,1978-11-13
E04397,Orinder,Nagi,Female,1984-01-12
E04398,Falan,Hegde,Male,1987-09-09
E04399,Vasudha,Bajwa,Female,1978-12-21
E04400,Jairaj,Bakshi,Male,1981-02-14
E04401,Ucchal,Deshpande,Female,1976-02-23
E04402,Raksha,Mitra,Male,1995-05-22
E04403,Qushi,Suresh,Male,1961-01-05
E04404,Deepa,Dyal,Male,1978-03-17
E04405,Waida,Deol,Female,1978-09-02
E04406,Baljiwan,Sharaf,Male,1982-02-01
E04407,Janya,Chaudhari,Male,1987-05-29
E04408,Dalaja,Srivastava,Female,1982-07-07
E04409,Wriddhish,Nair,Male,1991-12-14
E04410,Mahika,Boase,Male,1977-03-31
E04411,Warhi,Murthy,Male,2001-11-28
E04412,Idika,D’Alia,Male,1982-02-15
E04413,Idika,Mangat,Male,1984-12-25
E04414,Raghav,More,Male,1988-12-26
E04415,Sara,Pathak,Male,1985-01-21
E04416,Barkha,Halder,Male,1990-02-13
E04417,Chakradhar,Chaudhry,Female,1987-09-11
E04418,Veda,Lall,Male,1968-02-11
E04419,David,Boase,Male,1992-06-07
E04420,Bakhshi,Srivastava,Male,1977-09-30
E04421,Anamika,Nazareth,Female,1976-08-31
E04422,Amrita,Kalita,Male,1995-10-21
E04423,Bachittar,Kota,Female,1983-08-14
E04424,Leena,Brahmbhatt,Male,1980-06-04
E04425,Kamya,Mitter,Female,1982-06-08
E04426,Maanav,Mammen,Male,1987-12-05
E04427,Yatin,Ben,Male,1981-04-11
E04428,Henry,Krish,Male,1982-06-12
E04429,Kritika,Ghose,Male,1992-01-28
E04430,Garima,Suri,Female,1984-06-01
E04431,Sudiksha,Khurana,Female,1974-03-15
E04432,Bhavna,Sami,Male,1994-10-22
E04433,Ria,Mitter,Male,1973-08-24
E04434,Aarna,Sekhon,Male,1995-05-28
E04435,Aradhana,Sibal,Male,1983-02-04
E04436,Saanvi,Dugar,Male,1992-08-03
E04437,Vritti,Shere,Female,1989-12-29
E04438,Vedhika,Sarin,Female,1997-08-09
E04439,Michael,Rajan,Male,1978-06-03
E04440,Lakshmi,Soni,Male,1995-08-30
E04441,Banjeet,Kapadia,Female,1981-06-09
E04442,Indira,Deol,Female,1995-07-26
E04443,Timothy,Kashyap,Female,1974-12-06
E04444,Balvan,Talwar,Female,1990-01-12
E04445,Garima,Char,Male,1981-05-16
E04446,Jagrati,Khatri,Female,1999-07-07
E04447,Madhavi,Soman,Female,1983-09-21
E04448,Yasti,Mane,Female,1988-06-15
E04449,Raghav,Bera,Female,1987-07-01
E04450,Tanveer,Wali,Female,1992-12-25
E04451,Viraj,Kalla,Male,1994-08-20
E04452,Jeet,Jaggi,Male,1985-03-17
E04453,Qasim,Butala,Female,1996-04-20
E04454,Oliver,Gour,Female,1983-03-30
E04455,Meghana,Brahmbhatt,Female,1985-10-13
E04456,Shivani,Agrawal,Female,1990-10-04
E04457,Edhitha,Dara,Female,1999-12-19
E04458,Jagrati,Naidu,Female,1998-05-03
E04459,Daksh,Sarkar,Male,1976-01-26
E04460,Sarthak,Mangal,Female,1980-10-22
E04461,Megha,Parmar,Female,1981-07-25
E04462,Ishanvi,Korpal,Male,1976-02-27
E04463,Neelima,Shukla,Male,1992-10-27
E04464,Hemal,Srinivasan,Male,1992-01-31
E04465,Daksha,Bakshi,Female,1990-04-05
E04466,Keya,Kadakia,Male,1994-03-04
E04467,Warda,Som,Male,1992-10-25
E04468,Zaid,Thaker,Male,1963-05-15
E04469,Tanveer,Iyengar,Female,1985-08-19
E04470,Upma,Hari,Male,1985-03-01
E04471,Anika,Kothari,Female,1980-08-02
E04472,Siya,Dyal,Female,1978-06-30
E04473,Barkha,Anne,Female,1981-09-01
E04474,Yashica,Walla,Female,1977-09-14
E04475,Baghyawati,Prashad,Female,1980-04-06
E04476,Faras,Natt,Female,1988-01-23
E04477,Imaran,Nagi,Female,1986-01-08
E04478,Ekapad,Kale,Male,1988-03-20
E04479,Lavanya,Bhargava,Female,1978-08-27
E04480,Charita,Srinivasan,Male,1990-03-08
E04481,Onveer,Comar,Male,1981-07-26
E04482,Omaja,Varughese,Male,1974-12-05
E04483,Jason,Balay,Male,1976-07-31
E04484,Arunima,Rau,Female,1976-10-19
E04485,Amol,Dhaliwal,Female,1999-06-02
E04486,Riya,Chacko,Male,1986-08-18
E04487,Chanakya,Patil,Male,1988-05-22
E04488,Charvi,Keer,Female,1984-02-06
E04489,Dalbir,Krishnan,Female,1975-01-28
E04490,Ekalinga,Chana,Male,1990-12-05
E04491,Yashodhara,Keer,Male,1980-04-07
E04492,Elijah,Sastry,Male,1990-06-09
E04493,Rachita,Tailor,Female,1983-02-21
E04494,Zaitra,Dave,Female,1962-12-05
E04495,Indira,Dara,Female,1981-01-22
E04496,Udarsh,Contractor,Female,1978-06-25
E04497,Balendra,Rana,Male,1981-10-25
E04498,Jyoti,Chaudhry,Female,1989-05-03
E04499,Aarna,Lalla,Male,1979-10-07
E04500,Deepa,Ravi,Female,1980-06-11
E04501,Aryan,Hegde,Male,1972-03-23
E04502,Falan,Dhar,Male,1978-05-28
E04503,Niharika,Ray,Male,1981-04-18
E04504,Saanvi,Gopal,Male,1985-02-05
E04505,Gunbir,Patel,Male,2000-06-08
E04506,Januja,Koshy,Female,2000-09-21
E04507,Isaac,Shroff,Male,1987-02-05
E04508,Yamini,Parsa,Female,1983-06-21
E04509,Luke,Palla,Male,1983-02-10
E04510,Anirudh,Lata,Male,1976-09-12
E04511,Abeer,Subramaniam,Female,1988-01-05
E04512,Daksha,Agarwal,Female,1983-02-06
E04513,Bhavani,Sane,Female,1971-12-04
E04514,Ranveer,Mutti,Male,1986-06-29
E04515,Elijah,Pradhan,Female,1978-08-28
E04516,Aryan,Walia,Female,1985-04-30
E04517,Faras,Nayar,Female,1971-02-22
E04518,Yagnesh,Bhatnagar,Female,1992-11-18
E04519,Faqid,Kala,Male,1987-02-26
E04520,Sara,Wagle,Male,1986-11-13
E04521,Sai,Prasad,Male,1994-12-23
E04522,Ekalinga,Contractor,Male,1982-07-28
E04523,Warjas,Goswami,Female,1985-05-21
E04524,Varenya,Krish,Female,1973-09-19
E04525,Jeet,Sridhar,Male,1999-07-20
E04526,Baljiwan,Raghavan,Male,1977-07-26
E04527,Diya,Rai,Male,1978-05-22
E04528,Anusha,Puri,Male,1988-08-31
E04529,Tara,Kala,Female,1993-05-25
E04530,Nathan,Choudhary,Male,1979-02-26
E04531,Januja,Ghose,Male,1990-05-24
E04532,Advay,Mangal,Female,2000-03-17
E04533,Falan,Sood,Male,1985-04-01
E04534,Anirudh,Solanki,Male,1991-04-25
E04535,Indrajit,Bhasin,Female,1981-02-27
E04536,Kai,Chandran,Male,1987-11-18
E04537,Anmol,Deep,Male,1979-01-05
E04538,Nitara,Sekhon,Female,1974-08-13
E04539,Gaurang,Tripathi,Female,1995-06-14
E04540,Dev,Iyer,Female,1979-12-27
E04541,Eta,Hans,Male,1991-09-16
E04542,Jack,Warrior,Female,1978-03-26
E04543,Fariq,Jain,Female,1984-09-17
E04544,Dipta,Upadhyay,Male,1989-12-27
E04545,Yamini,Upadhyay,Female,1973-02-04
E04546,Darpan,Randhawa,Male,1992-09-15
E04547,Rohan,Ben,Male,1978-08-01
E04548,Zilmil,Kapoor,Male,1997-06-08
E04549,Tara,Singhal,Male,1996-10-28
E04550,Harita,Dutta,Male,1986-05-12
E04551,Harini,Butala,Female,1985-01-18
E04552,Baljiwan,Dhar,Male,1991-12-30
E04553,Omisha,Raja,Female,1962-04-15
E04554,Ekaja,Sachar,Male,1965-04-15
E04555,Leena,Garg,Male,1979-07-14
E04556,Gauri,Sura,Female,1986-09-20
E04557,Suhani,Boase,Female,1986-05-17
E04558,Nimrat,Sarma,Male,1986-02-14
E04559,Inaya,Venkataraman,Female,1979-04-16
E04560,Jeet,Mutti,Male,1981-12-26
E04561,Caleb,Brar,Female,1979-11-25
E04562,Simon,Krishnan,Male,1992-10-03
E04563,Ekta,Nagy,Female,1982-08-20
E04564,Vrinda,Padmanabhan,Female,1984-05-31
E04565,Gopal,Mander,Female,1992-10-05
E04566,Harini,Rajagopal,Male,1982-04-13
E04567,Gabriel,Mand,Female,1998-05-12
E04568,Arin,Dubey,Male,1975-01-26
E04569,Yashoda,Ahluwalia,Female,1988-04-24
E04570,Hitesh,Tiwari,Male,1991-08-01
E04571,Zaitra,Rout,Female,1977-07-17
E04572,Rehaan,Balay,Male,1993-02-14
E04573,Vedhika,Gokhale,Female,1976-05-27
E04574,Harita,Sarkar,Male,1984-03-08
E04575,Viraj,Cherian,Female,1974-04-17
E04576,Ria,Narang,Female,1993-10-07
E04577,Siddharth,Srinivasan,Male,1983-04-11
E04578,Ishwar,Pradhan,Male,1996-07-02
E04579,Bakhshi,Aggarwal,Male,1988-06-19
E04580,Bachittar,Mani,Male,1991-10-11
E04581,Zehaan,Lal,Female,1973-03-19
E04582,Gayathri,Dani,Male,1992-03-24
E04583,Victor,Sehgal,Male,1979-06-22
E04584,Jagrati,Chauhan,Male,1979-09-09
E04585,Jacob,Andra,Female,1988-10-08
E04586,Tripti,Ramakrishnan,Female,1979-07-15
E04587,Ranveer,Goda,Male,1985-09-04
E04588,Tripti,Shetty,Female,1974-09-10
E04589,Kevin,Gokhale,Male,1992-04-30
E04590,Abdul,Pandya,Male,1992-11-25
E04591,Robert,Talwar,Male,1980-05-03
E04592,Qabil,Varughese,Female,1980-04-06
E04593,Wazir,Aurora,Male,1970-06-14
E04594,Samesh,Gill,Female,1976-08-14
E04595,Raksha,Palla,Female,1989-12-08
E04596,Chakradev,Char,Male,1976-07-02
E04597,Sneha,Ravel,Male,1982-02-05
E04598,Chandani,Sathe,Male,1983-09-05
E04599,Siya,Chandran,Female,1978-07-08
E04600,Lajita,Borra,Male,2001-02-28
E04601,Chatresh,Chaudhary,Male,2000-04-06
E04602,Saumya,Parekh,Female,1970-04-21
E04603,Xiti,Sagar,Male,1987-10-03
E04604,Yatin,De,Female,1994-12-18
E04605,Ubika,Rama,Male,1997-12-22
E04606,Ojasvi,Srinivasan,Female,1979-06-03
E04607,Megha,Vora,Female,1990-09-09
E04608,Warhi,Brar,Female,1976-08-17
E04609,Udant,Pandya,Male,1973-11-23
E04610,Om,Natarajan,Male,1985-09-14
E04611,Abdul,Palan,Male,1981-03-23
E04612,Ladli,Bhagat,Female,1995-11-03
E04613,Raagini,Varughese,Male,1980-09-26
E04614,Kritika,Singhal,Female,1996-10-05
E04615,Wahab,Trivedi,Male,1989-04-29
E04616,Timothy,Sampath,Female,1991-11-30
E04617,Isaac,Radhakrishnan,Male,1987-12-13
E04618,Aayush,Naidu,Female,1976-11-01
E04619,Yuvraj,Lanka,Male,1990-08-19
E04620,Watika,Kade,Female,1991-12-08
E04621,Nakul,Kala,Female,1965-12-12
E04622,Udarsh,Prabhakar,Female,1976-11-12
E04623,Eta,Chand,Female,2000-08-31
E04624,Ekalinga,Batra,Male,1977-03-02
E04625,Kai,Muni,Female,1982-10-22
E04626,Qarin,Saha,Male,1993-11-18
E04627,Udant,Sane,Female,1974-09-20
E04628,Ronith,Sandhu,Male,1993-01-09
E04629,Onkar,Singh,Male,1985-03-16
E04630,Yatan,Basu,Male,1986-08-24
E04631,Charvi,Dada,Male,1980-02-19
E04632,Leela,Dey,Male,1983-09-14
E04633,Anamika,Dugar,Male,1976-07-06
E04634,Anthony,Ghose,Female,1993-05-02
E04635,Zaid,Salvi,Male,1983-05-23
E04636,Yamini,Gala,Female,1978-11-27
E04637,Utkarsh,Dhar,Female,1997-10-19
E04638,Faraj,Mitra,Female,1980-10-25
E04639,Ikshita,Bains,Male,1987-05-13
E04640,Kala,Rajagopal,Female,1993-10-18
E04641,Baghyawati,Lad,Male,1985-11-20
E04642,Yashvi,Dhawan,Male,1985-04-30
E04643,Guneet,Bhatnagar,Female,1986-08-17
E04644,David,Vasa,Male,1983-11-16
E04645,Simon,Mane,Male,1979-12-24
E04646,Nitesh,Ben,Female,1988-07-20
E04647,Luke,Saraf,Male,1979-07-28
E04648,Veer,Banerjee,Female,1994-09-22
E04649,Gavin,Sodhi,Male,1977-09-25
E04650,Sudiksha,Barad,Male,1989-02-28
E04651,Ira,Manne,Male,1977-12-02
E04652,Osha,Kashyap,Male,1993-09-21
E04653,Gunbir,Vala,Male,1994-09-11
E04654,Maanav,Narasimhan,Female,1991-06-28
E04655,Timothy,Suri,Male,1986-11-15
E04656,Triveni,Issac,Male,1990-03-01
E04657,Shaurya,Chaudhari,Male,1975-01-03
E04658,Yashvi,Patla,Female,1990-01-20
E04659,Harini,Taneja,Female,1980-07-01
E04660,Kamala,Bains,Male,1993-05-20
E04661,Amol,Sarin,Male,1988-03-03
E04662,Charita,Wadhwa,Male,1971-10-17
E04663,William,Sangha,Male,1995-08-21
E04664,Champak,Shukla,Female,1972-09-11
E04665,Dev,Rau,Female,1973-01-20
E04666,Baghyawati,Lanka,Male,1993-04-25
E04667,Logan,Kapadia,Female,1986-12-27
E04668,Maanas,Raja,Female,1983-02-22
E04669,Kavya,Subramanian,Male,1983-09-28
E04670,Oni,Dhillon,Female,1987-10-11
E04671,Mitali,Sodhi,Female,1979-09-23
E04672,Nachiket,Mukherjee,Male,1985-04-25
E04673,Chanchal,Thakkar,Female,1980-04-26
E04674,Sanya,Goda,Female,1988-09-10
E04675,Xalak,Srivastava,Male,1996-01-20
E04676,Chatresh,Grover,Female,1997-04-16
E04677,Kashvi,Tata,Male,1997-09-22
E04678,Eesha,Mahal,Female,1984-05-22
E04679,Christopher,Vora,Female,1978-05-26
E04680,Bimala,Oza,Female,1989-07-04
E04681,Chasmum,Solanki,Female,1993-01-08
E04682,Ishaan,Walla,Male,1988-05-04
E04683,Onveer,Wali,Female,1982-03-13
E04684,Aishani,Doshi,Male,1993-01-24
E04685,Nimrat,Sarraf,Male,1992-06-25
E04686,Chakradev,Butala,Male,1977-02-06
E04687,Isha,Gokhale,Male,1990-01-28
E04688,Advay,Hegde,Male,1978-12-20
E04689,Alexander,Yohannan,Male,1979-06-04
E04690,Dalaja,Bhatt,Male,1997-02-15
E04691,Dalaja,Dara,Female,1991-06-16
E04692,Priya,Misra,Female,1989-02-05
E04693,Pahal,Mukhopadhyay,Male,1993-11-08
E04694,Pooja,Chowdhury,Female,1977-11-06
E04695,Wazir,Babu,Female,2000-10-21
E04696,Raghav,Kashyap,Female,1986-02-17
E04697,Robert,Yadav,Female,1981-03-29
E04698,Naksh,Trivedi,Female,1974-03-27
E04699,Ekansh,Seth,Male,1995-05-18
E04700,Hardik,Bhalla,Male,1995-04-24
E04701,Umang,Shankar,Female,1984-04-14
E04702,Radhika,Lall,Female,1982-02-19
E04703,Jeremiah,Mall,Male,1986-07-29
E04704,Gagan,Peri,Male,1991-12-29
E04705,Adweta,Sekhon,Female,1995-08-18
E04706,Deepa,Devan,Male,1980-05-30
E04707,Pooja,Pandya,Female,1983-04-16
E04708,Panini,Dass,Male,1996-02-03
E04709,Ladli,Jaggi,Female,1998-12-27
E04710,Banjeet,Kothari,Male,1986-02-16
E04711,Dakshesh,Varty,Male,1983-12-28
E04712,Darpan,Salvi,Female,1983-11-18
E04713,Ridhi,Tandon,Male,1991-11-22
E04714,Neha,Krishna,Female,1983-04-03
E04715,Dipta,Bedi,Female,1973-02-16
E04716,Daniel,Samra,Male,1983-07-12
E04717,Vasana,Loke,Male,1975-01-02
E04718,Raagini,Sani,Female,1973-10-03
E04719,Falan,Sunder,Female,1964-07-17
E04720,Sanya,Mani,Male,1998-04-07
E04721,Ojas,Sekhon,Male,1974-10-15
E04722,Upasna,Tandon,Female,1994-06-15
E04723,Prisha,Iyer,Male,1995-10-10
E04724,Charvi,Choudhury,Female,1991-12-22
E04725,Aryan,Sankaran,Male,1977-04-15
E04726,Varsha,Shan,Female,1987-03-09
E04727,Oni,Magar,Female,1984-08-20
E04728,Lopa,Sehgal,Male,1986-12-31
E04729,Falan,Kamdar,Female,1977-09-23
E04730,Yachana,Ray,Male,1982-04-12
E04731,Nisha,Bera,Male,1988-12-17
E04732,Manbir,Gala,Female,1994-09-01
E04733,Yasti,Soman,Male,1979-11-19
E04734,Jasmit,Ravel,Female,1994-03-31
E04735,Charles,Sha,Female,1993-02-17
E04736,Nakul,Pall,Female,1973-04-15
E04737,Orinder,Dada,Female,1985-02-03
E04738,Krishna,Sengupta,Male,1988-04-17
E04739,Qasim,Tripathi,Female,1981-07-29
E04740,Isha,Shukla,Male,1969-11-05
E04741,Farhan,Deol,Female,1984-03-14
E04742,Chanchal,Gade,Male,1985-08-02
E04743,Kiaan,Oza,Female,1980-09-16
E04744,Hredhaan,Bir,Male,1994-01-21
E04745,Azaan,Magar,Male,1994-10-21
E04746,Simon,Khosla,Male,1980-09-09
E04747,Timothy,Mani,Male,1994-11-16
E04748,Zilmil,Rajan,Male,1994-05-09
E04749,Nihal,Suresh,Male,1979-09-27
E04750,Lajita,Bal,Female,1984-08-13
E04751,Nathan,Kala,Male,1992-03-05
E04752,Ishani,Bobal,Male,1984-02-09
E04753,Anay,De,Male,1987-02-21
E04754,Vedika,Savant,Female,1993-11-25
E04755,Nikita,Pingle,Male,1991-10-15
E04756,Devansh,Babu,Female,1983-01-07
E04757,Janya,Mall,Male,1992-04-22
E04758,Ayush,Gala,Female,1977-08-04
E04759,Saanvi,Jayaraman,Female,1989-06-25
E04760,Neel,Misra,Male,1994-12-15
E04761,Rishi,Guha,Female,1970-05-13
E04762,Pranit,Sandhu,Female,1989-10-05
E04763,Omisha,Yadav,Male,1981-03-17
E04764,Jagvi,Apte,Female,1995-06-19
E04765,Libni,Merchant,Male,1983-01-27
E04766,Kiaan,Bahl,Male,1985-03-22
E04767,Oscar,Pal,Male,1986-03-18
E04768,Quincy,Bhakta,Male,1986-02-06
E04769,Fitan,Thakur,Male,1986-05-31
E04770,Dalaja,Chaudhry,Male,1972-09-13
E04771,Hemangini,Issac,Male,1985-06-04
E04772,Fitan,Raj,Male,1988-05-28
E04773,Hemang,Tata,Female,1975-06-22
E04774,Prisha,Lala,Female,1979-12-07
E04775,Chandani,Kibe,Female,1986-06-29
E04776,Arya,Sandal,Male,1981-05-27
E04777,Lekha,Borah,Male,1973-10-31
E04778,Ekani,Dyal,Male,1994-10-05
E04779,Samarth,Shukla,Female,1979-12-18
E04780,Dayamai,Magar,Female,1984-06-18
E04781,Arya,Behl,Male,1991-04-16
E04782,Darpan,Warrior,Female,1991-11-18
E04783,Urvi,Deshmukh,Male,1981-05-26
E04784,Qasim,Choudhary,Male,1989-03-20
E04785,Shivani,Sinha,Female,1995-07-26
E04786,Zaid,Bhatti,Male,1981-04-12
E04787,Mekhala,Keer,Female,1993-08-06
E04788,Chanchal,Viswanathan,Female,1985-12-23
E04789,Ucchal,Sarna,Female,1987-01-23
E04790,Pranit,Handa,Female,1983-06-24
E04791,Imaran,Sachdev,Female,1993-11-28
E04792,Manbir,Balakrishnan,Male,1992-02-05
E04793,Faqid,Varkey,Male,1987-01-27
E04794,Abeer,Sangha,Female,1978-01-23
E04795,Janya,Bedi,Male,1971-03-08
E04796,Ekani,Anne,Female,1983-01-24
E04797,Amruta,Narain,Male,1984-12-09
E04798,Sanya,Sankaran,Female,1978-07-12
E04799,Onkar,Rege,Male,1986-09-14
E04800,Naveen,Vora,Male,1986-07-05
E04801,Sara,Choudhary,Male,1978-08-29
E04802,Nihal,Ramanathan,Male,1980-11-11
E04803,Ekantika,Chaudry,Male,1977-02-25
E04804,Upkaar,Rajagopal,Female,1982-02-07
E04805,Laksh,Banerjee,Male,1992-04-19
E04806,Kashvi,Mander,Male,1992-09-06
E04807,Varsha,Viswanathan,Female,2001-06-26
E04808,Chasmum,Pandey,Female,1982-08-15
E04809,Udarsh,Master,Male,1993-08-21
E04810,Reyansh,Narain,Female,1990-10-06
E04811,Divya,Sunder,Male,1987-06-24
E04812,Logan,Lad,Male,1975-01-26
E04813,Samar,Chaudhry,Female,1974-01-19
E04814,Sara,Wali,Male,1974-12-17
E04815,Zansi,Pandey,Female,1965-10-06
E04816,Chandresh,Dhaliwal,Male,1985-06-30
E04817,Shravya,Bath,Female,1977-02-28
E04818,Aryan,Brar,Male,1990-08-24
E04819,Isaiah,Narayanan,Male,1987-06-11
E04820,Laban,Nanda,Female,1995-04-01
E04821,Adya,Mall,Female,1999-03-12
E04822,Megha,Shenoy,Male,1993-10-06
E04823,Vihaan,Krishnan,Female,1980-07-19
E04824,Daksha,Ahuja,Female,1987-03-25
E04825,Mahika,Sen,Male,1995-06-09
E04826,Triveni,Bedi,Female,1982-07-12
E04827,Libni,Sodhi,Female,1989-02-21
E04828,Yagnesh,Karnik,Female,1981-07-23
E04829,Leena,Dhawan,Male,1982-01-08
E04830,Aradhana,Rai,Male,1980-05-01
E04831,Rachit,Bail,Male,1980-04-04
E04832,Unnati,Sankaran,Male,1963-01-15
E04833,Mugdha,Murthy,Male,1995-05-14
E04834,Onveer,Sibal,Male,1995-08-21
E04835,Mekhala,Rana,Female,1978-08-11
E04836,Pranit,Sampath,Male,1986-07-08
E04837,Benjamin,Savant,Male,1997-03-27
E04838,Tanmayi,Ahuja,Male,1976-03-01
E04839,Ranveer,Raval,Male,1997-01-24
E04840,Neelima,Narula,Female,1980-11-19
E04841,Maanas,Kanda,Female,1979-12-25
E04842,Kala,Parekh,Male,1990-08-14
E04843,Tarak,Ravel,Male,1981-02-18
E04844,Dayita,Chanda,Male,1998-04-30
E04845,Nidra,Batra,Male,1994-06-23
E04846,Samuel,Bala,Male,1983-02-25
E04847,Logan,Kakar,Male,1982-03-07
E04848,Arjun,Solanki,Female,1989-10-10
E04849,Saksham,Saran,Male,1963-12-07
E04850,Zaitra,Pal,Male,1984-01-08
E04851,Tara,Jayaraman,Male,1987-12-19
E04852,Prisha,Chadha,Male,1988-01-05
E04853,Dominic,Ray,Male,1976-08-31
E04854,Quincy,Basu,Male,1984-07-31
E04855,Wyatt,Shanker,Male,1984-03-22
E04856,Xalak,Rajagopalan,Male,1979-04-28
E04857,Wakeeta,Gara,Male,1985-03-16
E04858,Keya,Murthy,Female,1978-08-15
E04859,Ekanta,Babu,Male,1975-10-06
E04860,Ayaan,Krishna,Female,1979-11-15
E04861,Darsh,Bakshi,Female,1988-12-10
E04862,Sara,Agate,Male,1969-11-15
E04863,Zansi,Mander,Male,1982-07-28
E04864,Bhavani,Seth,Female,1977-06-09
E04865,Ishwar,Trivedi,Male,1991-06-12
E04866,Kalpit,Sridhar,Female,1978-10-06
E04867,Kala,Jani,Male,1993-08-20
E04868,Jagvi,Sarma,Female,1981-06-09
E04869,Warda,Ramesh,Female,1989-03-04
E04870,Anita,Patel,Male,1990-07-27
E04871,Bhavika,Randhawa,Male,1968-12-31
E04872,Tara,Kade,Male,1995-12-19
E04873,Brinda,Kulkarni,Female,2000-04-15
E04874,Ekiya,Samra,Female,1976-12-15
E04875,Charan,Gupta,Female,1985-07-05
E04876,Osha,Raja,Female,1987-02-22
E04877,Falak,Oommen,Female,1995-03-31
E04878,Varsha,Wali,Male,1988-04-13
E04879,Adya,Dhawan,Female,1976-04-20
E04880,Atharv,Sahota,Male,1983-07-19
E04881,Vincent,Parekh,Male,1974-11-20
E04882,Sathvik,Merchant,Female,1978-09-04
E04883,Advaith,Sabharwal,Female,1985-03-14
E04884,Libni,Pandey,Female,1991-11-02
E04885,Vinaya,Dubey,Female,1984-11-14
E04886,Onkar,Badal,Female,1989-09-30
E04887,Sai,Patil,Female,1996-04-25
E04888,Aishani,Ghose,Female,1996-12-28
E04889,Anya,Gupta,Female,1982-06-08
E04890,Fitan,Cherian,Female,1986-05-16
E04891,Guneet,Ravi,Male,1988-06-08
E04892,Edhitha,Roy,Male,2001-05-24
E04893,Frado,Kothari,Female,1989-02-05
E04894,Gaurang,Manda,Male,1980-03-21
E04895,Qabil,Thakkar,Female,1986-08-11
E04896,Anthony,Majumdar,Male,1976-08-22
E04897,Ekapad,Butala,Male,1975-12-07
E04898,Akshay,Srinivas,Male,2001-11-25
E04899,Aditya,Shroff,Female,1982-08-04
E04900,Rehaan,Sahni,Female,1996-12-22
E04901,Bachittar,Biswas,Male,1988-04-19
E04902,Aarush,Madan,Male,1995-09-17
E04903,Ekapad,Krish,Female,1969-08-19
E04904,Saksham,Tailor,Female,1991-07-19
E04905,Pooja,Khurana,Male,1986-05-25
E04906,Nidhi,Sekhon,Male,1987-09-28
E04907,Vivaan,Bhat,Female,1995-01-24
E04908,Oeshi,Mohan,Male,1978-08-21
E04909,Anusha,Om,Female,1988-04-01
E04910,Raghav,Dave,Female,1989-06-11
E04911,Dipta,Gour,Female,1989-01-23
E04912,Reyansh,Bora,Female,1988-05-20
E04913,Zarna,Mitter,Female,1983-01-14
E04914,Charan,Agarwal,Female,1987-04-06
E04915,Jyoti,Lala,Male,1985-01-22
E04916,Sai,Garde,Male,1992-12-18
E04917,Kala,Dey,Male,1990-04-19
E04918,Darika,Oommen,Female,1987-06-16
E04919,Bakhshi,Warrior,Male,1983-04-20
E04920,Amrita,Anand,Female,1976-12-14
E04921,Chaman,Bobal,Female,1971-06-30
E04922,Ekaja,Batra,Male,1987-01-28
E04923,Viraj,Narasimhan,Male,1982-11-07
E04924,Chavvi,Natarajan,Male,1992-01-23
E04925,Bahadurjit,Chatterjee,Female,1979-05-12
E04926,Leela,Nadkarni,Female,2001-06-02
E04927,Dalbir,Gandhi,Male,1974-05-17
E04928,Harsh,Mani,Female,1972-07-29
E04929,Anya,Divan,Male,1982-01-11
E04930,Jai,Dyal,Female,1981-09-21
E04931,Hema,Saraf,Male,1987-06-03
E04932,Bina,Gera,Female,1997-09-21
E04933,Urmi,More,Male,1993-05-11
E04934,Yauvani,Anne,Female,1981-08-06
E04935,Girindra,Dara,Male,1990-03-30
E04936,Arunima,Srinivasan,Female,1981-10-16
E04937,Jyoti,Sahni,Male,1988-10-12
E04938,Finn,Manda,Male,1963-10-26
E04939,Ria,Patel,Male,1984-01-02
E04940,Elijah,Sahota,Male,1990-01-03
E04941,Anay,Kala,Male,1991-07-18
E04942,Vincent,Bhandari,Female,2000-03-20
E04943,Oviya,Subramanian,Female,1972-06-19
E04944,Leela,Kala,Male,1987-12-26
E04945,Rohan,Mohanty,Female,1973-05-07
E04946,Vidhi,Madan,Male,1992-09-17
E04947,Owen,Barad,Female,1993-04-26
E04948,Agastya,Tella,Male,1966-10-03
E04949,Falan,Rao,Female,1993-10-10
E04950,Gagan,Sura,Male,1986-09-22
E04951,Meghana,Garg,Male,1982-12-14
E04952,Vaishnavi,Mandal,Female,1973-03-16
E04953,Warda,Chaudhry,Male,1981-06-14
E04954,Dakshesh,Chaudry,Male,1983-05-08
E04955,Sanaya,Shah,Female,1989-09-14
E04956,Januja,Viswanathan,Female,1984-03-06
E04957,Edhitha,Gaba,Male,1980-05-26
E04958,Bhavna,Vora,Male,1974-06-17
E04959,Qasim,Kapoor,Female,1984-06-21
E04960,Caleb,Basu,Male,1977-02-11
E04961,Geetika,Kaur,Female,1985-12-21
E04962,Viraj,Lal,Female,1984-08-13
E04963,Sanya,Balan,Female,1985-05-07
E04964,Ikbal,Viswanathan,Male,1987-12-27
E04965,Nidra,Pall,Male,1994-04-28
E04966,Oeshi,Sidhu,Male,1976-11-04
E04967,Sneha,Andra,Male,1978-07-07
E04968,Jagat,Bora,Male,1993-05-17
E04969,Edhitha,Shankar,Female,1982-06-12
E04970,Nitara,Palla,Female,1981-11-02
E04971,Ekani,Sama,Male,1993-05-13
E04972,Qadim,Wason,Female,1979-07-31
E04973,Osha,Deshmukh,Male,1976-05-04
E04974,Hemang,Soman,Female,1996-07-25
E04975,Arjun,Swaminathan,Male,1990-01-14
E04976,Varenya,Bath,Male,1988-09-03
E04977,Teerth,Chowdhury,Female,1983-03-16
E04978,Vasana,Chakrabarti,Female,1996-09-03
E04979,Jagat,Subramaniam,Male,1973-12-05
E04980,Chameli,Apte,Male,1988-11-20
E04981,Jeet,Srinivasan,Male,1987-11-12
E04982,Bishakha,Sethi,Male,1978-08-02
E04983,Laban,Bala,Male,1971-04-24
E04984,Udarsh,Anne,Female,1992-02-11
E04985,Bhavna,Tiwari,Male,2000-09-29
E04986,Zehaan,Bawa,Female,1976-02-12
E04987,Jacob,Sani,Female,1995-08-09
E04988,Gayathri,Walla,Male,1989-11-04
E04989,Max,Mallick,Male,1972-12-10
E04990,Vivaan,Srinivas,Male,1993-06-13
E04991,Rajata,Pau,Female,1984-05-31
E04992,Mitesh,Som,Male,1993-09-12
E04993,George,Sridhar,Male,1992-12-15
E04994,Krishna,Pradhan,Male,1979-07-16
E04995,Nachiket,Kannan,Female,1977-07-02
E04996,Jagvi,Andra,Male,1979-12-09
E04997,Lekha,Sheth,Male,1988-04-27
E04998,Neelima,Hora,Male,1978-12-16
E04999,Yamini,Zacharia,Male,1978-02-27
E05000,Idika,Sangha,Male,1992-11-05
E05001,Lipika,Dey,Male,1987-01-21
E05002,Orinder,Ravi,Female,1991-02-12
E05003,Omisha,Nori,Female,1972-10-04
E05004,Balvan,Mistry,Female,1995-05-10
E05005,Advika,Vala,Female,1978-06-20
E05006,Fitan,Manne,Male,1980-02-19
E05007,Logan,Pathak,Male,1992-06-05
E05008,Divya,Bansal,Male,1976-09-17
E05009,Finn,Oommen,Female,1992-05-24
E05010,Hemani,Divan,Female,1979-04-18
E05011,Oeshi,Goyal,Female,1982-05-03
E05012,Ishaan,Manne,Female,1979-07-07
E05013,Bachittar,Murthy,Male,1979-04-23
E05014,Megha,Sharma,Male,1969-04-01
E05015,Januja,Walia,Male,1985-03-03
E05016,Victor,Sura,Male,1985-06-06
E05017,Mugdha,Kala,Male,1990-05-05
E05018,Omaja,Rajagopalan,Male,1994-07-30
E05019,Rushil,Bir,Male,1989-11-27
E05020,Faras,Palla,Female,1987-10-15
E05021,Jagat,Garg,Female,1983-10-06
E05022,Chakradev,Lad,Female,1988-12-10
E05023,Dayamai,Biswas,Female,1988-06-28
E05024,Udant,Gala,Male,1991-01-27
E05025,Upkaar,Tara,Male,1996-02-19
E05026,Aayush,Kunda,Male,1978-01-28
E05027,Bhanumati,Ravi,Male,1986-07-11
E05028,Ekalinga,Borra,Female,1983-03-22
E05029,Aarush,Rege,Female,1987-04-20
E05030,Edhitha,Kurian,Male,1985-02-08
E05031,Rudra,Dara,Male,1980-02-16
E05032,Ishwar,Chakraborty,Female,2000-09-04
E05033,Reyansh,Grewal,Female,1970-08-29
E05034,Neelima,Brahmbhatt,Male,1986-11-24
E05035,Rajata,Bakshi,Female,1991-10-10
E05036,Gaurav,Sundaram,Male,1992-01-13
E05037,Maya,Sood,Female,1977-07-28
E05038,Guneet,Dyal,Female,1975-09-21
E05039,Mohini,Rana,Female,1987-04-17
E05040,Pallavi,Pillay,Female,1995-05-19
E05041,Ekavir,Bali,Female,1989-05-20
E05042,Isha,Butala,Female,1989-07-09
E05043,Vedika,Hegde,Male,1968-08-10
E05044,Jagat,Baria,Female,1977-06-09
E05045,Urmi,Bahl,Female,1996-05-09
E05046,Pooja,Bumb,Male,1999-01-02
E05047,Samaksh,Nagi,Male,1978-02-12
E05048,Zaitra,Nagar,Female,1996-06-23
E05049,Yadavi,Soman,Female,1998-04-21
E05050,Oeshi,Deshpande,Male,1981-12-06
E05051,Chandresh,Narasimhan,Female,1978-12-29
E05052,Tanmayi,Loyal,Male,1986-02-22
E05053,Tanvi,Soman,Male,2002-11-12
E05054,Dhriti,Choudhry,Male,1984-07-30
E05055,Ati,Dhaliwal,Female,1980-04-28
E05056,Azad,Korpal,Female,1964-12-12
E05057,Vedhika,Ray,Female,1991-09-16
E05058,Gagan,Bora,Male,1982-05-05
E05059,Damyanti,Buch,Female,1964-02-06
E05060,Faras,Pingle,Male,1975-10-17
E05061,Aditya,Wable,Male,1994-05-18
E05062,Yatin,Sarna,Male,1979-05-29
E05063,Dayita,Majumdar,Male,1974-07-12
E05064,Ekanta,Oza,Female,1989-10-13
E05065,Vanya,Prasad,Male,1992-01-01
E05066,William,Natarajan,Female,1970-02-22
E05067,Ishita,Rege,Female,1978-11-01
E05068,Kamya,Puri,Female,1977-09-23
E05069,Vidhi,Rattan,Female,1980-02-16
E05070,Vedika,Varughese,Male,1973-04-30
E05071,Gavin,Patla,Male,1989-07-11
E05072,David,Sarna,Male,1987-05-11
E05073,Warjas,Dewan,Female,1987-12-23
E05074,Girish,Tripathi,Female,1993-09-27
E05075,Abeer,D’Alia,Female,1990-12-16
E05076,Eiravati,Dhar,Male,1986-10-08
E05077,Avi,Mittal,Male,1995-01-31
E05078,Samesh,Nath,Male,1990-05-03
E05079,Jagrati,Badal,Male,1990-01-27
E05080,Krishna,Patla,Female,1998-08-23
E05081,Azaan,Subramanian,Male,1996-09-05
E05082,Xalak,Krishnan,Female,1990-06-04
E05083,Dalaja,Patel,Male,1972-01-11
E05084,Bishakha,Vaidya,Male,1981-03-07
E05085,Bachittar,Koshy,Male,1988-07-07
E05086,Ronith,Deshmukh,Female,1978-12-01
E05087,Harrison,Sura,Male,1989-03-09
E05088,Darika,Sehgal,Male,1965-01-17
E05089,Gunbir,Banik,Female,1988-01-25
E05090,Gautami,Randhawa,Female,1976-12-22
E05091,Oni,Rama,Male,1987-05-05
E05092,Geetika,Arora,Male,1982-08-27
E05093,Saksham,Gala,Female,1988-09-01
E05094,Vinaya,Lad,Male,1992-03-24
E05095,Anay,Char,Male,1986-12-17
E05096,Dayamai,Chaudhary,Female,1969-07-23
E05097,Lakshit,Devi,Female,1986-08-19
E05098,Tanvi,Tella,Male,1989-01-29
E05099,Faqid,Raghavan,Female,1995-09-04
E05100,Vamakshi,Ganguly,Male,1984-06-03
E05101,Vasatika,Oommen,Female,1997-10-27
E05102,Yatan,Sengupta,Male,1986-06-29
E05103,Bimala,Ganesan,Male,1983-12-24
E05104,Bishakha,Gera,Male,1996-11-07
E05105,Harini,Panchal,Female,1994-05-07
E05106,Abhimanyu,Sarna,Female,1991-01-11
E05107,Rohan,Maharaj,Male,1990-07-15
E05108,Indrajit,Vala,Male,1978-01-07
E05109,Charvi,Chaudhry,Male,1991-01-12
E05110,Sara,Balasubramanian,Male,1996-05-24
E05111,Lajita,Deep,Female,1990-07-04
E05112,Abhimanyu,Oak,Male,1989-10-26
E05113,Kevin,Ramesh,Female,1997-10-28
E05114,Omkaar,Bajwa,Male,1986-05-26
E05115,Ria,Joshi,Male,1986-10-16
E05116,Falan,Biswas,Female,1983-03-13
E05117,Balveer,Ramachandran,Male,1983-07-21
E05118,Naveen,Bhardwaj,Male,1969-06-09
E05119,Parth,Tata,Female,1974-10-07
E05120,Dalaja,Chaudhary,Female,1976-01-25
E05121,Ishaan,Pillai,Female,1973-06-12
E05122,Anika,Varghese,Female,1981-10-22
E05123,Aarav,Dugal,Female,1972-03-23
E05124,Jyoti,Sangha,Female,1992-12-14
E05125,Gaurang,Dara,Female,1987-06-19
E05126,Zaid,Doshi,Female,1987-08-14
E05127,Advik,Chopra,Female,1973-05-16
E05128,Luke,Parsa,Male,1969-07-12
E05129,Vivaan,Zachariah,Female,1990-02-20
E05130,Chakradev,Pathak,Male,1988-08-30
E05131,Qarin,Kohli,Male,1979-11-13
E05132,Benjamin,Nair,Male,1981-01-06
E05133,Upkaar,Kala,Male,1967-08-17
E05134,Zaitra,Barad,Male,1979-03-21
E05135,Krishna,Dutta,Female,1982-07-21
E05136,Kamala,Dutt,Male,1998-07-10
E05137,Jackson,Parmar,Male,1998-04-03
E05138,Mitesh,Shetty,Female,1991-06-27
E05139,Zansi,Natarajan,Male,1999-02-07
E05140,Onkar,Naidu,Male,1988-02-22
E05141,Warinder,Deep,Female,1998-09-02
E05142,Upadhriti,Cheema,Female,2001-06-05
E05143,Chanakya,Aggarwal,Female,1990-03-31
E05144,Radha,Sarkar,Female,1979-10-29
E05145,Sai,Aggarwal,Male,1975-08-14
E05146,Michael,Nori,Female,1982-07-23
E05147,Harsh,Bath,Female,1980-06-08
E05148,Jalsa,Mane,Male,1969-07-27
E05149,Yagnesh,Sandhu,Female,1981-08-12
E05150,Oviya,Dua,Female,1979-02-02
E05151,Anjali,Arora,Female,1979-12-24
E05152,Ikbal,Suresh,Male,2001-10-08
E05153,Sanaya,Sandhu,Female,1983-01-13
E05154,Bina,Mallick,Male,1979-01-17
E05155,Edhitha,Sabharwal,Female,1994-08-24
E05156,Kevin,Dixit,Male,1988-08-14
E05157,Charita,Vaidya,Male,1999-12-16
E05158,Yachana,Ratti,Female,1972-11-21
E05159,Rohan,Sunder,Male,1988-04-11
E05160,Ekavir,Dasgupta,Male,1992-05-03
E05161,Baghyawati,Patla,Male,1998-07-14
E05162,Advik,Kumer,Female,1978-01-06
E05163,Hemang,Yohannan,Male,1995-01-15
E05164,Hemani,Arora,Female,1999-09-05
E05165,Kala,Bhagat,Female,1978-09-18
E05166,Zinal,Hayer,Male,1986-05-30
E05167,Brijesh,Roy,Male,1985-03-09
E05168,Triya,Sabharwal,Male,1989-11-20
E05169,Vedhika,Mohan,Female,1983-09-09
E05170,Dakshesh,Virk,Male,1991-07-09
E05171,Chandresh,Thakur,Female,1997-02-07
E05172,Mekhala,Sathe,Male,1963-05-07
E05173,Jeremiah,Rajan,Female,1978-05-03
E05174,Baghyawati,Aurora,Male,1978-02-24
E05175,Upasna,Ramanathan,Female,1962-01-16
E05176,Jhalak,Mani,Female,1984-04-02
E05177,David,Dhaliwal,Female,1973-01-24
E05178,Gaurang,Madan,Male,1973-05-05
E05179,Dipta,Hans,Female,1999-01-21
E05180,Nirja,Karan,Female,1980-12-03
E05181,Jagrati,Nori,Female,1973-05-14
E05182,Raagini,Bajwa,Male,1977-01-29
E05183,Ranveer,Shanker,Male,1984-07-09
E05184,Qadim,Dara,Male,1985-10-23
E05185,Baghyawati,Barad,Male,1980-03-18
E05186,Yasti,Kakar,Male,2001-02-01
E05187,Maanav,Taneja,Female,1999-11-23
E05188,Harita,Srinivas,Male,1994-03-29
E05189,Yashodhara,Kapoor,Female,1967-02-05
E05190,Fiyaz,Sethi,Female,1994-06-17
E05191,Gautami,Mannan,Male,1980-04-01
E05192,Anjali,Halder,Female,1997-06-01
E05193,Saksham,Karan,Female,1997-06-25
E05194,Ekapad,Minhas,Female,1984-08-15
E05195,Harish,Aggarwal,Male,1971-09-04
E05196,Anya,Khalsa,Male,1995-09-20
E05197,Gautam,Lad,Female,1977-06-20
E05198,Vrinda,Sahota,Male,1995-07-12
E05199,Zaid,Naidu,Male,1978-07-18
E05200,Jeevika,Sankar,Male,1987-07-31
E05201,Yashasvi,Bhatia,Male,1981-09-20
E05202,Lucky,Divan,Female,1974-01-30
E05203,Naksh,Ramakrishnan,Female,1974-05-28
E05204,Onveer,Char,Male,1983-03-04
E05205,Lakshmi,Zachariah,Male,1993-08-13
E05206,Isha,Sathe,Male,1965-04-05
E05207,Praneel,Ganesh,Female,1987-09-02
E05208,Rachana,Mukhopadhyay,Male,1991-10-20
E05209,Krisha,Mahal,Female,1980-06-16
E05210,Harini,Varma,Female,1982-10-25
E05211,Krishna,Boase,Male,1982-12-03
E05212,Kai,Sura,Female,1979-09-19
E05213,Krishna,Ganesh,Male,1986-08-31
E05214,Balvan,Lala,Female,1981-05-16
E05215,Chaaya,Kapadia,Male,1970-09-05
E05216,Tejas,Arya,Female,1985-05-30
E05217,Nicholas,Krishnamurthy,Female,1978-03-14
E05218,Amaira,Taneja,Male,1968-04-14
E05219,Naveen,Parmer,Male,1976-12-16
E05220,Hitesh,Mutti,Female,1993-01-25
E05221,Mekhala,Sibal,Female,1997-02-15
E05222,Rajata,Hari,Male,1973-05-21
E05223,Jackson,Bahri,Male,1993-07-04
E05224,Dipta,Virk,Male,1988-11-22
E05225,Priya,Vaidya,Male,1973-01-20
E05226,Laksh,Pant,Male,1993-06-15
E05227,Abhimanyu,Boase,Female,1983-06-26
E05228,Victor,Barad,Female,1990-11-09
E05229,Sathvik,Manne,Female,1980-10-04
E05230,Aarav,Bains,Male,1979-03-10
E05231,Max,Mitter,Male,1997-01-27
E05232,Tripti,Ramakrishnan,Male,1991-10-06
E05233,Rachana,Merchant,Female,1997-10-04
E05234,Ijaya,Kaur,Male,1982-05-18
E05235,Chandran,Dasgupta,Female,1972-12-17
E05236,Zarna,Vaidya,Female,1987-03-11
E05237,Liam,Majumdar,Female,1976-10-20
E05238,Ayaan,Swamy,Female,1996-03-13
E05239,Balveer,Bora,Female,1972-01-02
E05240,Oscar,Pall,Female,1988-01-10
E05241,Nihal,Mukherjee,Female,1972-04-27
E05242,Kalpit,Bahri,Female,1976-12-09
E05243,Meera,Palla,Male,1978-12-31
E05244,Pushti,Randhawa,Male,1981-12-28
E05245,Idika,Samra,Female,1985-12-08
E05246,Eiravati,Balakrishnan,Male,1992-10-06
E05247,Aadi,Kata,Female,1990-11-12
E05248,Tamanna,Baral,Female,1978-01-11
E05249,Naksh,Muni,Female,1990-03-15
E05250,Warjas,Bains,Male,1994-01-08
E05251,Vasudha,Borah,Female,1982-01-04
E05252,Caleb,Chana,Female,1985-12-18
E05253,Radhika,Merchant,Female,1979-07-01
E05254,Pavani,Parikh,Male,1990-07-09
E05255,Dayamai,Goel,Male,1990-07-31
E05256,Hemani,Bumb,Male,1990-01-14
E05257,Isaiah,Radhakrishnan,Female,1987-01-16
E05258,Yug,Dutta,Female,1992-02-11
E05259,Wyatt,Amble,Female,1970-12-20
E05260,Nathaniel,Swaminathan,Male,1991-06-20
E05261,Kavya,Gour,Male,1973-04-21
E05262,Ekaraj,Din,Male,1994-08-10
E05263,Bimala,Kala,Male,1995-12-19
E05264,Oscar,Raval,Male,1998-01-08
E05265,Zayan,Virk,Female,1982-02-26
E05266,Girindra,Dhawan,Female,1997-04-18
E05267,Mitesh,Karpe,Female,1976-07-28
E05268,Jagvi,Lall,Male,1967-06-29
E05269,Nimrat,Kala,Female,1993-07-21
E05270,Chaitanya,Karnik,Female,1990-06-24
E05271,Arjun,Sundaram,Female,1980-05-05
E05272,Aarini,Subramanian,Female,1980-02-11
E05273,Nathan,Kala,Male,1975-01-29
E05274,Jeevika,Chatterjee,Male,1970-03-04
E05275,Nathan,Palan,Female,1975-12-11
E05276,Waida,Dua,Female,1990-06-10
E05277,Maanas,Ben,Male,1985-09-17
E05278,Chakradev,Issac,Female,1980-03-24
E05279,Anirudh,Srinivasan,Female,1993-03-18
E05280,Timothy,Sastry,Male,1996-12-06
E05281,Priya,Ratti,Male,1978-07-09
E05282,Jagdish,Varma,Male,1987-11-07
E05283,Pavani,Master,Male,1982-02-01
E05284,Pratyush,Mittal,Female,1993-07-20
E05285,Tamanna,Sundaram,Male,1988-01-01
E05286,Chakradev,Mannan,Male,1981-01-20
E05287,Victor,Sandal,Male,1986-12-04
E05288,Widisha,Suresh,Male,1989-05-19
E05289,Darsh,Varty,Male,1981-01-02
E05290,Nirja,Malhotra,Female,1997-09-23
E05291,Shaurya,Bobal,Male,1980-10-18
E05292,Theodore,Sunder,Male,1985-12-19
E05293,Gavin,Kata,Male,1986-02-08
E05294,Yahvi,Aggarwal,Male,1972-07-21
E05295,Meghana,Sundaram,Female,1983-12-26
E05296,Prisha,Sengupta,Male,1980-10-04
E05297,Ekanta,Ratti,Male,1999-05-24
E05298,Ubika,Shenoy,Male,1977-08-01
E05299,Advika,Goel,Male,1973-12-26
E05300,Oscar,Dayal,Male,1984-09-29
E05301,Krishna,Sen,Male,1989-04-13
E05302,Harshil,Badal,Male,1998-01-30
E05303,Elijah,Singhal,Female,1971-02-14
E05304,Benjamin,Singh,Male,1989-11-01
E05305,Patrick,Wagle,Female,1986-01-23
E05306,Zayyan,Mohanty,Female,1976-02-23
E05307,Unnati,Thaman,Female,1979-07-10
E05308,Hemani,Deshpande,Female,1974-09-12
E05309,Ekiya,Balan,Female,1996-09-11
E05310,Qabil,Ganesh,Male,1985-02-12
E05311,Nilima,Vora,Male,1991-08-02
E05312,Karan,Garde,Female,1970-03-25
E05313,Owen,Palla,Female,1990-08-09
E05314,Vasatika,Ramakrishnan,Male,1974-09-29
E05315,Kavya,Raju,Male,1978-01-13
E05316,Nidhi,Arora,Female,1978-09-09
E05317,Harrison,Date,Female,1981-01-26
E05318,Laksh,Pandey,Female,1982-03-17
E05319,Onkar,Dora,Male,1991-10-28
E05320,Alka,Ganesan,Male,1969-07-10
E05321,Benjamin,Shere,Male,1994-12-05
E05322,Aahana,Upadhyay,Female,1968-05-29
E05323,Anita,Goswami,Male,1985-08-06
E05324,Warhi,Chandran,Female,1992-12-18
E05325,Nikita,Bhatt,Male,1997-11-16
E05326,Chameli,Tank,Female,1982-12-10
E05327,Max,Bose,Male,1982-08-30
E05328,Isaac,Puri,Male,1976-10-29
E05329,Jhalak,Chacko,Female,1991-01-13
E05330,Vanya,Kamdar,Female,1998-02-19
E05331,Christopher,Sarna,Female,1975-08-18
E05332,Madhavi,Palla,Male,1972-12-11
E05333,Mahika,Tara,Female,1996-01-24
E05334,Deepa,Pillai,Male,1968-12-19
E05335,Samaksh,Bhat,Male,1997-06-17
E05336,Ekanta,Wadhwa,Female,1992-08-09
E05337,Mekhala,Som,Female,1979-12-25
E05338,Yadavi,Chander,Female,1993-10-30
E05339,Watika,Narayanan,Male,1984-10-18
E05340,Ucchal,Koshy,Male,1984-04-01
E05341,Ikshita,Bal,Female,1994-10-15
E05342,Rachita,Pathak,Female,1996-01-22
E05343,Nachiket,Karan,Male,1992-04-25
E05344,Hardik,Rau,Male,1983-03-03
E05345,Lekha,Pant,Female,1984-11-17
E05346,Bhavika,Purohit,Male,1975-03-05
E05347,Hiral,Verma,Female,1987-04-06
E05348,Omkaar,Kala,Female,2002-07-09
E05349,Om,Zacharia,Male,1976-01-02
E05350,Pooja,Bhatia,Female,1984-01-03
E05351,Irya,Bhakta,Female,1971-02-03
E05352,Deepa,Bhargava,Female,1981-01-11
E05353,Zaitra,Ben,Male,1977-02-17
E05354,Parth,Chacko,Male,1969-02-24
E05355,Hema,Varghese,Female,1987-04-12
E05356,Hema,Andra,Male,1993-11-21
E05357,Ishita,Choudhury,Female,1993-07-29
E05358,Adya,Shankar,Female,1989-10-22
E05359,Dalaja,Basak,Female,1984-05-04
E05360,Yuvraj,Thaman,Female,1981-03-01
E05361,Anusha,Dutt,Male,1976-02-22
E05362,Tarak,Pant,Male,1979-03-04
E05363,Ojas,Kant,Female,1987-06-11
E05364,Charan,Lanka,Male,1987-09-10
E05365,Alka,Madan,Male,1979-03-29
E05366,Anita,Mohanty,Male,1973-02-18
E05367,Samesh,Savant,Male,1995-10-14
E05368,Urmi,Bhatt,Male,1986-10-16
E05369,Harish,Natarajan,Male,1986-11-17
E05370,Inaya,Kota,Female,1985-05-15
E05371,Dhruv,Kuruvilla,Female,1989-03-18
E05372,Quincy,Kakar,Female,1980-08-04
E05373,Pahal,Mishra,Male,1992-07-14
E05374,Rishi,Thakkar,Male,1969-10-10
E05375,Veda,Konda,Female,1982-06-06
E05376,Nicholas,Agarwal,Female,1990-11-28
E05377,Lipika,Kade,Female,1982-10-12
E05378,Lucky,Kakar,Female,1989-05-20
E05379,Jason,Magar,Male,1972-02-17
E05380,Jack,Subramanian,Female,1983-04-19
E05381,Barkha,Gara,Male,1988-05-16
E05382,Bimala,Patil,Female,1989-05-29
E05383,Irya,Uppal,Male,1969-11-18
E05384,Ishani,Manne,Male,1984-02-24
E05385,Warhi,Yohannan,Female,1973-05-18
E05386,Hitesh,Jain,Male,1979-12-23
E05387,Aarnav,Guha,Female,1979-09-20
E05388,Watika,Goda,Female,2002-01-22
E05389,Hemani,Malhotra,Male,1998-11-17
E05390,Pallavi,Varughese,Female,1966-10-05
E05391,Tanish,Rajagopalan,Female,1969-12-15
E05392,Lajita,Misra,Male,1993-10-26
E05393,Aachal,Dass,Female,1991-11-14
E05394,Aashi,Bhalla,Male,1980-12-03
E05395,Vritti,Barad,Male,2001-12-21
E05396,Reva,Mangat,Female,1962-03-24
E05397,Amara,Ram,Male,1984-05-23
E05398,Ati,Zacharia,Male,1977-12-30
E05399,Michael,Prakash,Male,1980-02-15
E05400,Reva,Mittal,Male,1988-10-12
E05401,Nathaniel,Sampath,Male,1973-08-17
E05402,Anamika,Deshpande,Male,1985-11-26
E05403,Ira,Vora,Male,1985-11-23
E05404,Faris,Rege,Male,1975-08-22
E05405,Geetika,Yogi,Female,1986-08-01
E05406,Brijesh,Sem,Male,1980-11-24
E05407,Nilima,Bhatti,Female,1983-12-24
E05408,Rachita,Kaul,Female,1986-11-28
E05409,Azad,Choudhury,Female,1998-11-04
E05410,Ayush,Badal,Female,1998-09-25
E05411,Ojas,Kala,Female,1971-02-15
E05412,Ekalinga,Nair,Female,1983-11-27
E05413,Ishani,Khanna,Male,1974-11-10
E05414,Triya,Dey,Male,1985-10-19
E05415,Nirja,Lata,Female,1978-12-07
E05416,Jackson,Butala,Male,1975-12-12
E05417,Aadi,Mistry,Male,1994-06-05
E05418,Bhavani,Thaker,Female,1992-04-12
E05419,William,Parikh,Female,1991-06-17
E05420,Vrishti,Roy,Female,1971-10-08
E05421,Oviya,Varghese,Male,2001-11-25
E05422,Yochana,Tank,Male,1984-01-02
E05423,Vritti,Kapadia,Female,1966-07-21
E05424,Rajata,Dass,Female,1976-01-16
E05425,Yashoda,Bali,Male,1980-12-17
E05426,Amol,Grewal,Male,1999-01-01
E05427,Tanvi,Sunder,Male,1985-04-21
E05428,Jonathan,Chaudhuri,Male,1984-12-18
E05429,Arjun,Bakshi,Male,1978-12-12
E05430,Ekantika,Vig,Male,1982-09-03
E05431,Chaitanya,Patla,Male,1988-11-14
E05432,Hema,Tata,Male,1987-03-23
E05433,Janani,Prabhu,Male,2001-08-03
E05434,Upma,Sanghvi,Male,1980-06-03
E05435,Chaitaly,Kapur,Male,2000-07-09
E05436,Vasatika,Balasubramanian,Male,1999-07-02
E05437,Chaitaly,Dara,Female,1969-05-23
E05438,Yauvani,Date,Male,1991-04-21
E05439,Oliver,Lata,Male,1968-03-25
E05440,Abeer,Sunder,Female,1980-06-19
E05441,Aadhya,Lanka,Male,1966-09-19
E05442,Riya,Chaudhary,Male,1979-10-12
E05443,Advaith,Parikh,Male,1998-01-27
E05444,Lajita,Choudhary,Male,1978-11-04
E05445,Samuel,Thakur,Male,1975-05-11
E05446,Siddharth,Gala,Male,1990-10-08
E05447,Owen,Munshi,Female,1979-08-20
E05448,Sudiksha,Menon,Male,1986-09-05
E05449,Michael,Venkataraman,Female,1987-11-02
E05450,Balveer,Singhal,Female,1995-10-09
E05451,Advaith,Sodhi,Female,1975-11-05
E05452,Jack,Ganesan,Female,1983-01-28
E05453,Fitan,Basu,Female,1971-11-17
E05454,Ridhi,Mahajan,Female,1986-09-21
E05455,Nirja,Parmer,Female,1997-03-03
E05456,Dev,Thakur,Male,1997-08-02
E05457,Aarini,Kota,Male,1973-01-05
E05458,Jagat,Dara,Male,1974-04-11
E05459,Barkha,Brahmbhatt,Female,1966-01-03
E05460,Eta,Naidu,Male,1975-04-22
E05461,Tristan,Anand,Male,1988-12-29
E05462,Caleb,Guha,Female,1975-10-17
E05463,Brinda,Dhar,Male,1966-04-23
E05464,Hredhaan,Krishnamurthy,Male,1981-10-16
E05465,Vamakshi,Uppal,Male,1979-07-01
E05466,Theodore,Parmar,Male,1978-10-06
E05467,Anvi,Mall,Female,1999-06-29
E05468,Omkaar,Mahal,Female,1975-03-11
E05469,Ridhi,Bahri,Female,1981-12-02
E05470,Tanish,Vig,Male,1978-12-19
E05471,Anthony,Hayer,Female,1980-01-30
E05472,Harini,Dugar,Female,1969-05-22
E05473,Ishani,Mann,Male,1976-10-14
E05474,Falak,Lalla,Male,1990-05-08
E05475,Owen,Sunder,Male,1984-02-25
E05476,Waida,Gaba,Female,1994-11-26
E05477,Ojasvi,Dugar,Male,1983-10-18
E05478,Hritik,Chandran,Male,1999-04-07
E05479,Radha,Nazareth,Male,1994-07-13
E05480,Netra,Mangal,Female,1983-07-27
E05481,Dominic,Gulati,Male,1972-03-05
E05482,Champak,Walia,Female,1963-06-29
E05483,Aachal,Parmar,Female,1997-03-06
E05484,Abhimanyu,Bandi,Male,1989-02-02
E05485,Upadhriti,Sagar,Male,1984-07-15
E05486,Tara,Gokhale,Female,1976-09-01
E05487,Ishaan,Chander,Male,1990-03-17
E05488,Divya,Bobal,Female,1986-03-07
E05489,Yatin,Vaidya,Male,1986-03-16
E05490,Rohan,Batra,Female,1998-09-22
E05491,Indali,Goel,Male,1980-11-02
E05492,Jacob,Chand,Female,1995-03-18
E05493,Kashvi,Deshmukh,Male,2000-04-01
E05494,Lavanya,Chander,Male,1987-03-29
E05495,Upkaar,Vasa,Female,1981-05-13
E05496,Aarush,Loyal,Female,1974-12-04
E05497,Urvashi,Nazareth,Female,1990-02-26
E05498,Harish,Korpal,Female,1978-04-04
E05499,Rajata,Sekhon,Female,1968-01-24
E05500,Prisha,Sethi,Female,1979-10-26
E05501,Gunbir,Iyer,Male,1998-10-29
E05502,Isaac,Bhakta,Male,1988-03-09
E05503,Vrinda,Chana,Female,1984-10-26
E05504,Naksh,Manda,Male,1997-08-31
E05505,Eta,Hari,Male,1997-07-04
E05506,Advay,Gupta,Female,1986-08-01
E05507,Zansi,Balan,Female,1989-02-04
E05508,Xalak,Purohit,Male,1988-08-04
E05509,Indali,Hans,Male,1982-06-24
E05510,Yoshita,Sur,Female,1993-05-20
E05511,Chameli,Din,Male,1985-05-04
E05512,Nihal,Pau,Male,1974-04-05
E05513,Ryan,Mand,Female,1988-06-01
E05514,Prisha,Wason,Female,1987-08-17
E05515,Isha,Deol,Female,1992-02-15
E05516,Jeremiah,Kota,Female,1985-03-22
E05517,Gaurav,Dube,Male,1980-09-10
E05518,Zayyan,Banik,Male,1980-01-17
E05519,Januja,Patil,Female,1992-01-23
E05520,Ekaraj,Sachar,Female,1995-02-08
E05521,Patrick,Khatri,Female,1988-04-16
E05522,Urmi,Dugal,Female,1990-07-23
E05523,Adya,Kamdar,Male,1969-02-08
E05524,Samar,Nagi,Male,1990-09-17
E05525,Vansha,Maharaj,Female,1967-01-08
E05526,Ekani,Butala,Male,1988-04-14
E05527,Tanish,Batra,Female,1998-04-16
E05528,Yadavi,Saxena,Female,1981-02-11
E05529,Omisha,Chopra,Male,1971-08-16
E05530,Amara,Dara,Male,1987-12-22
E05531,Bhavika,Dash,Female,1982-11-08
E05532,Tara,Kohli,Female,1972-05-13
E05533,Yochana,Sangha,Male,2001-09-11
E05534,Abhimanyu,Maharaj,Male,1996-09-04
E05535,Triya,Bahri,Male,1963-01-25
E05536,Gautam,Vohra,Male,1990-09-19
E05537,Harsh,Pau,Female,1990-11-13
E05538,Yatin,Kala,Male,1974-06-03
E05539,Faris,Sibal,Male,1979-08-22
E05540,Megha,Golla,Female,1990-12-12
E05541,Abeer,Shanker,Female,1984-12-19
E05542,Sudiksha,Kurian,Male,1978-10-19
E05543,Sarthak,Mammen,Male,1976-06-23
E05544,Neel,Choudhury,Female,1998-01-04
E05545,Quincy,Nanda,Male,1991-06-25
E05546,Gopal,Ahuja,Male,1994-03-22
E05547,Radhika,Karpe,Female,2001-08-14
E05548,Vansha,Sundaram,Female,1971-02-13
E05549,Isaiah,Mangal,Male,1974-11-10
E05550,Ekantika,Sharma,Male,1992-02-06
E05551,Frado,Bora,Male,1983-10-06
E05552,Girik,Lalla,Male,1979-09-12
E05553,Zaid,Hayre,Female,1983-11-09
E05554,Ekani,Ganguly,Male,1984-07-26
E05555,Jagdish,Sastry,Female,1981-08-17
E05556,Vansha,Chahal,Male,1987-03-28
E05557,Yagnesh,Sarma,Female,1989-10-18
E05558,Vaishnavi,Dhar,Male,1990-02-24
E05559,Januja,Nanda,Male,1977-11-22
E05560,Lipika,Chanda,Male,1978-04-30
E05561,Azad,Grover,Female,1995-05-07
E05562,Pranit,Narula,Female,1969-10-20
E05563,Triya,Kumar,Female,1986-09-25
E05564,Guneet,Ganesh,Female,1998-06-23
E05565,Vinaya,Rajan,Female,1980-01-13
E05566,Laksh,Buch,Male,1984-06-20
E05567,Ucchal,Devi,Male,1989-09-22
E05568,Zayyan,Pau,Female,1985-08-11
E05569,Ucchal,Kar,Male,1992-02-16
E05570,Jeet,Tiwari,Female,1978-04-14
E05571,Finn,Rout,Female,1998-11-14
E05572,Deepa,Mani,Male,1990-06-21
E05573,Ridhi,Sathe,Male,1980-08-19
E05574,Azaan,Sarkar,Male,1999-12-17
E05575,Chandresh,Kuruvilla,Female,1981-07-05
E05576,Abhiram,Khurana,Male,1976-10-20
E05577,Urvi,Kibe,Male,1983-08-03
E05578,Fiyaz,Raval,Male,2000-04-18
E05579,Lavanya,Bahri,Male,1983-01-13
E05580,Balhaar,Luthra,Female,1994-07-05
E05581,Lekha,Gill,Female,1975-02-27
E05582,Vasudha,Ramakrishnan,Male,1989-01-16
E05583,Balendra,Aurora,Female,1970-03-25
E05584,Idika,Golla,Male,1987-08-30
E05585,Nidra,Nagarajan,Male,1994-05-30
E05586,Utkarsh,Tara,Female,1996-04-05
E05587,Udarsh,Sunder,Male,1976-07-05
E05588,Oscar,Vala,Male,1996-01-22
E05589,Jai,Palan,Female,1983-10-29
E05590,Rohan,Bajaj,Female,1993-09-11
E05591,Nirja,Narayan,Male,1982-04-04
E05592,Yashasvi,Mander,Female,1984-11-14
E05593,Qasim,D’Alia,Female,1995-06-16
E05594,Shivansh,Ganesan,Male,1983-09-11
E05595,Laksh,Babu,Female,1970-06-23
E05596,Adweta,Garg,Female,1983-08-03
E05597,Anita,Ahluwalia,Male,1985-08-08
E05598,Chanakya,Setty,Male,1984-09-17
E05599,Hema,Bawa,Female,1979-08-07
E05600,Devika,Dar,Female,1986-04-22
E05601,Imaran,Nigam,Male,1968-09-20
E05602,Balendra,Nadig,Female,1988-01-17
E05603,Ikshita,Mallick,Female,1990-03-25
E05604,Jagvi,Yohannan,Female,1974-10-28
E05605,Mohammed,Chaudhuri,Female,1990-06-26
E05606,Dayamai,Nagi,Male,1992-05-25
E05607,Mahika,Patla,Male,1996-12-22
E05608,Dominic,Uppal,Male,1969-11-07
E05609,Odika,Nazareth,Male,1992-12-10
E05610,Gagan,Apte,Male,1992-08-31
E05611,Osha,Dani,Male,1976-11-11
E05612,Amara,Prabhakar,Male,1988-03-02
E05613,Chakradhar,Chawla,Male,1974-06-23
E05614,Samar,Om,Female,2002-05-20
E05615,Jagdish,Krishnamurthy,Female,1991-02-26
E05616,George,Naik,Male,1969-12-23
E05617,Reva,Jayaraman,Male,1997-08-29
E05618,Hritik,Patil,Male,1997-03-14
E05619,Inaya,Trivedi,Male,1984-03-08
E05620,Peter,Pradhan,Male,1979-04-21
E05621,Sudiksha,Bhattacharyya,Female,1985-09-15
E05622,Irya,Ganesh,Male,1992-09-06
E05623,Yatan,Bhalla,Male,1988-11-02
E05624,Chakradev,Viswanathan,Male,1985-06-14
E05625,Rachit,Ranganathan,Male,1987-10-30
E05626,Ronith,Puri,Female,1983-07-30
E05627,Meera,Mukhopadhyay,Male,1996-11-07
E05628,Samesh,Ghosh,Female,1972-01-18
E05629,Advik,Shetty,Male,1966-10-21
E05630,Balvan,Kade,Female,1979-10-28
E05631,Ekiya,Khosla,Female,1983-03-03
E05632,Janani,Kothari,Male,1965-10-06
E05633,Wakeeta,Banerjee,Female,2000-05-11
E05634,Yatin,Agrawal,Female,1991-05-16
E05635,Tejas,Wagle,Male,1964-11-19
E05636,Anmol,Sarraf,Female,1973-03-19
E05637,Janani,Sem,Male,1963-08-13
E05638,Abeer,Palla,Female,1973-12-08
E05639,Sarthak,Khare,Female,1986-11-19
E05640,Faqid,Memon,Female,1990-06-07
E05641,Yashawini,Barad,Male,1972-09-12
E05642,Elijah,Dutt,Male,1977-03-29
E05643,Peter,Kanda,Female,1977-04-23
E05644,Arjun,Basak,Male,1984-08-06
E05645,Tejas,Ben,Male,2000-11-03
E05646,Wakeeta,Thaker,Male,1989-05-31
E05647,Lavanya,Kara,Female,1980-03-24
E05648,Yadavi,Rege,Female,1988-03-04
E05649,Udyati,Trivedi,Female,1975-02-20
E05650,Urvi,Mandal,Female,1991-04-30
E05651,Jagvi,Keer,Female,1992-01-23
E05652,Peter,Warrior,Male,1965-08-03
E05653,Geetika,Oommen,Female,1989-06-15
E05654,Adya,Ahuja,Female,2000-03-02
E05655,Warhi,Kamdar,Female,1997-10-14
E05656,Shravya,Bedi,Male,1982-03-16
E05657,Ucchal,Sani,Female,2001-08-19
E05658,Vansha,Parikh,Female,1989-01-11
E05659,Mohini,Mishra,Female,1999-06-21
E05660,Nidhi,Pau,Female,1987-08-26
E05661,Chatura,Narang,Female,1994-07-10
E05662,Chakradhar,Singhal,Male,1976-02-07
E05663,Ubika,Kaur,Male,1995-04-19
E05664,Champak,Natt,Male,1988-10-27
E05665,Leela,Naik,Female,1986-04-06
E05666,Ganga,Bhargava,Male,1989-09-02
E05667,Bachittar,Rattan,Male,1977-04-14
E05668,Maya,Nadkarni,Female,1984-05-05
E05669,Harinakshi,Pradhan,Female,1982-01-27
E05670,Yoshita,Kala,Male,1989-10-09
E05671,Urmi,Patla,Male,1984-06-01
E05672,Advay,Khatri,Male,1991-09-26
E05673,Devika,Deshmukh,Female,1966-02-17
E05674,Lavanya,Sachdev,Male,1984-06-26
E05675,Umang,Thakkar,Female,1981-12-15
E05676,Osha,Ranganathan,Female,1994-12-01
E05677,Chakradhar,Bal,Female,1983-12-27
E05678,Dalaja,Peri,Female,1989-11-06
E05679,Varenya,Shere,Female,1980-10-17
E05680,Dipta,Varma,Female,1990-12-10
E05681,Yashodhara,Nagarajan,Male,1974-09-10
E05682,Ladli,Dey,Female,1991-07-08
E05683,Vasatika,Parmer,Male,1995-02-13
E05684,Tanmayi,Vaidya,Female,1983-11-27
E05685,Wahab,Pingle,Male,1980-10-21
E05686,Vihaan,Chakrabarti,Female,1973-02-17
E05687,Daniel,Raju,Male,1994-01-19
E05688,Alexander,Wable,Male,2002-10-13
E05689,Utkarsh,Gulati,Female,1963-04-16
E05690,Hardik,Dave,Female,1973-06-26
E05691,Jasmit,Gala,Male,1988-11-13
E05692,Onkar,Sehgal,Male,1995-10-06
E05693,Atharv,Patla,Female,1994-02-14
E05694,Kiaan,Kumar,Male,1973-02-22
E05695,Gaurika,Balay,Male,1989-09-02
E05696,Vritti,Mukhopadhyay,Female,1974-08-05
E05697,Kalpit,Date,Female,1994-09-04
E05698,Amrita,Swamy,Male,1980-07-03
E05699,Damini,Mand,Female,1976-07-06
E05700,Forum,Nath,Male,1993-08-16
E05701,Mekhala,Bassi,Female,1997-09-07
E05702,Lohit,Kumer,Male,1974-08-16
E05703,Matthew,Prabhakar,Male,1988-05-03
E05704,Zehaan,Chanda,Male,1995-03-07
E05705,Chaaya,Nigam,Male,1989-04-24
E05706,Indira,Dua,Female,1991-02-21
E05707,Charvi,Nazareth,Male,1987-04-02
E05708,Priya,Babu,Male,2001-01-13
E05709,Garima,Bobal,Female,1996-02-22
E05710,Balveer,Sethi,Female,1986-07-26
E05711,Nimrat,Suri,Female,1977-08-31
E05712,Ekansh,Gopal,Male,1976-02-09
E05713,Bimala,Chaudhry,Male,1989-02-19
E05714,Udyati,Tandon,Male,1994-06-10
E05715,Aarnav,Varkey,Male,1976-09-23
E05716,Falak,Kaul,Male,1979-02-07
E05717,Veda,Dyal,Male,1977-04-03
E05718,Darpan,Shankar,Male,1989-05-05
E05719,Hiral,Nadig,Male,1993-04-06
E05720,Noah,Mandal,Male,1999-10-22
E05721,Netra,Varkey,Male,1966-10-02
E05722,Banjeet,Mukherjee,Female,1991-07-06
E05723,Vyanjana,Prakash,Male,1987-12-01
E05724,Yashodhara,Rastogi,Male,1994-01-03
E05725,Janya,Mahajan,Female,1987-05-10
E05726,Raghav,Ray,Male,1993-05-09
E05727,Zarna,Virk,Male,1973-12-08
E05728,Harsh,Warrior,Male,1967-11-13
E05729,Ati,Salvi,Female,1996-06-14
E05730,Luke,Mane,Female,1964-07-01
E05731,Priya,Rau,Female,1973-10-13
E05732,Yashodhara,Rege,Male,1998-10-21
E05733,Harshil,Kohli,Male,1988-01-17
E05734,Theodore,Sekhon,Male,1988-10-02
E05735,Ayaan,Koshy,Male,1981-11-14
E05736,Rayaan,Upadhyay,Male,1983-02-16
E05737,Gaurang,Ravel,Female,1988-10-01
E05738,Fiyaz,Sheth,Male,1985-01-01
E05739,Siddharth,Raju,Male,1981-08-24
E05740,Ayaan,Iyer,Male,1983-12-04
E05741,Ikshita,Mahajan,Male,1973-03-11
E05742,Megha,Thakur,Male,1982-11-12
E05743,Triveni,Vohra,Female,1990-11-30
E05744,Isha,Gaba,Male,1978-07-08
E05745,Baghyawati,Prabhu,Male,1989-06-02
E05746,Ekalinga,Amble,Male,1996-03-21
E05747,David,Thaker,Male,1975-11-03
E05748,Aradhana,Mody,Male,1975-10-13
E05749,Krish,Sibal,Female,1973-04-16
E05750,Yasti,Patil,Male,1986-03-02
E05751,Geetika,Kulkarni,Female,1977-10-17
E05752,Yahvi,Tandon,Male,1988-07-14
E05753,Arin,Sodhi,Male,1986-01-04
E05754,Ekiya,Borde,Female,1994-09-09
E05755,Turvi,Ramakrishnan,Male,1979-05-24
E05756,Chaman,Garde,Female,1994-08-14
E05757,Geetika,Thakur,Male,1972-04-04
E05758,Eshana,Ramachandran,Male,1974-10-16
E05759,Naveen,Chopra,Male,1977-08-24
E05760,Nirja,Prakash,Male,1970-09-03
E05761,Xalak,Basak,Female,1984-01-31
E05762,Mason,Puri,Female,1978-10-01
E05763,Bachittar,Dalal,Male,1991-07-08
E05764,Baghyawati,Savant,Male,1982-10-04
E05765,Anita,Bhalla,Female,1975-10-14
E05766,Alexander,Contractor,Male,1979-09-25
E05767,Udyati,Ganesh,Female,1973-03-28
E05768,Eiravati,Subramaniam,Female,1963-11-24
E05769,Mitali,Biswas,Male,1996-03-20
E05770,Raghav,Bose,Female,1978-04-14
E05771,Indali,Borah,Male,1973-05-22
E05772,Amaira,Bhargava,Female,1977-02-10
E05773,Pranit,Parmer,Female,1982-09-08
E05774,Nidra,Madan,Female,1977-10-25
E05775,Unni,Ranganathan,Female,1987-06-27
E05776,Orinder,Nadig,Female,1972-01-26
E05777,Vrishti,Luthra,Male,1982-09-06
E05778,Laksh,Srivastava,Male,2000-01-04
E05779,Azaan,Soman,Female,1977-04-03
E05780,Vaishnavi,Gokhale,Male,1979-04-20
E05781,Umang,Goswami,Male,1990-10-30
E05782,Naksh,Date,Male,1971-08-17
E05783,Advay,Joshi,Female,1976-10-24
E05784,Adweta,Bassi,Male,1980-03-26
E05785,Tara,Chacko,Male,1978-04-30
E05786,Mahika,Merchant,Male,1986-07-01
E05787,Tanish,Ranganathan,Male,1978-02-05
E05788,Gopal,Kala,Male,1993-05-14
E05789,Isha,Char,Female,1983-06-21
E05790,Rachita,Bhardwaj,Male,1975-04-18
E05791,Yoshita,Rastogi,Male,1978-10-28
E05792,Maanav,Iyengar,Female,1998-11-27
E05793,Wridesh,Gala,Female,1985-10-27
E05794,Samuel,Dasgupta,Female,1983-07-18
E05795,Vrinda,Nagarajan,Male,1974-01-05
E05796,Jacob,Choudhary,Female,1996-02-26
E05797,Praneel,Chacko,Female,1983-06-23
E05798,Indali,Dash,Female,1979-12-18
E05799,Janani,Dhingra,Male,1990-04-13
E05800,Guneet,Bandi,Female,1966-02-19
E05801,Tanvi,Mann,Female,1985-08-03
E05802,Rohan,Devan,Male,1979-11-23
E05803,Chavvi,Mital,Female,1979-05-01
E05804,Faris,Kapadia,Male,1988-04-16
E05805,Kamya,Mani,Male,1982-11-17
E05806,Zaitra,Mani,Male,1964-01-21
E05807,Nathaniel,Sehgal,Female,1993-02-03
E05808,Falan,Kothari,Male,1997-01-18
E05809,Ronith,Kadakia,Male,1996-08-26
E05810,Victor,Raja,Female,1982-06-29
E05811,Lekha,Sarkar,Male,1973-01-02
E05812,Girish,Bains,Male,1994-07-30
E05813,Girik,Nagi,Male,1989-09-17
E05814,Indrajit,Jhaveri,Female,1981-07-01
E05815,Rudra,Ramanathan,Female,1970-09-19
E05816,Finn,Jaggi,Female,1995-02-10
E05817,Alexander,Hayer,Male,1987-02-01
E05818,Lavanya,Aurora,Female,1997-02-12
E05819,Benjamin,Saraf,Male,1991-11-16
E05820,Ekaja,Chadha,Male,1979-07-28
E05821,Charan,Divan,Female,1975-11-29
E05822,Vamakshi,Date,Male,1987-10-03
E05823,Damini,Bhatia,Female,1981-12-20
E05824,Utkarsh,Ganesan,Male,1983-12-06
E05825,Yochana,Kala,Male,1977-12-29
E05826,Atharv,Dar,Female,1985-10-31
E05827,Janaki,D’Alia,Male,1987-01-25
E05828,Abhimanyu,Jhaveri,Male,1984-04-15
E05829,Ubika,Ravel,Female,1977-02-24
E05830,Eta,Bahl,Male,1982-03-31
E05831,Madhav,Manne,Female,1983-12-19
E05832,Umang,Batta,Male,1980-03-09
E05833,Keya,Mohan,Male,1964-04-07
E05834,Onveer,Hegde,Male,1981-04-20
E05835,Laksh,Wali,Male,1969-05-06
E05836,Vivaan,Bera,Female,1978-04-22
E05837,Jhalak,Wali,Female,1994-02-10
E05838,Rajeshri,Lata,Male,1974-05-21
E05839,Yasti,Sahni,Male,1975-06-18
E05840,Vedhika,Nagar,Female,1969-12-30
E05841,Dayita,Mall,Male,2000-12-18
E05842,Yahvi,Khanna,Female,1997-02-03
E05843,Nidhi,Bhakta,Female,1987-03-31
E05844,Raghav,Shah,Male,1990-01-05
E05845,Brinda,Kalla,Female,1985-07-18
E05846,Inaya,Vyas,Female,1990-05-05
E05847,Harita,Sachdeva,Male,1981-10-01
E05848,Harsh,Virk,Female,1978-09-21
E05849,Benjamin,Maharaj,Female,1998-01-05
E05850,Neel,De,Male,1992-01-04
E05851,Indira,Saha,Female,1984-06-13
E05852,Vaishnavi,Dua,Male,1992-06-11
E05853,Pushti,Chaudhry,Male,1996-02-26
E05854,Rajeshri,Borde,Male,1975-05-07
E05855,Bhanumati,Goel,Female,1994-08-07
E05856,Krisha,Pau,Male,1988-01-17
E05857,Bhanumati,Raju,Female,1976-01-11
E05858,Anita,Mangal,Male,1978-01-19
E05859,Tripti,Cheema,Male,1981-09-15
E05860,Manbir,Handa,Female,1978-07-07
E05861,Kavya,Hayer,Female,1979-10-04
E05862,Wyatt,Pandit,Female,1977-11-27
E05863,Udant,Chowdhury,Male,1966-02-15
E05864,Vivaan,Thaman,Male,1966-07-17
E05865,Ikbal,Barad,Male,1982-07-09
E05866,Triya,Dalal,Male,1980-08-31
E05867,Sudiksha,Basak,Female,1993-10-25
E05868,Chakrika,Chandra,Female,1990-06-07
E05869,Anvi,Baral,Male,1974-12-19
E05870,Neelima,Hayer,Female,1976-06-24
E05871,Vivaan,Bath,Female,1980-05-22
E05872,Madhav,Chhabra,Male,1988-09-03
E05873,Falan,Menon,Female,1992-05-25
E05874,Samaksh,Varughese,Male,1995-07-06
E05875,Xavier,Dara,Female,1989-12-24
E05876,Alka,Borra,Female,1986-08-20
E05877,Baghyawati,Hayer,Male,1986-12-15
E05878,Arya,Deo,Male,1974-10-07
E05879,Zashil,Mann,Female,1985-06-08
E05880,Nilima,Badami,Male,1996-06-09
E05881,Indali,Manne,Female,1975-01-16
E05882,Bina,Gaba,Female,1991-08-04
E05883,Akshay,Memon,Male,1971-08-26
E05884,Saksham,Venkataraman,Female,1972-08-15
E05885,Daniel,Thaman,Male,1986-05-21
E05886,Tanay,Nagarajan,Female,1989-05-10
E05887,Ayaan,Kala,Female,1992-02-02
E05888,Yatan,Borde,Female,1979-06-25
E05889,Neel,Korpal,Female,1999-12-27
E05890,Amol,Mittal,Female,1989-11-29
E05891,Upkaar,Sethi,Female,1977-02-23
E05892,Anita,Patil,Female,1984-07-09
E05893,Krish,Bhatti,Female,1990-01-26
E05894,Chavvi,Lanka,Male,1984-06-24
E05895,Bina,Sanghvi,Male,1980-07-20
E05896,Oeshi,Lad,Male,1983-12-29
E05897,Vasana,Barad,Female,2000-05-26
E05898,Ucchal,Sandhu,Male,1995-01-23
E05899,Siddharth,Panchal,Male,1992-11-13
E05900,Ekavir,Suri,Female,1983-09-29
E05901,Anya,Barad,Male,1984-08-19
E05902,Chanakya,Ram,Male,1987-04-23
E05903,Atharv,Khurana,Male,1987-09-01
E05904,Sachi,Tailor,Male,1990-09-03
E05905,Nisha,Nadkarni,Male,1991-08-03
E05906,Timothy,Pant,Male,1976-12-13
E05907,Mahika,Nagy,Female,1998-09-24
E05908,Noah,Hora,Female,1987-08-27
E05909,Rajeshri,Balasubramanian,Female,1967-02-14
E05910,Nilima,Bhat,Female,1980-06-25
E05911,Pushti,Chand,Female,1968-08-11
E05912,Ekani,Acharya,Male,1999-06-28
E05913,Mason,Prabhu,Male,1983-07-30
E05914,Chanchal,Jani,Female,1999-04-04
E05915,Balveer,Rajagopal,Male,1987-05-25
E05916,Eesha,Om,Female,1999-04-03
E05917,Dayamai,Aurora,Female,1968-08-11
E05918,Harinakshi,Gulati,Female,1986-08-03
E05919,Gauri,Loyal,Female,1985-04-13
E05920,Yahvi,Basu,Female,1977-07-25
E05921,Vasana,Khare,Female,1964-02-15
E05922,Tara,Madan,Female,1994-01-25
E05923,Henry,Bhandari,Male,1987-05-05
E05924,Gaurangi,Butala,Male,1978-03-06
E05925,Frado,Mangat,Male,1999-01-10
E05926,Jackson,Lal,Male,1988-01-25
E05927,Chanakya,Vig,Male,1987-03-15
E05928,Jasmit,Lall,Female,2002-06-15
E05929,Janya,Sanghvi,Female,1991-06-03
E05930,Ekansh,Char,Male,1982-06-19
E05931,Chandani,Venkatesh,Male,1982-02-27
E05932,Saumya,Ahluwalia,Male,1979-03-21
E05933,Kiaan,Raju,Female,1992-09-13
E05934,Krishna,Tailor,Male,1994-01-24
E05935,Urmi,Rout,Male,1974-12-06
E05936,Advika,Shankar,Female,1977-03-27
E05937,Sai,Lad,Female,1990-01-02
E05938,Harita,Sharaf,Female,1979-05-05
E05939,Dayita,Lad,Male,1978-12-02
E05940,Yahvi,Sarma,Male,1974-04-08
E05941,Yash,Sem,Female,1982-08-26
E05942,Bhanumati,Kala,Female,1992-03-16
E05943,Turvi,Kari,Male,1981-08-06
E05944,Girish,Ram,Male,1976-02-01
E05945,Aarini,Sahota,Male,1973-12-19
E05946,Chandani,Ahuja,Female,1988-09-08
E05947,Zilmil,Sodhi,Male,1968-09-22
E05948,Maya,Zacharia,Male,1989-03-23
E05949,Lajita,Kata,Male,1968-04-09
E05950,Anirudh,Parsa,Male,1985-04-08
E05951,Lucky,Murthy,Female,1979-03-23
E05952,Anya,Bhakta,Female,1997-05-06
E05953,Vedant,Amble,Female,1997-11-10
E05954,Yochana,Kannan,Female,1989-09-16
E05955,Advika,Aurora,Male,1974-09-15
E05956,Raghav,Shah,Male,1992-07-05
E05957,Timothy,Sastry,Female,1989-10-16
E05958,Samuel,Varughese,Male,1997-11-30
E05959,Vyanjana,Kurian,Male,1997-11-12
E05960,Chatura,Pillay,Female,1981-02-01
E05961,Yutika,Wason,Male,1993-09-21
E05962,Damini,Biswas,Male,1982-11-21
E05963,Tarak,Mital,Female,1989-01-04
E05964,Nakul,Edwin,Male,1972-09-27
E05965,Wahab,Sharaf,Female,1990-10-18
E05966,Warjas,Kumar,Male,1991-11-19
E05967,Bachittar,Batta,Male,1994-04-07
E05968,Urvi,Reddy,Male,1998-11-27
E05969,Zinal,Baral,Female,1971-08-07
E05970,Faras,Grewal,Male,1988-12-28
E05971,Jagrati,Venkatesh,Male,1980-04-03
E05972,Jai,Solanki,Female,1985-01-05
E05973,Garima,Ram,Female,1987-02-03
E05974,Oviya,Krishnamurthy,Female,1977-12-23
E05975,Hemal,Parikh,Male,1992-01-25
E05976,Laksh,Gole,Female,1992-01-23
E05977,Amol,Padmanabhan,Female,1981-11-21
E05978,Rajata,Choudhary,Female,1976-08-11
E05979,Falak,Sant,Female,1976-06-19
E05980,Ubika,Yadav,Female,1995-10-05
E05981,Panini,Venkataraman,Male,1975-03-06
E05982,Ishanvi,Saran,Female,1981-03-16
E05983,Aradhana,Kala,Female,1991-07-18
E05984,George,Wable,Male,1999-06-06
E05985,Zaitra,Shan,Female,1984-04-14
E05986,Luke,Venkataraman,Male,1991-05-07
E05987,Gaurangi,Gera,Female,1994-03-30
E05988,Gunbir,Vora,Female,1971-10-31
E05989,Meera,Ghose,Female,1981-01-17
E05990,Ishani,Batta,Female,1981-11-12
E05991,Balveer,Varty,Female,1973-04-22
E05992,Guneet,Chowdhury,Female,1989-12-20
E05993,Parth,Chawla,Male,1979-03-09
E05994,Abeer,Sandhu,Female,1978-12-31
E05995,Jagrati,Manne,Male,1988-05-18
E05996,Falan,Thaman,Female,1982-07-14
E05997,Zashil,Cheema,Male,1980-07-28
E05998,Deepa,Chad,Male,1992-01-15
E05999,Ansh,Sanghvi,Male,1989-04-01
E06000,Wyatt,Pandya,Male,1989-08-30
E06001,Agastya,Amble,Male,1983-03-15
E06002,Damini,Kade,Male,1967-08-04
E06003,Ria,Barad,Male,1971-07-02
E06004,Udant,Upadhyay,Male,1997-03-26
E06005,Waida,Nigam,Male,1969-01-25
E06006,Warhi,Jhaveri,Female,1976-10-22
E06007,Darika,Garde,Male,1969-12-04
E06008,Tanmayi,Anand,Male,1977-03-08
E06009,Jagrati,Sura,Female,1993-08-22
E06010,Rachit,Thaman,Female,1994-10-26
E06011,Upasna,Keer,Male,1975-07-10
E06012,Kevin,Reddy,Male,1978-03-09
E06013,Ayush,Yohannan,Male,1986-11-08
E06014,Ishwar,Menon,Male,1976-05-07
E06015,Zaitra,Sandal,Male,1984-12-17
E06016,Dakshesh,Mangal,Male,2002-07-18
E06017,Devika,Narayan,Male,1997-10-08
E06018,Banjeet,Butala,Female,1980-09-27
E06019,Jackson,Brahmbhatt,Male,1991-03-22
E06020,Samaksh,Chhabra,Female,1988-12-18
E06021,Eshana,Hora,Female,1985-10-20
E06022,Krisha,Pradhan,Female,1980-05-03
E06023,Vedant,Murty,Female,1985-06-28
E06024,Jagvi,Dhawan,Female,1989-12-21
E06025,Yachana,Brar,Male,1987-07-23
E06026,Gaurika,Srinivas,Female,1979-10-07
E06027,Onkar,Jha,Male,1997-06-14
E06028,Timothy,Bahl,Female,1988-01-06
E06029,Veda,Khatri,Female,1983-05-03
E06030,Gaurav,Merchant,Male,1976-11-24
E06031,Yamini,Sami,Male,1993-06-29
E06032,Laban,Taneja,Male,1991-05-15
E06033,Chakrika,Thakkar,Male,1989-12-16
E06034,Baljiwan,Sheth,Male,1987-05-18
E06035,Tanay,Sengupta,Female,1965-05-08
E06036,Ishaan,Bath,Male,1977-11-18
E06037,Upma,Ghosh,Female,1981-12-14
E06038,Lakshit,Loyal,Male,1990-11-20
E06039,Bimala,Choudhry,Male,1985-05-22
E06040,Udarsh,Reddy,Male,1990-03-03
E06041,Ojas,Arora,Female,2002-01-02
E06042,Panini,Keer,Male,1990-07-16
E06043,Ryan,Merchant,Male,1980-12-20
E06044,Ryan,Salvi,Male,1995-04-25
E06045,Lipika,Bhandari,Male,1995-07-13
E06046,Baljiwan,Lad,Male,1988-01-29
E06047,Deepa,Dada,Female,1980-01-17
E06048,Geetika,Hayre,Female,1982-08-24
E06049,Aashi,Manne,Female,1976-05-15
E06050,Alka,Behl,Female,1992-07-18
E06051,Ishanvi,Bahri,Female,1987-06-12
E06052,Aadhya,Mitter,Female,2000-04-13
E06053,Aadi,Purohit,Male,1980-10-09
E06054,Naveen,Goel,Male,1973-09-21
E06055,Priya,Nagarajan,Male,1984-03-13
E06056,Ekansh,Das,Female,1976-05-06
E06057,Chaman,Comar,Female,1974-05-04
E06058,Harsh,Thakur,Male,1988-04-01
E06059,Hritik,Narula,Male,1974-09-13
E06060,Guneet,Bhatnagar,Female,1992-08-05
E06061,Anirudh,Das,Male,1998-07-22
E06062,Anmol,Kumer,Male,1990-01-31
E06063,Ishita,Batta,Male,1981-07-22
E06064,Anirudh,Khosla,Female,1993-10-21
E06065,Yagnesh,Date,Male,1991-01-04
E06066,Girish,Radhakrishnan,Female,1977-08-02
E06067,Ubika,Bahri,Male,1989-03-19
E06068,Mitali,Chakraborty,Female,1984-07-03
E06069,Irya,Prashad,Female,1975-10-05
E06070,Falan,Oommen,Male,1976-08-05
E06071,Amara,Chandran,Male,1964-10-15
E06072,Ranbir,Biswas,Female,1993-06-15
E06073,Jagdish,Munshi,Male,1977-01-21
E06074,Tamanna,Buch,Male,1987-11-22
E06075,Jai,Swaminathan,Female,1982-03-03
E06076,Ishwar,Singh,Female,1977-09-02
E06077,Meera,Purohit,Female,1994-01-30
E06078,Rajata,Deol,Male,1972-09-07
E06079,Michael,Walia,Male,1969-08-31
E06080,Michael,Rajagopalan,Male,1990-01-01
E06081,Karan,Nigam,Male,1982-12-08
E06082,Elijah,Jain,Female,1981-12-12
E06083,Eiravati,Dutt,Male,1981-03-12
E06084,Upadhriti,Dutta,Male,1979-06-05
E06085,Guneet,Yadav,Female,1987-02-25
E06086,Yatan,Sekhon,Female,2000-07-02
E06087,Samesh,Sridhar,Male,1985-04-05
E06088,Pavani,Grover,Male,1979-09-06
E06089,Onkar,Chaudhuri,Female,1977-07-02
E06090,Yadavi,Mody,Female,1995-02-20
E06091,Devika,Balakrishnan,Female,1984-12-15
E06092,David,Rana,Male,1986-04-13
E06093,Azaan,Sodhi,Female,1982-08-06
E06094,Xalak,Wable,Male,1965-10-21
E06095,Aashi,Mander,Male,1978-05-04
E06096,Ekanta,Aurora,Male,1990-07-23
E06097,Oni,Sharma,Male,1961-04-06
E06098,Rajata,Prashad,Female,1983-06-26
E06099,Vanya,Sule,Female,1995-06-15
E06100,Vritti,Sachdeva,Male,1989-10-18
E06101,Ayaan,Sarna,Female,1997-07-13
E06102,Benjamin,Babu,Male,1975-11-25
E06103,Noah,Dyal,Female,1991-08-25
E06104,Bhavani,Bhatti,Male,1986-08-23
E06105,Gunbir,Som,Female,1997-03-06
E06106,Tamanna,Behl,Male,1993-01-30
E06107,Ryan,Koshy,Male,1977-08-09
E06108,Januja,Date,Male,1990-05-19
E06109,Udarsh,Vala,Male,1976-10-18
E06110,Warinder,Bumb,Female,1981-11-02
E06111,Tarak,Deol,Female,1991-07-10
E06112,Irya,Pant,Female,1981-01-27
E06113,Ikshita,Apte,Male,1982-09-16
E06114,Zayan,Sami,Female,1987-05-21
E06115,Janya,Yogi,Male,1983-07-23
E06116,Abhimanyu,Chokshi,Female,1981-08-09
E06117,Priya,Pau,Male,1980-09-06
E06118,Bhavani,Dhar,Female,1986-09-05
E06119,Ridhi,Dasgupta,Female,1979-08-03
E06120,Ekavir,Shanker,Female,1980-05-14
E06121,Mekhala,Hayer,Male,1970-11-22
E06122,Zehaan,Roy,Female,1978-11-16
E06123,Amrita,Dayal,Female,1989-10-25
E06124,Shivani,Sawhney,Female,1978-04-20
E06125,Alexander,Ghose,Female,1987-01-23
E06126,Aarna,Reddy,Female,1978-08-11
E06127,Ryan,Sinha,Female,1975-05-17
E06128,Onveer,Kapur,Male,1980-01-31
E06129,Ayushman,Ben,Male,1983-12-05
E06130,Oeshi,Dhingra,Female,1994-08-09
E06131,Ikshita,Ravel,Male,1977-02-25
E06132,Anmol,Rattan,Female,1984-12-01
E06133,Ranbir,Dixit,Female,1979-09-25
E06134,Chanakya,Varughese,Female,1980-03-10
E06135,Lipika,Palan,Female,1982-09-13
E06136,Dev,Roy,Male,1987-07-29
E06137,Christopher,Buch,Male,1992-02-01
E06138,Nilima,Lal,Female,1984-08-27
E06139,Lekha,Gulati,Female,1973-11-06
E06140,Sai,Peri,Male,1968-10-17
E06141,Waida,Mukherjee,Female,1995-08-04
E06142,Arin,Sha,Female,1978-09-04
E06143,Anmol,Sant,Female,1973-09-05
E06144,Dhriti,Sarin,Male,1991-11-09
E06145,Teerth,Sangha,Female,1974-11-27
E06146,Aarnav,Chawla,Male,1981-07-30
E06147,Advaith,Krishnamurthy,Female,1987-03-09
E06148,Gaurika,Rai,Male,1988-01-30
E06149,Thomas,Ravel,Male,1995-03-28
E06150,Aashi,Mander,Male,1979-12-30
E06151,Saanvi,Raju,Male,1987-06-09
E06152,Parth,Raman,Female,1985-11-09
E06153,Shivani,Goyal,Male,1982-11-14
E06154,Wakeeta,Dani,Male,1994-08-19
E06155,Yuvraj,Chokshi,Male,1979-07-12
E06156,Warinder,De,Female,1992-12-25
E06157,Rohan,Kamdar,Female,1987-11-15
E06158,Ekalinga,Borra,Male,1991-01-28
E06159,Kiaan,Tailor,Female,1982-05-02
E06160,Vritti,Wali,Male,1968-08-24
E06161,Osha,Aggarwal,Male,1978-12-18
E06162,Anirudh,Varkey,Male,1974-02-15
E06163,Ojasvi,Raj,Male,1992-06-07
E06164,Ojas,Panchal,Female,1976-07-05
E06165,Samaksh,Prabhakar,Male,1981-08-22
E06166,Damini,Amble,Female,2001-10-23
E06167,Vanya,Zacharia,Male,1982-06-03
E06168,Sai,Gupta,Female,1994-05-02
E06169,Warjas,Arya,Male,1975-07-09
E06170,Bachittar,Narain,Female,1983-06-20
E06171,Vritti,Walia,Male,1974-01-20
E06172,Viraj,Pradhan,Male,1978-08-12
E06173,Hemal,Contractor,Male,1979-11-17
E06174,Yochana,Dora,Male,1978-06-14
E06175,Unni,Karnik,Female,1997-07-16
E06176,Xavier,Iyengar,Female,1977-04-28
E06177,Anamika,Naidu,Female,1975-10-05
E06178,Saumya,Chand,Male,1970-12-31
E06179,Rajeshri,Kar,Female,1996-10-01
E06180,Sai,Talwar,Male,1984-12-15
E06181,Shravya,Thaker,Male,1984-03-03
E06182,Lohit,Bhatnagar,Male,1998-06-11
E06183,Orinder,Chatterjee,Female,1992-09-03
E06184,Tanvi,Dash,Male,1987-07-02
E06185,Hemani,Sangha,Female,1977-05-20
E06186,Divya,Purohit,Male,1998-06-07
E06187,Sanaya,Kashyap,Female,1975-11-15
E06188,Tarak,Chokshi,Male,1976-04-11
E06189,Timothy,Palla,Male,1983-02-28
E06190,Chameli,Bhatti,Female,1993-02-20
E06191,Dev,Srivastava,Female,1985-08-28
E06192,Atharv,Karpe,Female,2000-04-24
E06193,Alka,Kamdar,Female,1977-04-24
E06194,Laban,Ramanathan,Male,1983-03-25
E06195,Onkar,Biswas,Female,1983-04-15
E06196,Orinder,Khalsa,Male,1983-06-21
E06197,Oliver,Pillay,Male,1992-08-15
E06198,Ladli,Gaba,Female,1989-05-29
E06199,Inaya,Vala,Female,1986-08-27
E06200,Ishani,Chad,Male,1963-03-30
E06201,Rudra,Tella,Male,1976-10-02
E06202,Jason,Kadakia,Female,1986-03-01
E06203,Hemangini,Zacharia,Female,1988-08-15
E06204,Mitesh,Lal,Female,1984-05-03
E06205,Radhika,Verma,Female,1995-05-22
E06206,Chakradev,Aurora,Male,1987-07-31
E06207,Suhani,Bava,Female,1987-03-13
E06208,Irya,Date,Female,1990-03-03
E06209,Gabriel,Naik,Male,1976-10-29
E06210,Hemal,Divan,Female,1977-11-24
E06211,Matthew,Ram,Male,1981-04-21
E06212,Waida,Balay,Male,1991-02-24
E06213,Laban,Rajagopal,Male,1998-07-05
E06214,Imaran,Bail,Male,1977-08-11
E06215,Ojas,Anand,Female,1982-06-24
E06216,Kabir,Sawhney,Male,1978-03-16
E06217,Zehaan,Palla,Male,1983-11-08
E06218,Udant,Bandi,Female,1991-10-07
E06219,Onkar,Sheth,Male,1992-03-13
E06220,Sudiksha,Master,Female,1992-06-19
E06221,Lavanya,Gupta,Male,1978-01-30
E06222,Chakrika,Srinivasan,Female,1985-11-26
E06223,Chandresh,Khalsa,Female,1991-05-19
E06224,Oviya,Bava,Female,1997-09-16
E06225,Bhavya,Rau,Female,1993-10-14
E06226,Mohini,Gara,Male,1977-11-10
E06227,Yochana,Verma,Female,1987-04-04
E06228,Raagini,Sahni,Male,1996-11-12
E06229,Janaki,Lanka,Male,1987-10-24
E06230,Upadhriti,Agate,Female,1977-06-22
E06231,Ranbir,Subramanian,Female,1974-10-26
E06232,Zashil,Char,Female,1987-12-05
E06233,Qasim,Karnik,Male,1989-07-24
E06234,Upma,Uppal,Female,1968-02-26
E06235,Charan,Bal,Female,1995-06-26
E06236,Naksh,Dube,Female,1978-06-09
E06237,Gaurang,Dave,Male,1974-08-12
E06238,Laksh,Devan,Female,1985-01-10
E06239,Praneel,Varty,Female,1987-12-29
E06240,Daksha,Gandhi,Male,1992-08-28
E06241,Dakshesh,Sahota,Male,1995-08-30
E06242,Watika,Mani,Female,1985-07-28
E06243,Rishi,Doshi,Female,1979-09-14
E06244,Rachita,Kar,Male,1976-01-14
E06245,Vedika,Wali,Female,1982-02-01
E06246,Nathan,Sani,Female,1984-04-23
E06247,Teerth,Barad,Female,1984-08-17
E06248,Chatura,Randhawa,Male,1984-11-18
E06249,Chatresh,Dey,Female,1978-05-03
E06250,Irya,Viswanathan,Female,1976-11-12
E06251,Fitan,Morar,Female,1988-09-24
E06252,Ikbal,Magar,Female,1977-09-05
E06253,Vritti,Bhakta,Male,1979-09-16
E06254,Arin,Sastry,Female,1988-10-23
E06255,Jack,Brahmbhatt,Male,1987-06-06
E06256,Yashvi,Som,Male,1997-05-25
E06257,Wyatt,Doshi,Male,1965-03-03
E06258,Ikshita,Brar,Female,1979-10-25
E06259,Chakradev,Sarma,Female,2001-07-12
E06260,Aarini,Sathe,Female,1979-06-07
E06261,Kashvi,Dhingra,Female,1965-02-16
E06262,Qushi,Bansal,Male,1970-07-26
E06263,Nitesh,Nayar,Female,1975-09-05
E06264,Ubika,Mand,Male,1986-11-03
E06265,Nandini,Comar,Female,1991-08-08
E06266,Amol,Wason,Female,1986-07-26
E06267,Hemal,Kapur,Female,1988-01-10
E06268,Yashvi,Agarwal,Male,1987-05-06
E06269,Shivansh,Prakash,Female,1984-06-24
E06270,Yatan,Tara,Male,2000-09-19
E06271,Qabil,Cherian,Female,1992-01-28
E06272,Owen,Sastry,Female,1978-08-28
E06273,Amara,Deshmukh,Male,1986-04-13
E06274,Azad,Vaidya,Female,1985-05-24
E06275,Amol,Chowdhury,Male,1982-12-26
E06276,Radha,Kalla,Female,1997-10-05
E06277,Bakhshi,Gopal,Female,1985-03-24
E06278,Jyoti,Batta,Female,1981-09-29
E06279,Vinaya,Acharya,Female,1974-10-20
E06280,Chakradhar,Uppal,Male,1989-11-01
E06281,Harshil,Sem,Female,1994-07-19
E06282,Gaurav,Arya,Male,2000-05-05
E06283,Hemangini,Krishnamurthy,Female,1992-04-29
E06284,Lopa,Halder,Male,1962-04-03
E06285,Gunbir,Mall,Female,1990-02-07
E06286,Abeer,Bala,Male,1983-09-01
E06287,Zilmil,Bora,Female,1988-04-02
E06288,Karan,Peri,Male,1992-11-17
E06289,Libni,Mukhopadhyay,Male,1996-06-01
E06290,Caleb,Peri,Male,1982-06-16
E06291,Chatura,Jaggi,Female,1990-10-22
E06292,Udyati,Sarraf,Male,1979-02-08
E06293,Dakshesh,Bal,Female,1996-05-17
E06294,Ekalinga,Bava,Female,1985-11-03
E06295,Fitan,Shanker,Male,1998-04-06
E06296,Umang,Lalla,Male,1978-10-22
E06297,Ekansh,Arora,Male,1979-07-01
E06298,Chaman,Parekh,Male,1992-06-15
E06299,Triveni,Lal,Female,1987-12-29
E06300,Nachiket,Pall,Male,1980-07-19
E06301,Rachana,Brar,Female,1995-04-21
E06302,Kamala,Suresh,Male,1993-11-05
E06303,Chandani,Ramakrishnan,Male,1990-05-19
E06304,Bishakha,Peri,Female,1985-04-13
E06305,Hitesh,Sangha,Male,1990-01-05
E06306,Pallavi,Patla,Female,1972-10-19
E06307,Wyatt,Sur,Male,1997-04-09
E06308,Nisha,Tiwari,Male,2000-03-29
E06309,Ati,Murty,Male,1977-08-31
E06310,Patrick,Deol,Male,1978-12-16
E06311,Keya,Lata,Female,1992-02-08
E06312,Abha,Talwar,Female,1981-07-13
E06313,Ishwar,Setty,Male,1974-09-30
E06314,Chaitaly,Atwal,Female,1983-01-19
E06315,Neel,Padmanabhan,Female,1981-05-29
E06316,Nakul,Thakur,Male,1975-03-27
E06317,Nicholas,Ram,Female,1999-01-10
E06318,Eshana,Sane,Male,1997-10-07
E06319,Osha,Joshi,Male,1998-03-31
E06320,Ekbal,Venkataraman,Male,1963-07-16
E06321,Kala,Sethi,Male,1986-10-30
E06322,Oeshi,Morar,Female,1985-03-02
E06323,Yashoda,Deo,Female,1980-04-21
E06324,Zaid,Dhingra,Male,1985-01-06
E06325,Oscar,Manne,Female,1993-05-04
E06326,Fariq,Roy,Male,1992-09-29
E06327,Jai,Palla,Female,1997-06-19
E06328,Devika,Shan,Male,1986-10-01
E06329,Joshua,Hora,Female,1986-03-07
E06330,Charita,Rajagopalan,Female,1985-04-07
E06331,Nimrat,Naik,Male,1981-08-18
E06332,Vasana,Goda,Female,1986-08-06
E06333,Chatresh,Balan,Female,1972-08-12
E06334,Aahana,Andra,Male,1977-02-13
E06335,Harrison,Chaudhry,Female,1995-07-01
E06336,Chanchal,Vig,Male,1993-11-13
E06337,Garima,Kuruvilla,Male,1994-10-04
E06338,William,Chander,Female,1992-05-24
E06339,Balendra,Bumb,Male,1964-09-26
E06340,Liam,Padmanabhan,Female,1986-04-09
E06341,Xalak,Nori,Male,1995-09-25
E06342,Sanaya,Bir,Female,1994-10-31
E06343,Ekanta,Nanda,Male,1991-06-27
E06344,Christopher,Gokhale,Male,1980-09-11
E06345,Yachana,Chhabra,Male,1989-10-25
E06346,Vinaya,Baria,Female,1991-01-29
E06347,Manan,Toor,Male,1967-11-13
E06348,Jason,Keer,Male,1971-06-07
E06349,Lila,Dey,Female,1966-11-28
E06350,Jai,Ramanathan,Male,1976-05-29
E06351,Jagrati,Raj,Female,1984-11-12
E06352,Kavya,Chowdhury,Male,1990-05-31
E06353,Kashish,Palan,Female,1961-01-26
E06354,Wridesh,Rajagopalan,Male,1995-10-15
E06355,Janaki,Som,Female,1976-08-19
E06356,Varenya,Bhattacharyya,Female,1992-11-16
E06357,Chanakya,Ghose,Male,1984-10-31
E06358,Faqid,Grewal,Female,1983-08-15
E06359,Aarna,Wadhwa,Female,1998-06-05
E06360,Chaaya,Krishnamurthy,Male,1995-01-20
E06361,Yash,Som,Male,1969-08-24
E06362,Zansi,Patil,Female,1981-06-01
E06363,Isaac,Bhandari,Male,1987-12-12
E06364,Zarna,Zachariah,Male,1989-10-17
E06365,Abeer,Mutti,Female,1990-05-30
E06366,Lipika,Prasad,Male,1983-06-29
E06367,Azaan,Ratti,Female,1991-04-11
E06368,Charvi,Ramesh,Female,1983-06-02
E06369,Chandresh,Tara,Female,1997-01-25
E06370,Jeet,Bhagat,Male,1968-12-12
E06371,Champak,Choudhury,Female,1983-09-03
E06372,Ekaja,Joshi,Male,1990-05-09
E06373,Dhruv,Shankar,Male,1986-12-02
E06374,Turvi,Loke,Male,1977-09-03
E06375,Oni,Borde,Male,1992-11-13
E06376,Max,Kurian,Male,1976-10-22
E06377,Gunbir,Parekh,Female,1993-10-22
E06378,Robert,Golla,Female,1990-08-28
E06379,Noah,Golla,Male,1984-11-15
E06380,Umang,Bhalla,Female,1985-10-20
E06381,Anmol,Sur,Male,1971-09-03
E06382,Oni,Pai,Female,1986-03-08
E06383,Tanveer,Kibe,Male,1989-04-18
E06384,Qabil,Handa,Female,1982-11-07
E06385,Lipika,Chopra,Male,1985-11-12
E06386,Warda,Bahl,Female,1990-03-24
E06387,Aarav,Balasubramanian,Female,1976-05-16
E06388,Umang,Dhar,Male,1970-06-13
E06389,Nidhi,Bail,Male,2000-10-21
E06390,Advay,Soman,Male,1993-06-05
E06391,Onveer,Kothari,Female,1983-07-19
E06392,Netra,Bhatnagar,Male,1977-01-31
E06393,Yahvi,Walla,Female,1972-03-11
E06394,Yatin,Dugal,Female,1991-02-05
E06395,Saksham,Bir,Female,1982-06-29
E06396,Anay,Morar,Male,1977-03-13
E06397,Forum,Nori,Male,1994-07-08
E06398,Niharika,Malhotra,Female,1976-04-09
E06399,Isha,Palan,Male,1984-03-09
E06400,Tejas,Mistry,Female,1991-05-07
E06401,Idika,Dhawan,Female,1993-03-14
E06402,Andrew,Karpe,Male,1987-03-18
E06403,Ayushman,Bhavsar,Male,1985-01-04
E06404,Fitan,Mittal,Male,1986-12-04
E06405,Rajata,Rai,Female,1989-12-20
E06406,Bhanumati,Khare,Female,1973-02-19
E06407,William,Badal,Female,2002-10-19
E06408,Inaya,Sant,Female,1985-05-08
E06409,Chasmum,Roy,Male,1985-07-21
E06410,Ayaan,Patil,Female,1984-02-06
E06411,Kritika,Murty,Male,1988-04-05
E06412,Dhriti,Butala,Male,1980-12-13
E06413,Tanvi,Sachdev,Male,1980-06-08
E06414,Jhalak,Baria,Female,1990-04-30
E06415,Kala,Chawla,Female,1983-03-15
E06416,Oliver,Pandya,Female,1997-10-03
E06417,Varsha,Sabharwal,Male,1998-06-29
E06418,Balveer,Mannan,Male,1983-02-09
E06419,Theodore,Tara,Male,1976-01-16
E06420,Abeer,Nagi,Male,1970-02-19
E06421,Anya,Andra,Male,2002-02-16
E06422,Anvi,Kannan,Male,1991-04-25
E06423,Ekaja,Sharaf,Female,1988-09-07
E06424,Gaurav,Kar,Male,1986-08-22
E06425,Chaitaly,Sur,Female,1984-09-15
E06426,Samaksh,Parmar,Male,1997-03-01
E06427,Qarin,Sidhu,Female,1993-02-23
E06428,Omisha,Banerjee,Male,1976-05-17
E06429,Vanya,Wadhwa,Male,1999-01-21
E06430,Ayush,Dixit,Male,1983-06-26
E06431,Samaksh,Jhaveri,Female,1964-07-28
E06432,Faras,Shenoy,Female,1985-09-01
E06433,Omaja,Srinivasan,Male,1989-07-08
E06434,Kashish,Ratti,Female,1979-05-16
E06435,Harsh,Anne,Female,1984-05-31
E06436,Sathvik,Kata,Female,1986-11-02
E06437,Vivaan,Mukhopadhyay,Female,1997-05-09
E06438,Amrita,Nigam,Male,1989-03-13
E06439,Ekbal,Walia,Male,1988-05-19
E06440,Zarna,Savant,Male,1979-08-12
E06441,Damini,Dutta,Male,1992-07-13
E06442,Waida,Kannan,Female,2001-04-12
E06443,Sai,Saha,Male,1983-10-01
E06444,Bishakha,Krishnan,Male,1969-03-06
E06445,Gaurangi,Nanda,Female,1992-09-06
E06446,Vasudha,Dhaliwal,Male,1990-08-25
E06447,David,Zacharia,Male,1976-07-30
E06448,Reyansh,Sastry,Male,1992-05-21
E06449,Ranveer,Bhatt,Male,1988-07-11
E06450,Dakshesh,Kapur,Male,1975-07-01
E06451,Anika,Walia,Male,1992-09-29
E06452,Champak,Bora,Male,1976-06-12
E06453,Elijah,Chaudhuri,Male,1999-04-11
E06454,Jagrati,Chatterjee,Male,1988-11-09
E06455,Yug,Gandhi,Female,1994-10-26
E06456,Maanas,Sodhi,Female,1981-09-17
E06457,Qadim,Baral,Male,1989-05-15
E06458,Laksh,Ramaswamy,Female,1992-07-09
E06459,Aryan,Nagy,Female,1998-02-22
E06460,Qasim,Sami,Male,2000-10-24
E06461,Neha,Edwin,Female,1979-02-11
E06462,Warda,Ravi,Male,1991-08-06
E06463,Udant,Halder,Female,1985-02-01
E06464,Chakrika,Morar,Male,1993-07-08
E06465,Mahika,Sama,Female,1977-01-13
E06466,Chakradhar,Bajwa,Female,1994-09-28
E06467,Onveer,Barad,Male,1987-01-19
E06468,Rajata,Rao,Female,1993-03-26
E06469,Abhiram,Modi,Male,1982-08-11
E06470,Kavya,Chandra,Male,1985-03-15
E06471,Hemal,Chaudhari,Male,1977-10-15
E06472,Baghyawati,Hayre,Female,1977-12-28
E06473,Hemani,Kibe,Male,1993-01-27
E06474,Ethan,Mistry,Male,1977-05-07
E06475,Faras,Mani,Female,1988-09-18
E06476,Garima,Iyer,Male,1995-01-16
E06477,Wridesh,Suresh,Male,1996-07-12
E06478,Henry,Ghosh,Male,1966-10-31
E06479,Anusha,Gola,Male,1999-02-28
E06480,Frederick,Mohan,Male,1992-05-21
E06481,Bachittar,Munshi,Male,1989-07-10
E06482,Kai,Sodhi,Male,1983-07-13
E06483,Zashil,Vohra,Male,1997-05-28
E06484,Chameli,Panchal,Male,1973-10-06
E06485,Jhalak,Reddy,Male,1990-07-29
E06486,Kalpit,Verma,Male,1968-07-28
E06487,Matthew,Bhatt,Male,1994-02-23
E06488,Fitan,Kunda,Male,1988-01-08
E06489,Yashodhara,Lad,Female,1992-10-23
E06490,Wridesh,Deshpande,Male,1970-04-10
E06491,Janaki,Mohan,Female,1986-02-13
E06492,Umang,Bir,Male,1986-09-03
E06493,Naveen,Misra,Male,1985-11-18
E06494,Rachita,Shanker,Female,1997-08-01
E06495,Karan,Loke,Male,1996-09-10
E06496,Qabil,Nayar,Female,1988-07-03
E06497,Nisha,Prabhakar,Male,1987-01-05
E06498,Amaira,Konda,Male,1980-08-03
E06499,Ekaraj,Prasad,Male,1984-09-08
E06500,Advik,Mann,Female,1980-04-12
E06501,Radha,Chakraborty,Female,1983-07-12
E06502,Urvashi,Som,Male,1979-07-04
E06503,Zinal,Luthra,Male,1984-02-28
E06504,Siya,Nagarajan,Female,1983-09-24
E06505,Yochana,Naik,Male,1991-11-16
E06506,Ridhi,Babu,Male,1995-02-21
E06507,Chameli,Handa,Female,1976-03-27
E06508,Azaan,Rastogi,Female,1986-01-07
E06509,Faraj,Sampath,Female,1980-04-06
E06510,Baljiwan,Rajagopal,Female,1981-05-25
E06511,Meera,Bawa,Male,1982-03-11
E06512,Baljiwan,Kibe,Female,1970-05-08
E06513,Ekansh,Hans,Female,1988-12-01
E06514,Warjas,Jayaraman,Male,1994-02-22
E06515,Vasudha,Prakash,Male,2000-10-25
E06516,Bahadurjit,Nath,Female,1989-03-02
E06517,Ranbir,Bhatt,Male,1989-10-21
E06518,Qarin,Kaur,Female,1997-10-19
E06519,Anmol,Mistry,Male,1978-10-01
E06520,Ekanta,Kamdar,Male,1995-09-19
E06521,Manan,Pillay,Male,1979-05-20
E06522,Raksha,Nagi,Male,1980-07-07
E06523,Daniel,Saxena,Male,1977-01-22
E06524,Benjamin,Sani,Male,1983-05-04
E06525,Ekiya,Borde,Female,1999-03-19
E06526,Krish,Nath,Male,1993-03-08
E06527,Jasmit,Kalita,Male,1988-01-22
E06528,Ojasvi,Shenoy,Male,1993-05-15
E06529,Ekaja,Behl,Male,1986-07-20
E06530,Oeshi,Dugal,Female,1969-09-19
E06531,Yashica,Bobal,Female,1987-11-01
E06532,Qasim,Barman,Female,1971-09-26
E06533,Jairaj,Dubey,Male,1987-01-05
E06534,Upma,Thakur,Female,1985-05-12
E06535,Upkaar,Nagi,Female,1982-10-30
E06536,Wazir,Raj,Female,1995-03-04
E06537,Sanya,Vala,Male,1984-12-03
E06538,Tanvi,Bumb,Female,1983-08-26
E06539,Vasatika,Gera,Female,1985-07-26
E06540,Vansha,Pandit,Female,1995-07-29
E06541,Lila,Gour,Female,1969-01-02
E06542,Sudiksha,Bava,Female,1979-12-22
E06543,Lipika,Dave,Male,1985-02-01
E06544,Mason,Hegde,Male,1969-10-17
E06545,Ekiya,Dhar,Female,1973-04-28
E06546,Upma,Baral,Male,1987-04-28
E06547,Lajita,Dash,Male,1980-05-15
E06548,Arya,Ramaswamy,Female,1973-11-23
E06549,Madhav,Ramachandran,Female,1997-02-01
E06550,Meghana,Pandit,Male,1978-04-23
E06551,Inaya,Palla,Male,1994-11-06
E06552,Amaira,Dhawan,Male,1973-07-21
E06553,Sudiksha,Kapur,Male,1988-09-28
E06554,Sara,Sagar,Female,1984-07-31
E06555,Banjeet,Nath,Male,1977-08-06
E06556,Aarnav,Sur,Female,1983-10-28
E06557,Orinder,Ramaswamy,Male,1981-10-06
E06558,Jonathan,Chaudhary,Male,1989-07-25
E06559,Tanveer,Contractor,Female,1976-06-20
E06560,Urmi,Mistry,Male,1982-07-11
E06561,Maya,Mody,Female,1990-11-17
E06562,Reyansh,Parmer,Female,1981-01-06
E06563,Alka,Sheth,Female,1977-04-30
E06564,Radhika,Chowdhury,Male,1997-12-30
E06565,Thomas,Venkataraman,Male,1988-05-19
E06566,Chakradhar,Shah,Female,1988-12-27
E06567,Ishanvi,Natt,Male,1993-04-17
E06568,Janya,Anand,Male,2000-07-12
E06569,Tanay,Balay,Female,1980-11-18
E06570,Tamanna,Ravi,Male,1984-04-17
E06571,Zashil,Din,Female,1978-03-20
E06572,Qasim,Kala,Male,1980-06-10
E06573,Faraj,Chand,Male,1973-11-07
E06574,Shaurya,Choudhry,Female,1979-12-04
E06575,Laban,Raval,Male,1984-09-17
E06576,Nihal,Balakrishnan,Female,1979-03-21
E06577,Bina,Sarma,Female,1963-06-16
E06578,Vedant,Mital,Male,1982-10-01
E06579,Dalaja,Wable,Female,1980-06-26
E06580,Baljiwan,Tripathi,Male,1987-02-12
E06581,Meghana,Vasa,Male,1973-09-01
E06582,Turvi,Sampath,Male,1990-09-13
E06583,Yoshita,Kata,Male,1975-09-09
E06584,Samaksh,Kaul,Female,1977-07-15
E06585,Januja,Ravi,Male,1983-05-24
E06586,Yatin,Arya,Male,1980-03-15
E06587,Omya,Bose,Female,1980-01-29
E06588,Laban,Ben,Male,1990-03-19
E06589,Gabriel,Biswas,Female,1975-03-05
E06590,Amruta,Chand,Female,1979-02-15
E06591,Kashish,Bajaj,Female,1990-12-08
E06592,Urmi,Ben,Female,1993-10-21
E06593,Oeshi,Bajaj,Female,1985-08-27
E06594,Samarth,Dixit,Male,1992-08-21
E06595,Gaurika,Ghosh,Female,1988-05-25
E06596,Yagnesh,Boase,Female,1985-03-05
E06597,Shravya,Ratta,Female,1987-12-09
E06598,Gayathri,Goel,Male,1991-08-01
E06599,Kai,Krishnan,Male,1988-01-21
E06600,Samaksh,Venkataraman,Male,1979-09-08
E06601,Ubika,Bhatti,Male,1988-07-05
E06602,Ira,Lalla,Male,1996-08-31
E06603,Aadi,Dhillon,Male,1973-07-17
E06604,Forum,Oza,Female,1989-08-15
E06605,Reyansh,More,Female,1965-08-18
E06606,Mohammed,Soman,Female,1977-09-25
E06607,Shivani,Aurora,Female,1995-01-22
E06608,Chandani,Keer,Male,1979-03-26
E06609,Urvashi,Chakrabarti,Male,1986-09-16
E06610,Omaja,Naik,Male,1983-03-14
E06611,Ati,Narang,Female,1970-04-26
E06612,Jasmit,Bera,Female,1985-03-11
E06613,Rachana,Brahmbhatt,Female,1977-06-19
E06614,Anusha,Aurora,Female,1981-06-06
E06615,Lipika,Minhas,Female,1987-04-01
E06616,Rajata,Bir,Female,1985-07-07
E06617,Ijaya,Pillai,Male,1986-08-07
E06618,Aditya,Garg,Female,1990-05-20
E06619,Idika,Sharaf,Male,1983-02-19
E06620,Kashish,Bir,Male,1993-03-19
E06621,Jyoti,Anand,Female,1961-03-18
E06622,Bahadurjit,Narain,Male,1977-08-14
E06623,Amara,Pandit,Male,1988-08-17
E06624,Pahal,Grover,Female,1996-09-26
E06625,Aishani,Sarraf,Female,1982-10-28
E06626,Amara,Raju,Male,1998-03-28
E06627,Pranit,Sundaram,Female,1972-05-29
E06628,Jasmit,Sampath,Male,1989-04-14
E06629,Reyansh,Raman,Male,1970-09-16
E06630,Faris,Puri,Male,1981-07-16
E06631,Bishakha,Oommen,Female,1975-11-01
E06632,Kevin,Bhatia,Male,1970-10-11
E06633,Varenya,Deshmukh,Male,1988-04-01
E06634,Lakshit,Barad,Male,1979-11-04
E06635,Oni,Gara,Male,1992-02-10
E06636,Zinal,Sule,Female,1992-05-31
E06637,Jagrati,Banik,Female,1983-03-02
E06638,Ekbal,Mistry,Male,1979-11-22
E06639,Kai,Shukla,Male,1981-12-17
E06640,Nitara,Lata,Male,1970-08-12
E06641,Teerth,Salvi,Male,1978-01-13
E06642,Tristan,Parsa,Male,1986-05-21
E06643,Varsha,Sama,Female,1988-07-27
E06644,Krisha,Agarwal,Male,1995-10-19
E06645,Adya,Krishna,Male,1985-08-05
E06646,Pratyush,Shanker,Male,1972-05-05
E06647,Kamala,Palan,Female,1993-07-25
E06648,Pratyush,Chada,Male,1985-09-28
E06649,Eesha,Dash,Male,1988-04-03
E06650,Vihaan,Bajwa,Female,1991-07-04
E06651,Damyanti,Bora,Female,1979-08-28
E06652,Lakshmi,Gulati,Female,1991-10-12
E06653,Aarini,Ganesan,Female,1982-06-07
E06654,Leena,Bera,Male,1982-03-05
E06655,Shaurya,Shah,Male,1984-10-23
E06656,Laksh,Agate,Male,1989-04-08
E06657,Zayan,Dyal,Female,2000-12-06
E06658,Tristan,Gade,Male,1986-04-25
E06659,Widisha,Narayan,Male,1980-02-10
E06660,Vrishti,Bahri,Female,1982-03-25
E06661,Mahika,Goel,Male,1986-12-05
E06662,Harinakshi,Srinivasan,Male,1977-09-26
E06663,Charita,Chada,Male,1982-10-08
E06664,Shivani,Sundaram,Male,1975-02-08
E06665,Varenya,Karpe,Female,1996-06-05
E06666,Akshay,Atwal,Male,1993-04-22
E06667,Omkaar,Gandhi,Female,1969-09-05
E06668,Pratyush,Dube,Male,1975-02-09
E06669,Pahal,Tiwari,Female,1990-11-21
E06670,Chakrika,Chatterjee,Female,1995-04-19
E06671,Joshua,Madan,Male,1983-05-25
E06672,Mohammed,Hegde,Female,1984-03-03
E06673,Daksha,Shanker,Male,1963-08-25
E06674,Hemangini,Gill,Male,1994-11-20
E06675,Vyanjana,Chander,Male,1988-04-12
E06676,Garima,Char,Male,1980-02-22
E06677,Ojas,Subramanian,Male,1982-11-26
E06678,Warinder,Bera,Female,1990-12-15
E06679,Dakshesh,Lal,Female,1992-08-03
E06680,Nitesh,Sani,Male,1993-10-23
E06681,Meghana,Shan,Male,1988-04-19
E06682,Kalpit,Nagar,Male,1980-01-27
E06683,Leena,Dara,Male,1992-12-22
E06684,Saksham,Rau,Male,1978-05-06
E06685,Eta,Chopra,Female,1991-12-10
E06686,Rachit,Mitra,Male,1998-11-22
E06687,Maanav,Gokhale,Male,1999-12-26
E06688,Pranit,Lal,Male,1993-09-02
E06689,Pranit,Magar,Female,1976-03-25
E06690,Yashoda,Bhavsar,Female,1980-03-13
E06691,Warjas,Mohanty,Female,1977-03-03
E06692,Sudiksha,Rattan,Male,1974-04-05
E06693,Yashica,Ahuja,Male,1984-05-15
E06694,Upkaar,Sama,Female,1986-04-24
E06695,Upma,Edwin,Male,1971-09-15
E06696,Timothy,Bera,Male,1976-07-17
E06697,Oni,Patil,Female,1985-10-31
E06698,Yashvi,Baria,Male,1990-04-25
E06699,Ekavir,Sethi,Male,1979-11-08
E06700,Harini,Barman,Male,1977-07-24
E06701,Hamsini,Trivedi,Male,1981-09-18
E06702,Diya,Mistry,Female,1966-10-28
E06703,Tanveer,Mand,Male,1989-11-06
E06704,Ayaan,Bala,Male,1991-03-09
E06705,Yashasvi,Banik,Male,1985-09-20
E06706,Rishi,Banerjee,Female,1998-01-01
E06707,Ladli,Prakash,Male,1980-07-15
E06708,Baljiwan,Rege,Female,1991-01-06
E06709,Jacob,Dubey,Male,1976-07-14
E06710,Amaira,Hegde,Male,1975-03-28
E06711,Triveni,Hari,Female,1988-06-17
E06712,Rajata,Tripathi,Female,1965-05-26
E06713,Bishakha,Badami,Male,1984-02-22
E06714,Bahadurjit,Goel,Male,1984-11-01
E06715,Lekha,Ramachandran,Female,1971-02-16
E06716,Nakul,Chand,Male,1989-03-20
E06717,Joshua,Verma,Male,1973-12-22
E06718,Wyatt,Gola,Male,1984-09-01
E06719,Waida,Dubey,Female,1989-07-13
E06720,Kevin,Shan,Male,1986-02-01
E06721,Pratyush,Arya,Male,1984-09-24
E06722,Manan,Gopal,Male,2002-05-01
E06723,Dayita,Trivedi,Male,1988-10-15
E06724,Barkha,Jhaveri,Male,1993-04-12
E06725,Gautami,Shetty,Male,1976-03-16
E06726,Jack,Lanka,Male,1994-02-04
E06727,Sanaya,Ravi,Male,1993-04-22
E06728,Elijah,Halder,Male,1980-09-01
E06729,Mason,Sethi,Female,1979-09-29
E06730,Wahab,Banik,Female,1989-10-17
E06731,Keya,Vig,Male,1982-06-28
E06732,Qasim,Loke,Male,1982-08-09
E06733,Andrew,Zacharia,Female,1980-03-19
E06734,Sarthak,Goswami,Female,1995-04-30
E06735,Meghana,Atwal,Female,1987-02-22
E06736,Qabil,Sankaran,Male,1995-06-25
E06737,Guneet,Ahluwalia,Female,1983-09-25
E06738,Ekanta,Dugar,Female,1977-06-12
E06739,Amrita,Bal,Female,1981-01-07
E06740,Tanveer,Gulati,Male,1978-05-01
E06741,Sachi,Banik,Male,1987-05-19
E06742,Yashvi,Chacko,Male,1974-09-22
E06743,Girik,Karpe,Male,1997-04-10
E06744,Irya,Rastogi,Male,1967-01-17
E06745,Chatresh,Chahal,Male,1979-11-29
E06746,Saanvi,Mangal,Male,1988-06-25
E06747,Omkaar,Kata,Male,1997-02-25
E06748,Falak,Zachariah,Male,1973-08-25
E06749,Chakrika,Nigam,Male,1967-09-09
E06750,Rajeshri,Bhargava,Male,1995-11-24
E06751,Yashawini,Suresh,Female,1994-05-13
E06752,Devansh,Nagarajan,Female,1979-12-06
E06753,Daksh,Pandit,Female,1965-10-17
E06754,Yashica,Srivastava,Male,1980-03-04
E06755,Rudra,Ganesan,Male,1970-02-04
E06756,Wahab,Swamy,Male,1978-03-30
E06757,Ayushman,Ganesh,Male,1998-10-22
E06758,Ishanvi,Sachdev,Female,1985-10-06
E06759,Kalpit,Brahmbhatt,Female,1978-10-03
E06760,Victor,Goyal,Male,1962-10-31
E06761,Zinal,Anand,Male,1988-02-28
E06762,Wishi,Yadav,Female,1985-01-26
E06763,Edhitha,Loke,Male,1971-01-28
E06764,Ekaja,Dugar,Female,1985-07-13
E06765,Fitan,Kashyap,Male,1993-01-27
E06766,Ekaja,Chander,Male,1978-07-26
E06767,Turvi,Sur,Male,1989-10-08
E06768,Peter,Sampath,Female,1989-07-03
E06769,Sai,Raja,Male,1976-09-11
E06770,Amara,Hans,Male,1971-01-23
E06771,Yasti,Sur,Male,1990-01-19
E06772,Rachana,Bassi,Male,1994-04-03
E06773,Alexander,Soni,Female,1998-08-17
E06774,Benjamin,Kapoor,Male,1974-11-07
E06775,Ansh,Bala,Male,1977-12-24
E06776,Ekalinga,Choudhry,Female,1974-11-20
E06777,Vedant,Venkataraman,Female,1987-05-12
E06778,Rohan,Kumar,Male,1986-05-23
E06779,Anvi,Manda,Female,1984-08-27
E06780,Pushti,Pingle,Female,1988-09-06
E06781,Samarth,Raj,Female,1994-08-26
E06782,Pratyush,Chandran,Male,1984-06-01
E06783,Odika,Das,Female,1984-06-09
E06784,Onkar,Rajagopal,Male,1965-10-21
E06785,Bhavna,Bhardwaj,Female,1994-11-27
E06786,Eesha,Dugal,Male,1969-02-27
E06787,Dayita,Chacko,Male,2001-05-09
E06788,Gautami,Sarma,Male,1983-01-31
E06789,Ekalinga,Bhatti,Male,1979-08-31
E06790,Oeshi,Mody,Male,1989-08-31
E06791,Aarini,Bansal,Female,1981-10-02
E06792,Yachana,Ranganathan,Female,1998-07-22
E06793,Ayushman,Nagy,Female,1980-11-24
E06794,Gauri,Balakrishnan,Male,1988-02-18
E06795,Maya,Majumdar,Male,1978-04-02
E06796,Omisha,Kala,Male,1985-04-04
E06797,Wyatt,Khosla,Female,1976-04-01
E06798,Fiyaz,Ghose,Male,1985-09-06
E06799,Faqid,Nazareth,Male,1987-04-29
E06800,Nitesh,Hari,Male,1976-09-11
E06801,Anvi,Wali,Female,1992-04-09
E06802,Xalak,Goel,Male,1989-06-05
E06803,Aarav,Devi,Male,1969-08-06
E06804,Gaurangi,Garg,Female,1992-03-16
E06805,Nilima,Khosla,Female,1999-11-29
E06806,Henry,Mangal,Male,2000-02-03
E06807,Madhav,Tripathi,Male,1994-09-08
E06808,Oviya,Pandya,Male,1968-05-26
E06809,Qasim,Chowdhury,Male,1984-07-09
E06810,Christopher,Sunder,Male,1965-12-11
E06811,Kalpit,Panchal,Male,1977-02-19
E06812,Advik,More,Male,1969-08-08
E06813,Vrishti,Arya,Male,1980-05-22
E06814,Zayan,Dhar,Female,1982-05-30
E06815,Samarth,Sridhar,Male,1986-03-11
E06816,Kavya,Varughese,Male,1981-12-08
E06817,Nisha,Lanka,Male,1981-04-30
E06818,Ladli,Bhavsar,Male,1995-12-06
E06819,Nisha,Baral,Female,1989-06-24
E06820,Raksha,Chaudhari,Female,1986-01-15
E06821,Mason,Zachariah,Male,1985-12-16
E06822,Ria,Kurian,Female,1998-11-24
E06823,Unnati,Barad,Female,1982-03-21
E06824,Jai,Kade,Male,1993-06-25
E06825,Urishilla,Karnik,Male,1980-02-25
E06826,Faqid,Puri,Male,1980-10-22
E06827,Rudra,Prasad,Female,1991-03-18
E06828,Mason,Ganguly,Female,1976-11-02
E06829,Dominic,Narula,Male,1992-01-14
E06830,Noah,Rajagopalan,Male,1975-11-30
E06831,Priya,Boase,Male,1993-08-13
E06832,Gautam,Goda,Male,1991-05-01
E06833,Chameli,Sodhi,Male,1996-10-20
E06834,Mohini,Rajagopal,Female,1994-01-19
E06835,Rajata,Bahri,Female,1969-05-20
E06836,Darika,Munshi,Female,1974-12-10
E06837,Lila,Soman,Male,1978-05-15
E06838,Naksh,Bora,Female,1993-05-21
E06839,Zaitra,Bobal,Male,1995-11-02
E06840,Sai,Ganesh,Male,1972-05-15
E06841,Ridhi,Parikh,Male,1977-11-19
E06842,Mahika,Kadakia,Male,1992-03-11
E06843,Upma,Kadakia,Male,1995-05-11
E06844,Hemang,Suri,Female,1979-10-22
E06845,Vansha,Guha,Male,1983-08-24
E06846,Ethan,Soman,Female,1992-12-02
E06847,Farhan,Goel,Female,1992-01-31
E06848,Ethan,Palan,Male,1974-04-09
E06849,Baljiwan,Nagar,Male,1981-09-21
E06850,Harinakshi,Varma,Female,1977-09-04
E06851,Nachiket,Sood,Male,1977-05-24
E06852,Qabil,Dutta,Female,1993-05-28
E06853,Harita,Naidu,Female,1965-03-14
E06854,Nirja,Raja,Female,1999-09-18
E06855,Falan,Bobal,Male,1976-07-02
E06856,Aashi,Bahl,Female,1980-02-06
E06857,Andrew,Bava,Female,1988-08-07
E06858,Gaurika,Kannan,Male,1980-09-13
E06859,Patrick,Naik,Female,1992-10-14
E06860,Atharv,Sankaran,Male,1995-09-13
E06861,Ijaya,Das,Male,1982-08-25
E06862,Charvi,Amble,Male,1996-05-29
E06863,Yatin,Shan,Female,1981-10-19
E06864,Mohammed,Memon,Male,1990-10-08
E06865,Yashodhara,Jaggi,Female,1992-10-16
E06866,Priya,Chada,Male,1991-09-04
E06867,Yashoda,Pal,Female,1981-04-29
E06868,Hardik,Talwar,Male,1981-01-30
E06869,Anvi,Nagarajan,Female,2001-04-11
E06870,Pallavi,Sachdev,Male,1992-12-06
E06871,Jeet,Kashyap,Male,1976-05-09
E06872,Nimrat,Sem,Female,1976-06-02
E06873,Girindra,Goswami,Female,1994-06-17
E06874,Nitara,Zachariah,Female,1965-08-09
E06875,Warda,Bail,Female,1979-07-28
E06876,Neel,Sami,Female,1991-03-29
E06877,Veer,Gopal,Female,1989-04-11
E06878,Leela,Banik,Male,1988-12-07
E06879,Nidhi,Naik,Female,1972-09-24
E06880,Maya,Kalita,Female,1974-04-20
E06881,Kiaan,Dugar,Male,1984-03-28
E06882,Samuel,Chand,Male,1999-01-21
E06883,Xavier,Lall,Male,1990-01-20
E06884,Amol,Chauhan,Female,1992-05-24
E06885,Yamini,Sama,Male,1990-06-16
E06886,Jackson,Chaudhary,Female,1979-02-08
E06887,Sai,Mahajan,Female,1982-05-10
E06888,Sanaya,Kohli,Female,1994-03-19
E06889,Ekaraj,Gera,Male,1982-09-07
E06890,Janaki,Puri,Female,1979-02-15
E06891,Chasmum,Dave,Male,1984-01-02
E06892,Niharika,Puri,Male,1988-12-03
E06893,Urmi,Contractor,Male,1973-06-03
E06894,Warhi,Narasimhan,Male,1985-12-03
E06895,Priya,Shetty,Female,1968-10-17
E06896,Urishilla,Kala,Male,1998-07-11
E06897,Jagvi,Seshadri,Female,1983-11-29
E06898,Frado,Subramaniam,Male,1991-09-26
E06899,Wishi,Prasad,Female,1980-04-12
E06900,Vivaan,Subramaniam,Male,1991-08-08
E06901,Agastya,Karpe,Female,1997-05-17
E06902,Indali,Handa,Female,1990-03-22
E06903,Madhav,Seshadri,Male,1980-12-11
E06904,Mugdha,Bal,Female,1984-05-09
E06905,Aishani,Vig,Female,1964-03-03
E06906,Ekaja,Sahni,Male,1977-08-19
E06907,Amol,Verma,Female,1997-03-14
E06908,Anthony,Chada,Female,1979-09-22
E06909,Warinder,Mand,Male,1992-12-15
E06910,Chakrika,Palla,Male,1989-09-25
E06911,Lohit,Rattan,Male,1975-11-24
E06912,Krisha,Rout,Male,1998-12-15
E06913,Alexander,Lata,Male,1982-10-13
E06914,Hritik,Vohra,Female,1974-08-20
E06915,Balvan,Dhar,Male,1989-03-21
E06916,Sathvik,Yogi,Male,1978-02-17
E06917,Ayush,Ramanathan,Male,1992-06-24
E06918,Zarna,Tailor,Female,1984-01-26
E06919,Ekiya,Bhardwaj,Male,1981-09-19
E06920,Gautami,Prasad,Male,1989-04-25
E06921,Tarak,Deo,Female,1992-08-15
E06922,Om,Sarraf,Female,1977-05-14
E06923,Ekbal,Sarma,Male,1995-09-24
E06924,Raagini,Raju,Male,1986-04-20
E06925,Harsh,Raghavan,Male,1981-06-13
E06926,Forum,Andra,Female,1972-03-11
E06927,Aadhya,Toor,Male,1994-10-24
E06928,Faras,Behl,Female,1975-05-17
E06929,Janaki,Raman,Male,1983-07-17
E06930,Krisha,Bawa,Female,2000-03-15
E06931,Vansha,Swaminathan,Male,1988-02-15
E06932,Reyansh,Badal,Female,1981-10-20
E06933,Mohammed,Sekhon,Female,1985-06-02
E06934,Girindra,Balay,Male,1987-05-29
E06935,Lekha,Rai,Male,1966-07-26
E06936,Vihaan,Barad,Male,1969-08-29
E06937,Tanay,Kala,Female,1987-05-29
E06938,Kritika,Dhar,Female,1978-12-26
E06939,Triya,Choudhury,Female,1994-02-22
E06940,Vrishti,Sur,Female,1986-10-05
E06941,Harini,Chaudhari,Female,1981-01-31
E06942,Anirudh,Kale,Female,1985-10-23
E06943,Aachal,Sule,Female,1984-04-17
E06944,Pranav,Barad,Male,1981-05-28
E06945,Brinda,Murty,Male,1988-05-28
E06946,Warda,Anand,Female,1987-04-24
E06947,Abhiram,Tandon,Male,2002-05-15
E06948,Jackson,Bali,Male,1990-10-19
E06949,Ishita,Sur,Male,1981-06-24
E06950,Zansi,Samra,Female,1985-02-13
E06951,Balvan,Venkatesh,Male,1983-11-28
E06952,Warinder,Dey,Female,1986-11-02
E06953,Omaja,Virk,Male,1997-01-29
E06954,Samarth,Oza,Male,1976-12-16
E06955,Isaac,Kulkarni,Female,1978-11-05
E06956,Zilmil,Din,Female,1984-05-29
E06957,Pahal,Sharma,Female,1976-03-05
E06958,Saumya,Varghese,Male,1988-08-05
E06959,Darpan,Sarkar,Female,1968-03-16
E06960,Ubika,Contractor,Female,1998-11-14
E06961,Sai,Prabhu,Male,1998-08-01
E06962,Lajita,Dar,Male,1989-10-16
E06963,Nitesh,Babu,Male,1980-05-21
E06964,Garima,Dutt,Female,1976-05-11
E06965,Dayamai,Narasimhan,Female,1987-02-25
E06966,Gautami,Contractor,Male,1989-04-09
E06967,Qushi,Uppal,Male,1980-10-21
E06968,Anika,Bhat,Female,1973-11-16
E06969,Chatura,Krishnan,Female,1986-10-07
E06970,Jason,Mann,Female,1990-03-26
E06971,Udant,Ravel,Male,1989-05-21
E06972,Vritti,Savant,Female,1982-11-14
E06973,Jagvi,Tara,Male,1995-10-06
E06974,Omya,Sur,Male,1983-12-18
E06975,David,Peri,Male,1973-01-05
E06976,Dayamai,Bansal,Male,1995-09-23
E06977,Isha,Chanda,Female,1976-05-09
E06978,Rohan,Patil,Female,1982-04-25
E06979,Ayaan,Jain,Female,1964-11-04
E06980,Ishwar,Bains,Female,1979-10-12
E06981,Nitara,Rout,Male,1975-01-09
E06982,Zarna,Mistry,Female,1986-03-08
E06983,Nidra,Koshy,Male,1983-07-16
E06984,Wakeeta,Sathe,Male,1977-03-04
E06985,Libni,Das,Female,1976-06-10
E06986,Aarini,Kadakia,Male,1975-02-27
E06987,Chavvi,Dhar,Male,1976-12-14
E06988,Peter,Gopal,Female,1970-09-11
E06989,Madhav,Wason,Male,1994-09-08
E06990,Osha,Desai,Female,1992-07-14
E06991,Christopher,Narula,Female,1966-05-27
E06992,Janani,Bedi,Male,1984-02-28
E06993,Yahvi,Borra,Male,1972-06-04
E06994,Harsh,Mistry,Female,1982-10-03
E06995,Vincent,Bhandari,Male,1984-12-07
E06996,Nisha,Lanka,Male,2000-08-19
E06997,Vihaan,Sodhi,Female,1988-06-04
E06998,Amruta,Sama,Male,1998-01-03
E06999,Krisha,Manda,Male,1970-08-12
E07000,Barkha,Sarma,Female,1983-12-06
E07001,Sanaya,Lad,Male,1978-02-09
E07002,Gautam,Chad,Male,1987-06-24
E07003,Harish,Raval,Male,1978-04-21
E07004,Bakhshi,Sharaf,Male,1982-08-07
E07005,Darsh,Soni,Female,1995-02-25
E07006,Neel,Tata,Male,1976-09-10
E07007,Pavani,Pau,Male,1991-06-15
E07008,Utkarsh,Char,Male,1973-10-26
E07009,Tanish,Atwal,Female,2000-04-07
E07010,Jyoti,Kohli,Male,1997-04-10
E07011,Chaitaly,Ben,Male,1994-10-08
E07012,Rayaan,Balay,Female,1970-01-08
E07013,Rachita,Raval,Male,1985-06-30
E07014,Chakradev,Mand,Female,1985-10-06
E07015,Garima,Dasgupta,Female,1988-01-12
E07016,Nathan,Bala,Male,2001-04-23
E07017,Amrita,Subramaniam,Male,1974-07-16
E07018,Damini,Sahni,Female,1974-01-24
E07019,Ria,Khatri,Male,1996-03-19
E07020,Yatan,Garde,Male,1998-02-22
E07021,Bishakha,Nayar,Female,1978-08-20
E07022,Finn,Patla,Female,1986-01-31
E07023,Upkaar,Varkey,Female,1972-09-24
E07024,Hardik,Sekhon,Male,1974-08-18
E07025,Simon,Pall,Female,1987-07-10
E07026,Udant,Nazareth,Male,1994-12-10
E07027,Dalaja,Butala,Male,1976-09-17
E07028,Bhavani,Raju,Male,1976-12-01
E07029,Harita,Sem,Male,1978-05-06
E07030,Oliver,Chakraborty,Female,1982-03-12
E07031,David,Sodhi,Male,1992-03-27
E07032,Balendra,Bhatti,Female,1988-10-03
E07033,Chakradev,Gara,Male,1965-12-09
E07034,Aadhya,Grewal,Male,1970-06-13
E07035,Noah,Saraf,Female,1992-07-17
E07036,Ganga,Bhavsar,Male,1969-01-26
E07037,Xiti,Mani,Male,1993-12-24
E07038,Chakradhar,Dutta,Male,1990-01-14
E07039,Chakrika,Pathak,Male,1980-12-25
E07040,Zansi,Anne,Female,1991-01-22
E07041,Aarav,Dhingra,Male,1980-10-29
E07042,Widisha,Srinivas,Male,1992-01-15
E07043,Wridesh,Pandit,Male,1992-12-27
E07044,Henry,Amble,Male,1981-06-14
E07045,Manya,Nanda,Male,1992-12-19
E07046,Andrew,Mammen,Female,1987-08-25
E07047,Ranbir,Srivastava,Female,1979-12-17
E07048,Chanchal,Naik,Female,1994-06-01
E07049,Ishwar,Basu,Male,1986-08-26
E07050,Waida,Buch,Female,1987-07-14
E07051,Abdul,Kalita,Male,1987-10-21
E07052,Shivansh,Palla,Female,1984-09-13
E07053,Yasti,Yogi,Male,1981-12-04
E07054,Chatresh,Naidu,Male,1994-09-18
E07055,Mahika,Chander,Female,1990-11-30
E07056,Neha,Gupta,Male,1992-11-03
E07057,Hitesh,Bora,Male,1987-05-30
E07058,Liam,Patla,Male,1986-10-02
E07059,Harrison,Zachariah,Male,1983-07-21
E07060,Rachit,Ratti,Male,1987-05-01
E07061,Praneel,Buch,Male,1965-04-07
E07062,Peter,Sandal,Male,1967-06-10
E07063,Ekani,Rajagopal,Female,1981-08-13
E07064,Harita,Choudhury,Male,1978-07-08
E07065,Ijaya,More,Male,1984-04-24
E07066,Widisha,Pandit,Female,1981-05-21
E07067,Vrinda,Sunder,Male,1993-08-31
E07068,Reva,Setty,Female,1978-07-22
E07069,Ojasvi,Rattan,Female,1983-04-15
E07070,Varenya,Ratta,Male,1968-07-26
E07071,Kabir,Madan,Male,1978-11-11
E07072,Barkha,Kashyap,Male,1987-10-20
E07073,Barkha,Rout,Male,1991-08-12
E07074,Wridesh,Gour,Male,1990-07-17
E07075,Suhani,Loke,Female,1971-10-18
E07076,Ucchal,Salvi,Male,1978-07-05
E07077,Rachit,Lata,Female,1989-04-09
E07078,Girik,Gera,Female,1965-11-25
E07079,Atharv,Dhaliwal,Female,1986-10-06
E07080,Ekalinga,Choudhry,Male,1984-10-06
E07081,Lakshmi,Nori,Male,1981-04-27
E07082,Nicholas,Sule,Female,1975-04-05
E07083,Lekha,Kalla,Female,1979-07-22
E07084,Andrew,Kumer,Female,1982-07-19
E07085,Urvi,Muni,Female,1965-08-21
E07086,Nidhi,Handa,Male,1974-06-02
E07087,Daksh,Bedi,Male,1981-10-08
E07088,Frederick,Mistry,Female,1982-03-04
E07089,Wakeeta,Samra,Male,1995-05-07
E07090,Warjas,Prabhu,Male,1975-06-26
E07091,Siddharth,Panchal,Male,1994-05-27
E07092,Gauri,Ravel,Female,1985-08-13
E07093,Faris,Mohan,Female,1993-09-30
E07094,Abeer,Pal,Female,1987-08-17
E07095,Umang,Rege,Female,1971-12-08
E07096,Faqid,Kota,Female,1972-03-06
E07097,Aryan,Bhattacharyya,Male,1973-04-13
E07098,Irya,Ramesh,Male,1990-01-13
E07099,Jyoti,Kurian,Female,1979-03-28
E07100,Kevin,Sur,Female,1987-01-07
E07101,Ronith,Bhavsar,Male,1983-02-05
E07102,Manya,Das,Female,1969-12-28
E07103,Dev,Singhal,Male,1977-04-17
E07104,Rishi,Atwal,Female,1967-11-21
E07105,Chanchal,Suresh,Female,1973-10-22
E07106,Ijaya,Nair,Male,1979-09-23
E07107,Wyatt,Seshadri,Male,1976-10-25
E07108,Tanay,Kashyap,Male,1994-07-25
E07109,Raksha,Bora,Female,1971-11-17
E07110,Shivansh,Peri,Male,1983-08-17
E07111,Aadi,Murthy,Male,1989-05-13
E07112,Owen,Bandi,Male,1969-08-07
E07113,Nandini,Barman,Male,1977-10-29
E07114,Lavanya,Doshi,Female,1997-10-05
E07115,Krisha,Krish,Female,1982-04-28
E07116,Falguni,Kari,Male,1984-06-14
E07117,Imaran,Lall,Female,1984-06-26
E07118,Utkarsh,Ben,Female,1990-07-14
E07119,Sara,Pau,Male,1995-05-16
E07120,Hritik,Jhaveri,Female,1980-01-28
E07121,Yug,Ray,Male,2000-03-26
E07122,Jai,Mishra,Female,1986-02-16
E07123,Radha,Dhingra,Male,1992-11-20
E07124,Janani,Badal,Male,1976-01-28
E07125,Ishwar,Palla,Male,1979-11-09
E07126,Tamanna,Pal,Male,1969-06-30
E07127,Jagvi,Lata,Male,1980-07-04
E07128,Pranit,Khatri,Female,1996-01-20
E07129,Anirudh,Khanna,Female,1975-02-28
E07130,Ekiya,Dhingra,Female,1998-01-17
E07131,Omisha,Khatri,Male,1990-02-05
E07132,Dhriti,Gokhale,Female,1990-05-29
E07133,Viraj,Shroff,Female,1975-08-27
E07134,Keya,Sachdev,Female,1970-05-28
E07135,Charita,Ghosh,Male,1993-06-17
E07136,Balendra,Natarajan,Female,1978-01-21
E07137,Rehaan,Sankaran,Male,1998-09-24
E07138,Girik,Parmer,Female,1988-06-16
E07139,Siya,Ghose,Male,1999-05-09
E07140,Jagrati,Lalla,Male,1979-11-12
E07141,Gaurav,Setty,Female,1960-05-20
E07142,Warda,Sahni,Female,1985-01-20
E07143,Benjamin,Jha,Female,2000-01-05
E07144,Fiyaz,Batra,Female,1997-08-25
E07145,Logan,Chand,Female,1986-07-22
E07146,Jagvi,Narula,Male,1971-01-17
E07147,Maanas,Nayak,Male,1986-08-13
E07148,Watika,Kamdar,Male,1993-10-07
E07149,Gunbir,Varkey,Male,1984-05-14
E07150,Peter,Murty,Male,1996-10-07
E07151,Elijah,Kunda,Male,1980-12-23
E07152,Fitan,Banerjee,Female,1980-12-29
E07153,Amol,Bhattacharyya,Female,1974-04-28
E07154,Damyanti,Handa,Female,1987-10-06
E07155,Falan,Om,Male,1979-06-10
E07156,Gautam,Kothari,Male,1978-02-24
E07157,Rohan,Dass,Male,1990-04-09
E07158,Saanvi,Nagi,Female,1991-10-30
E07159,Geetika,Rana,Female,1984-04-20
E07160,Chaman,Thakur,Male,1984-01-07
E07161,Qasim,Saraf,Female,1974-07-24
E07162,Elijah,Narayan,Male,1993-04-10
E07163,Isaac,Varty,Female,1980-04-09
E07164,Ethan,Dutt,Male,1989-08-03
E07165,Robert,Dalal,Male,1988-08-31
E07166,Vedika,Varma,Female,1981-04-11
E07167,Ansh,Sarkar,Male,1985-07-12
E07168,Gaurang,Taneja,Female,1982-06-22
E07169,Fiyaz,Pall,Male,1987-08-30
E07170,Oliver,Kamdar,Female,1990-12-16
E07171,Bahadurjit,Mukhopadhyay,Male,1984-09-17
E07172,Chandani,Thakkar,Female,1994-12-10
E07173,William,Chowdhury,Male,1993-04-09
E07174,Aishani,Mandal,Male,1995-12-15
E07175,Rajeshri,Varughese,Female,1978-04-29
E07176,Ishanvi,Hayer,Female,1982-03-27
E07177,Zinal,Balay,Female,1994-08-25
E07178,Akshay,Bath,Male,1985-11-29
E07179,Amrita,Vora,Female,1981-11-28
E07180,Mekhala,Chana,Male,1997-01-19
E07181,Hemang,Karpe,Male,1999-04-14
E07182,Harini,Chaudhari,Male,1982-09-24
E07183,Pranav,Bal,Male,1987-08-09
E07184,Faras,Dash,Female,1976-08-13
E07185,Jacob,Muni,Male,1991-11-06
E07186,Hitesh,Hegde,Male,1992-08-19
E07187,Sara,Deep,Female,1976-05-06
E07188,Timothy,Sandal,Female,1986-07-13
E07189,Jack,Mohan,Male,1984-01-08
E07190,Amruta,Chakrabarti,Male,1995-09-20
E07191,Chakradhar,Raja,Male,1974-10-20
E07192,Timothy,Natarajan,Female,1975-10-08
E07193,Yashodhara,Puri,Male,1983-03-01
E07194,Vinaya,Vora,Female,1973-06-19
E07195,Alexander,Wali,Female,1979-02-19
E07196,Chandran,Aggarwal,Female,1983-05-28
E07197,Zayyan,Ravel,Male,1979-04-02
E07198,Jasmit,Bhat,Male,1974-12-08
E07199,Logan,Bhattacharyya,Male,1978-07-20
E07200,Ishita,Brar,Male,1980-01-07
E07201,George,Barman,Male,1997-03-18
E07202,Anusha,Dutt,Female,1980-07-28
E07203,Sarthak,Mohan,Male,1980-11-07
E07204,Yatan,Narasimhan,Male,1991-02-06
E07205,Qarin,Chanda,Male,1977-02-21
E07206,Rishi,Bhandari,Female,1980-02-03
E07207,Vrishti,Badami,Male,1960-04-16
E07208,Nimrat,Mane,Female,1978-12-18
E07209,Balveer,Kanda,Male,1982-01-12
E07210,Yoshita,Ghosh,Male,1977-11-14
E07211,Chaman,Palan,Male,1984-09-24
E07212,Viraj,Kamdar,Female,1983-04-06
E07213,Vasatika,Nori,Male,1988-03-23
E07214,Vyanjana,Deshpande,Male,1985-04-17
E07215,Arjun,Dash,Male,1977-08-16
E07216,Xalak,Vig,Male,1972-06-01
E07217,Harshil,Modi,Female,1987-04-20
E07218,Arunima,Pal,Male,1970-10-22
E07219,Tejas,Rajan,Male,1991-02-28
E07220,Siya,Golla,Female,2000-07-25
E07221,Abha,Thaman,Female,1983-10-27
E07222,Tanvi,Varughese,Male,1981-04-26
E07223,Yashodhara,Bhattacharyya,Male,1996-10-20
E07224,Reyansh,Pingle,Female,1984-05-24
E07225,Yashodhara,Jaggi,Female,1976-01-12
E07226,Eiravati,Sachdeva,Female,1965-08-24
E07227,Umang,Kant,Male,1982-10-08
E07228,Shivani,Raghavan,Male,1999-10-13
E07229,Neelima,Loyal,Male,1983-04-26
E07230,Theodore,Deshmukh,Female,1990-07-24
E07231,Oviya,Basak,Male,1983-09-03
E07232,Samaksh,Sabharwal,Male,1973-11-08
E07233,Megha,Dyal,Female,1983-11-14
E07234,Ethan,Din,Female,1985-04-06
E07235,Dalbir,Sundaram,Male,1986-02-11
E07236,Riya,Vasa,Male,1968-09-22
E07237,Timothy,Sarkar,Female,1987-11-20
E07238,Dayamai,Vaidya,Male,1988-07-18
E07239,Edhitha,Sarkar,Male,1977-05-21
E07240,Manya,Nazareth,Male,1990-11-27
E07241,Bhavika,Date,Male,1994-03-11
E07242,Meghana,Shetty,Male,1992-04-07
E07243,Theodore,Choudhary,Female,1991-11-23
E07244,George,Chauhan,Male,1989-09-28
E07245,Turvi,Rajagopal,Male,1982-06-22
E07246,Vasudha,Agrawal,Male,1984-07-10
E07247,Yamini,Sachdeva,Male,1989-12-23
E07248,Anay,Bath,Female,1993-06-27
E07249,Baljiwan,Rana,Female,1987-03-16
E07250,Farhan,Mander,Female,2000-08-04
E07251,Faqid,Sen,Female,1983-12-16
E07252,Zashil,Dutta,Male,1980-12-29
E07253,Mohammed,Bora,Male,1971-12-02
E07254,Hemang,Kurian,Male,1980-07-19
E07255,Ishwar,Dara,Female,1985-12-08
E07256,Lajita,Mane,Male,1991-10-06
E07257,Hemangini,Dass,Male,1980-09-30
E07258,Warjas,Padmanabhan,Female,1993-04-02
E07259,Nicholas,Raman,Female,1969-12-08
E07260,Devika,Sabharwal,Female,1986-05-29
E07261,Praneel,Jaggi,Female,1983-02-28
E07262,Kabir,Chaudhary,Male,1984-08-11
E07263,Anay,Gill,Female,1969-02-14
E07264,Ekavir,Badal,Female,1992-06-28
E07265,Wyatt,Bir,Female,1986-10-31
E07266,Aashi,Jaggi,Female,1982-01-31
E07267,Harita,Choudhury,Male,1973-09-10
E07268,Mohammed,Gara,Male,1984-01-31
E07269,Pavani,Sandhu,Female,1979-04-30
E07270,Owen,Kumer,Female,1995-07-06
E07271,Nidra,Wable,Male,1980-12-07
E07272,Vansha,Dash,Female,1999-03-01
E07273,Ridhi,Hari,Female,1979-03-10
E07274,Tristan,Chahal,Female,1991-05-03
E07275,Gaurav,Natt,Female,1969-11-27
E07276,Mason,Shenoy,Female,1992-09-02
E07277,Dominic,Loke,Female,1965-12-16
E07278,Kashish,Narayanan,Male,1974-03-26
E07279,Harsh,Bhatnagar,Male,1979-10-12
E07280,Ijaya,Nayak,Male,1975-10-30
E07281,Chakradhar,Dewan,Male,1985-07-24
E07282,Panini,Kaur,Male,1974-01-10
E07283,Logan,Ram,Male,1992-08-31
E07284,Dayita,Contractor,Female,1964-08-14
E07285,Nitesh,Nagarajan,Female,1989-10-19
E07286,Vidhi,Ghose,Female,1984-01-06
E07287,Sara,Nair,Female,1996-11-07
E07288,Jack,Arora,Female,2000-05-12
E07289,Manan,Ravel,Female,1986-05-31
E07290,Oliver,Panchal,Male,1993-07-02
E07291,Advik,Pandit,Female,1990-11-19
E07292,Nitesh,Mandal,Male,1970-10-25
E07293,Qarin,Srivastava,Female,1995-01-22
E07294,Panini,Suresh,Female,1981-11-06
E07295,Pahal,Yogi,Female,1987-04-30
E07296,Dayita,Wadhwa,Male,1986-08-11
E07297,Garima,Muni,Female,1984-10-18
E07298,Samar,Krishna,Female,1981-09-26
E07299,Nakul,Chopra,Female,1996-09-06
E07300,Bhavika,Gade,Male,1961-03-27
E07301,Noah,Kade,Male,1990-05-07
E07302,Raksha,Wali,Male,1990-05-17
E07303,Chandran,Goyal,Male,1980-02-13
E07304,Rushil,Shukla,Female,1967-05-28
E07305,Riya,Sheth,Male,1978-11-02
E07306,Chaman,Sunder,Female,1991-02-15
E07307,Omaja,Choudhury,Male,1971-03-04
E07308,Ayaan,Sawhney,Male,1979-12-17
E07309,Rishi,Din,Male,1963-11-07
E07310,Frado,Sabharwal,Female,1986-05-02
E07311,Faras,Khalsa,Female,1981-09-29
E07312,Praneel,Narasimhan,Female,1999-03-30
E07313,Faras,Saini,Female,1978-10-05
E07314,Damini,Raghavan,Male,2000-11-10
E07315,Chandresh,Din,Female,1994-03-07
E07316,Dayita,Raman,Female,1996-11-10
E07317,Neha,Lall,Male,1977-11-20
E07318,Jeremiah,Brar,Female,1978-06-25
E07319,Osha,Sagar,Female,1977-05-30
E07320,Ladli,Rai,Female,1988-07-19
E07321,Triya,Krishna,Female,1988-04-22
E07322,Ronith,Sidhu,Female,1995-09-25
E07323,Zilmil,Apte,Male,1979-06-06
E07324,Teerth,Yohannan,Male,1986-01-12
E07325,Jhalak,Baral,Male,1986-12-13
E07326,Xalak,Sant,Female,1995-02-09
E07327,Janya,Wable,Male,1986-05-18
E07328,Parth,Dayal,Female,1975-07-18
E07329,Barkha,Nair,Male,1983-07-15
E07330,Hemal,Mital,Female,1984-12-10
E07331,Advaith,Khare,Male,1985-07-30
E07332,Nathaniel,Behl,Female,1983-11-08
E07333,Nidhi,Wason,Male,1976-03-19
E07334,Girish,Yadav,Female,1978-06-20
E07335,Darika,Puri,Female,1994-04-06
E07336,Divya,Oommen,Male,1972-07-14
E07337,George,Kade,Male,1989-01-18
E07338,Orinder,Wagle,Female,1989-03-14
E07339,Riya,Basak,Female,1992-10-05
E07340,Mekhala,Borde,Male,1988-11-23
E07341,Yashoda,Bala,Female,1985-12-26
E07342,Warinder,Chatterjee,Male,1974-09-11
E07343,Onveer,Din,Male,1990-11-28
E07344,Gayathri,Soni,Male,1983-03-30
E07345,Nidra,Kohli,Male,1976-11-02
E07346,Chakradev,Swaminathan,Female,1975-09-26
E07347,Gaurav,Mannan,Male,1992-05-20
E07348,Neelima,Pandit,Female,1987-06-29
E07349,Damini,Dutta,Female,1986-03-30
E07350,Charvi,Malhotra,Male,1991-01-26
E07351,Vedhika,Toor,Female,1979-07-21
E07352,Keya,Buch,Male,1981-05-21
E07353,Chandani,Chopra,Male,1981-10-30
E07354,Chasmum,Dhillon,Female,1993-06-16
E07355,Geetika,Vala,Male,1969-01-18
E07356,Gauri,Verma,Female,1986-10-13
E07357,Bina,Iyer,Female,1983-05-29
E07358,Anirudh,Warrior,Male,1988-07-31
E07359,Shivansh,Biswas,Male,1990-10-02
E07360,Wahab,Patel,Male,1972-04-21
E07361,Nikita,Sant,Male,1987-10-14
E07362,Victor,Ravi,Female,1977-03-22
E07363,Praneel,Sule,Male,1981-01-25
E07364,Ekanta,Mand,Male,1993-10-31
E07365,Bachittar,Datta,Female,1981-02-06
E07366,Bishakha,Bumb,Female,1981-10-20
E07367,Champak,Sem,Female,1995-11-11
E07368,Tara,Narain,Female,1983-11-12
E07369,Tara,Chaudhari,Female,1991-11-21
E07370,Chasmum,Banik,Male,1967-12-28
E07371,Urishilla,Biswas,Male,1993-05-14
E07372,Chaman,Gopal,Male,1973-08-01
E07373,Samar,Behl,Male,1981-05-06
E07374,Rachita,Shan,Male,1989-12-27
E07375,Upkaar,Chandra,Female,1971-08-17
E07376,Eiravati,Padmanabhan,Male,1984-09-12
E07377,Bishakha,Hayre,Female,1979-11-11
E07378,Nidra,Divan,Male,1977-02-23
E07379,Darika,Raval,Female,1990-09-08
E07380,Hemal,Bassi,Female,1996-01-18
E07381,Chakradev,Mishra,Male,1973-01-06
E07382,Maya,Parikh,Male,1975-04-01
E07383,Gaurangi,Karpe,Male,1996-10-07
E07384,Rishi,Grewal,Female,1980-04-20
E07385,Baghyawati,Chhabra,Female,1980-10-29
E07386,Faqid,Anne,Female,1994-03-13
E07387,Joshua,Banik,Female,1979-09-16
E07388,Yash,Venkataraman,Male,1977-05-15
E07389,Max,Samra,Male,1986-07-16
E07390,Ayaan,Bala,Female,1984-05-23
E07391,Anmol,Balasubramanian,Female,1989-12-27
E07392,Azaan,Mahajan,Male,1982-05-11
E07393,Ekbal,Saran,Female,1982-06-05
E07394,Hemang,Hari,Male,1972-05-03
E07395,Brijesh,Batra,Male,1969-10-08
E07396,Onveer,Nanda,Female,1971-02-11
E07397,Gaurika,Tata,Male,1967-05-17
E07398,Rudra,Bandi,Male,1972-10-28
E07399,Arya,Narang,Female,1974-08-15
E07400,Oscar,Bandi,Female,1996-10-31
E07401,Vihaan,Palan,Female,1974-04-24
E07402,Udarsh,Pradhan,Male,1997-12-29
E07403,Chasmum,Dixit,Female,1982-11-18
E07404,Reyansh,Yadav,Male,1991-01-03
E07405,Rachita,Mannan,Male,1979-10-26
E07406,Ethan,Din,Male,1984-05-20
E07407,Zashil,Sodhi,Female,1988-12-20
E07408,Fiyaz,Divan,Female,1993-11-24
E07409,Vedant,Loyal,Male,1988-12-08
E07410,Jatin,Dada,Female,1993-07-16
E07411,Nathan,Raman,Female,1984-11-17
E07412,Vedika,Lad,Male,1998-11-12
E07413,Lajita,Gour,Male,1977-06-26
E07414,Jhalak,Rao,Female,1965-04-04
E07415,Harrison,Sahni,Male,1985-06-10
E07416,Varenya,Om,Male,1988-08-24
E07417,Ranbir,Biswas,Male,1976-05-29
E07418,Aryan,Suri,Male,1997-03-03
E07419,Avi,Balan,Male,1983-11-21
E07420,Zinal,Radhakrishnan,Female,1982-12-26
E07421,Barkha,Halder,Male,1974-06-22
E07422,Lopa,Kara,Male,1988-05-24
E07423,Arjun,Batta,Female,1975-08-14
E07424,Ishwar,Batra,Female,1982-12-29
E07425,Yochana,Chauhan,Male,1988-06-14
E07426,Ojas,Om,Male,1992-09-01
E07427,Omya,Pandya,Male,1997-08-04
E07428,Ekalinga,Viswanathan,Male,1997-04-11
E07429,Jacob,Mandal,Male,1998-05-23
E07430,Dominic,Chad,Male,1990-10-28
E07431,Samuel,Mammen,Male,1986-10-19
E07432,Champak,Date,Male,1972-04-09
E07433,Hemal,Dhawan,Male,1977-07-01
E07434,Ojasvi,Ganguly,Male,1994-06-12
E07435,Wishi,Balasubramanian,Male,2000-04-14
E07436,Michael,Singh,Female,1995-06-23
E07437,Tristan,Vala,Female,1974-03-30
E07438,Lakshit,Jani,Male,1993-08-03
E07439,Harini,Sha,Female,1990-10-14
E07440,Manthan,Bakshi,Female,1977-07-10
E07441,Darsh,Kadakia,Male,1992-04-23
E07442,Gabriel,Mall,Female,1981-07-25
E07443,Sai,Lanka,Female,1988-05-17
E07444,Vedhika,Sundaram,Female,1995-05-03
E07445,Chatura,Naidu,Female,1975-12-21
E07446,Jagvi,Bansal,Male,1991-08-14
E07447,Idika,Brahmbhatt,Male,1978-01-19
E07448,Ranveer,Ganesan,Female,1961-02-18
E07449,Dalbir,Raghavan,Male,1977-12-18
E07450,Zaitra,Nazareth,Female,1981-08-28
E07451,Balvan,Jaggi,Male,1984-09-11
E07452,Gaurav,Varkey,Male,1968-08-11
E07453,Akshay,Deol,Male,1990-10-03
E07454,Ladli,D’Alia,Male,1994-07-19
E07455,Gautami,Uppal,Male,1992-09-22
E07456,Anika,Mall,Male,1982-11-25
E07457,Tanay,Vora,Female,2001-04-30
E07458,George,Das,Male,1994-06-06
E07459,Kamya,Dasgupta,Female,1978-06-23
E07460,Nachiket,Shetty,Female,1980-03-17
E07461,Max,Karnik,Male,1992-05-22
E07462,Karan,Chaudhry,Female,1979-05-27
E07463,Damyanti,Rattan,Male,1979-06-05
E07464,Unnati,Pandey,Male,1988-10-06
E07465,Chasmum,Chada,Female,1983-11-25
E07466,Victor,Dara,Male,1992-03-04
E07467,Praneel,Kapadia,Female,1987-05-29
E07468,Yashica,Minhas,Male,1994-09-04
E07469,Patrick,Gara,Male,1971-11-27
E07470,Harshil,Sarma,Female,1989-12-02
E07471,Lekha,Shankar,Male,1993-03-31
E07472,Aishani,Ghose,Male,1996-11-17
E07473,Amruta,Yohannan,Female,1991-07-01
E07474,Harita,Saxena,Male,1985-08-02
E07475,Madhav,Vaidya,Female,1984-12-10
E07476,Rajata,Borah,Female,1988-12-20
E07477,Vasudha,Dutta,Female,1972-06-08
E07478,Saksham,Suresh,Male,1990-08-25
E07479,Oscar,Sama,Female,1992-04-30
E07480,Yutika,Bains,Female,1975-07-08
E07481,Faraj,Sama,Male,1981-12-05
E07482,Faqid,Manne,Male,1982-07-18
E07483,Aachal,Kalla,Male,1988-07-07
E07484,Ria,Dhillon,Male,1996-02-10
E07485,Mugdha,Puri,Female,1987-01-15
E07486,Tanish,Nath,Male,1984-04-10
E07487,Mohini,Badami,Female,1977-11-02
E07488,Harish,Krishnamurthy,Male,1991-11-13
E07489,Abdul,Bumb,Male,1988-09-19
E07490,Hemangini,Iyer,Female,1986-09-30
E07491,Warjas,Mani,Male,1974-04-11
E07492,Oeshi,Mander,Male,1970-10-04
E07493,Netra,Badal,Male,1980-12-09
E07494,Tripti,Deep,Male,1972-02-29
E07495,Luke,Rai,Male,1994-07-07
E07496,Nikita,Prashad,Male,1994-12-31
E07497,Baljiwan,Bains,Male,1983-09-05
E07498,Jagrati,Thaker,Female,1996-04-18
E07499,Frado,Kapur,Male,1983-12-28
E07500,Vihaan,Virk,Male,1973-05-07
E07501,Bhavya,Hari,Female,1976-01-15
E07502,Ekani,Zacharia,Female,1972-05-29
E07503,Yauvani,Kakar,Male,1987-06-20
E07504,Avi,Talwar,Female,1968-08-30
E07505,Aarav,Bala,Female,1967-12-28
E07506,Mohini,Nanda,Female,1971-03-17
E07507,William,Jha,Female,1994-02-12
E07508,Varenya,Hayre,Female,1970-12-19
E07509,Kamya,Sama,Male,1987-08-31
E07510,Girik,Mall,Female,1982-01-02
E07511,Vanya,Nagi,Male,2000-11-25
E07512,Ishanvi,Dada,Male,1982-09-01
E07513,Falan,Doshi,Male,1992-03-10
E07514,Zayyan,Ramakrishnan,Female,1996-04-19
E07515,Upadhriti,Pal,Male,1974-02-22
E07516,Libni,Viswanathan,Male,1981-08-28
E07517,Urvashi,Lalla,Female,1969-05-18
E07518,Indali,Sahni,Male,1991-03-29
E07519,Gaurang,Nagy,Female,1981-07-12
E07520,Shivani,Basu,Female,1980-02-01
E07521,Samar,Devan,Male,1990-05-14
E07522,Jack,Bava,Female,1974-12-03
E07523,Odika,Verma,Female,1983-09-04
E07524,Yashasvi,Anand,Male,1981-03-10
E07525,Yoshita,Radhakrishnan,Male,1987-05-12
E07526,Alexander,Choudhry,Male,1990-07-16
E07527,Hema,Jha,Male,1978-08-14
E07528,Nilima,Pandya,Male,1992-12-11
E07529,Bachittar,Solanki,Male,1970-05-13
E07530,Girish,Pandit,Male,1994-08-07
E07531,Yashvi,Dhingra,Female,1977-06-09
E07532,Mitali,Mallick,Female,1993-01-03
E07533,Sara,Ben,Male,1978-01-28
E07534,Anika,Mittal,Male,1986-01-10
E07535,Aarini,Agate,Male,1980-08-09
E07536,Isaac,Randhawa,Male,1978-06-05
E07537,Charan,Rao,Female,1983-02-19
E07538,Gaurangi,Dhar,Male,1983-01-03
E07539,Sneha,Contractor,Male,1972-08-30
E07540,Jackson,Goyal,Male,1990-01-02
E07541,Laksh,Kara,Male,1985-10-30
E07542,Quincy,Chandra,Male,1990-03-21
E07543,Harish,Goda,Male,1976-10-13
E07544,Divya,Wali,Female,1983-04-07
E07545,Amol,Cherian,Female,1977-10-12
E07546,Ekbal,Sengupta,Male,1976-05-02
E07547,Aadi,Sharma,Male,1983-08-13
E07548,Falan,Mistry,Male,1994-01-04
E07549,Chaitaly,Khurana,Male,1990-09-08
E07550,Ishwar,Jain,Male,1980-06-19
E07551,Omkaar,Krishnan,Male,1993-03-14
E07552,Imaran,Deep,Male,1999-10-02
E07553,Abhiram,Thaman,Female,1973-12-08
E07554,Yahvi,Salvi,Female,1999-06-01
E07555,Ekalinga,Khanna,Female,1983-12-03
E07556,Gautami,Wali,Female,1979-12-18
E07557,Dayamai,Ramesh,Female,1973-12-29
E07558,Dhriti,Subramanian,Female,1989-05-02
E07559,Wahab,Vohra,Female,1980-04-18
E07560,Amaira,Sahota,Male,1978-12-03
E07561,Zilmil,Balay,Male,1994-02-14
E07562,Leela,Dara,Male,1982-11-23
E07563,Vaishnavi,Sehgal,Male,1983-10-03
E07564,Akshay,Andra,Female,1976-07-14
E07565,Anika,Desai,Male,1994-10-13
E07566,Sarthak,Kata,Female,1974-07-03
E07567,Tanmayi,Basak,Male,1999-07-23
E07568,Mugdha,Rajagopal,Male,1985-11-19
E07569,Parth,Zacharia,Female,1990-03-07
E07570,Ekalinga,Sangha,Female,1982-02-11
E07571,Hemani,Bhasin,Female,1971-09-13
E07572,Harshil,Goyal,Female,1987-06-07
E07573,Balhaar,Shah,Male,1996-05-30
E07574,Urmi,Bhavsar,Female,1986-09-08
E07575,Yauvani,Pau,Male,1988-01-01
E07576,Jagdish,Chakraborty,Male,1998-08-22
E07577,Kashvi,Tella,Female,1991-06-24
E07578,Isaac,Bhat,Male,1972-01-09
E07579,Reyansh,Roy,Male,1982-10-11
E07580,Qasim,Mahajan,Female,1995-11-25
E07581,Victor,Garg,Male,1976-03-19
E07582,Yadavi,Tara,Male,1983-03-06
E07583,Ethan,Raghavan,Female,1995-07-05
E07584,Brijesh,Venkatesh,Female,1980-06-15
E07585,Rohan,Grewal,Male,1978-05-03
E07586,Peter,Bora,Male,1977-11-14
E07587,Elijah,Varma,Male,1988-01-04
E07588,Harrison,Arora,Female,1974-06-24
E07589,Bahadurjit,Nath,Female,1984-04-20
E07590,Manbir,Sarma,Male,1979-08-20
E07591,Isha,Rana,Female,1983-03-22
E07592,Chatura,Vig,Female,1989-12-06
E07593,Vivaan,Pathak,Male,1979-07-12
E07594,Jatin,Balan,Male,1985-12-26
E07595,Raghav,Nori,Male,1994-11-06
E07596,Urishilla,Varma,Female,1977-07-22
E07597,Upasna,Acharya,Male,1993-12-29
E07598,Ekbal,Cherian,Male,1971-09-08
E07599,Ansh,Wagle,Male,1973-06-14
E07600,Aarav,Deshpande,Male,1999-02-16
E07601,Warda,Subramaniam,Male,1977-12-05
E07602,Hardik,Bora,Female,1974-09-30
E07603,Jhalak,Narayanan,Female,1983-05-24
E07604,Ekani,Borra,Female,1976-10-16
E07605,Zansi,Jani,Female,2002-02-14
E07606,Siddharth,Kashyap,Male,1985-05-29
E07607,Anamika,Sen,Male,1983-11-07
E07608,Atharv,Divan,Male,1997-06-02
E07609,Hredhaan,Rai,Male,1986-12-20
E07610,Ekta,Boase,Female,1979-05-11
E07611,Vivaan,Agrawal,Male,1980-02-19
E07612,Udant,Gupta,Male,1971-02-22
E07613,Daksh,Chand,Male,1993-08-10
E07614,Omisha,Bumb,Male,1993-01-19
E07615,Advay,Sen,Female,1989-08-31
E07616,Bina,More,Male,1976-01-02
E07617,Rachit,Hayer,Male,1974-11-12
E07618,Tejas,Lall,Male,1999-12-18
E07619,Idika,Lalla,Male,1980-03-09
E07620,Nisha,Ghose,Female,1972-07-31
E07621,Unnati,Bhakta,Male,1967-01-01
E07622,Priya,Apte,Male,1983-07-25
E07623,Omkaar,Kannan,Male,1982-05-09
E07624,Omaja,Bhagat,Male,1967-11-25
E07625,Prisha,Bhatti,Male,1982-11-13
E07626,Timothy,Ranganathan,Female,1985-05-29
E07627,Gautam,Subramanian,Male,1991-12-12
E07628,Ethan,Dhar,Female,1994-04-29
E07629,Osha,Bahri,Female,1977-08-06
E07630,Varenya,Shankar,Male,1981-06-19
E07631,Omaja,Kaur,Male,1996-04-27
E07632,Ishwar,Bhat,Male,1986-03-26
E07633,Sanaya,Basak,Female,1987-10-05
E07634,Ishani,Bhavsar,Male,1977-09-16
E07635,Azad,Sani,Female,1981-01-20
E07636,Krisha,Shah,Male,1980-09-22
E07637,Timothy,Naidu,Female,1980-04-06
E07638,Ganga,Saxena,Male,1985-05-11
E07639,Jeevika,Dyal,Female,1984-03-22
E07640,Banjeet,Savant,Male,1985-12-06
E07641,Anthony,Sant,Male,1979-12-29
E07642,Siya,Pathak,Female,1982-05-22
E07643,Darsh,Singhal,Male,1979-10-16
E07644,Shivani,Khanna,Female,1992-04-30
E07645,Vyanjana,Badal,Male,1966-05-09
E07646,Udyati,Ghosh,Male,1975-02-13
E07647,Ikshita,Chad,Male,1973-10-02
E07648,Leela,Datta,Female,1984-04-08
E07649,Gayathri,Ghose,Male,1978-12-22
E07650,Tristan,Mander,Female,1986-06-05
E07651,Gauri,Tara,Male,1993-01-15
E07652,Vritti,Bajwa,Female,1982-04-07
E07653,Jagdish,Sawhney,Female,1972-12-04
E07654,Mitesh,Lala,Male,1968-12-23
E07655,Ria,Behl,Male,1980-12-16
E07656,Frederick,Nadkarni,Female,2000-11-13
E07657,Jhalak,Sekhon,Male,1970-05-27
E07658,Shaurya,Sami,Male,1990-11-02
E07659,Faris,Kibe,Male,1989-04-20
E07660,Ranveer,Patla,Male,1977-06-08
E07661,Gaurang,Bhatt,Male,1975-07-27
E07662,Vedant,Parmer,Male,1965-09-27
E07663,Warhi,Borah,Female,1995-12-17
E07664,Isha,Lanka,Female,1978-10-31
E07665,Kashvi,Bahri,Male,1968-02-07
E07666,Arunima,Varghese,Male,1975-06-08
E07667,Anusha,Biswas,Male,1969-10-22
E07668,Pooja,Palan,Female,1983-04-05
E07669,Darsh,Basak,Male,1991-11-19
E07670,Jagdish,Kala,Male,1977-08-16
E07671,Azaan,Garg,Female,1984-08-22
E07672,Aachal,Nair,Female,2001-07-06
E07673,Mitali,Ramanathan,Female,1987-09-29
E07674,Chanchal,Khosla,Female,1976-09-11
E07675,Maanas,Borde,Male,1973-01-28
E07676,Ira,Dayal,Female,1974-03-01
E07677,Hritik,Kar,Male,1976-01-08
E07678,Ethan,Badami,Male,1977-12-15
E07679,Chakradev,Chada,Female,1985-10-28
E07680,Bakhshi,Mammen,Female,1972-09-01
E07681,Nachiket,Khatri,Female,1981-07-15
E07682,Vaishnavi,Prakash,Male,1989-07-24
E07683,Barkha,Bhakta,Male,1995-06-11
E07684,Neha,Bakshi,Male,1979-05-25
E07685,Aarnav,Saraf,Male,1978-06-02
E07686,Arya,Natarajan,Female,1983-05-22
E07687,Saksham,Kapadia,Female,1992-08-19
E07688,Riya,Raghavan,Female,1975-03-20
E07689,Yahvi,Warrior,Male,1982-09-12
E07690,Oeshi,Nori,Male,1977-07-17
E07691,Praneel,Vasa,Male,1978-08-15
E07692,Naveen,Varma,Female,1995-03-02
E07693,Yug,Kanda,Male,1985-07-25
E07694,Qushi,Kade,Male,1970-10-19
E07695,Quincy,Verma,Female,1977-06-21
E07696,Ikshita,Goda,Female,1965-01-06
E07697,Rajeshri,Sanghvi,Female,1990-03-12
E07698,Jeremiah,Upadhyay,Male,1981-07-24
E07699,Jacob,Gulati,Male,1978-06-24
E07700,Veda,Sekhon,Female,1987-04-13
E07701,Ekbal,Buch,Male,1984-12-22
E07702,Jeremiah,Goswami,Female,1989-09-02
E07703,Agastya,Bhat,Male,1979-11-12
E07704,Panini,Master,Male,1993-09-30
E07705,Inaya,Bora,Male,1986-11-02
E07706,Vedhika,Oommen,Female,1981-09-29
E07707,Viraj,Soni,Female,1976-12-23
E07708,Oviya,Morar,Male,1978-06-05
E07709,Pavani,Gokhale,Female,1978-07-27
E07710,Neel,Bumb,Male,1977-09-09
E07711,Ekta,Mander,Male,1988-01-14
E07712,Qasim,Lanka,Female,1983-06-27
E07713,Nikita,Kade,Female,1989-07-23
E07714,Anjali,Saraf,Male,1979-11-08
E07715,Banjeet,Gala,Male,1986-04-27
E07716,Oeshi,Bir,Male,1979-05-18
E07717,Tanish,Hans,Male,1984-09-14
E07718,Pooja,Shere,Female,1986-06-30
E07719,Abdul,Bahl,Male,1978-04-30
E07720,Aayush,Majumdar,Female,1978-07-14
E07721,Tejas,Dutt,Male,1984-06-09
E07722,Tanish,Sodhi,Male,1976-04-14
E07723,Ucchal,Oommen,Female,1983-04-02
E07724,Aayush,Iyengar,Female,1979-01-07
E07725,Nimrat,Chada,Female,1986-01-29
E07726,Dalbir,Maharaj,Male,1985-03-06
E07727,Maanas,Sankar,Male,1990-03-15
E07728,Chaaya,Dey,Male,2000-03-09
E07729,Ayush,Mand,Female,1974-04-08
E07730,Balveer,Bahri,Female,1996-12-19
E07731,Sanaya,Naidu,Female,1996-02-25
E07732,Kiaan,Ben,Female,1991-10-26
E07733,Yoshita,Sachdev,Female,1984-03-15
E07734,Siddharth,Bhasin,Female,1980-01-09
E07735,Yatan,Sarna,Female,1993-06-03
E07736,Nimrat,Seth,Female,1992-04-12
E07737,Gauri,Memon,Male,1984-07-11
E07738,Riya,Sunder,Male,1966-12-16
E07739,Ganga,Choudhary,Male,1989-06-26
E07740,Oeshi,Ganguly,Female,1987-10-19
E07741,Oni,Lala,Female,1981-05-11
E07742,Vamakshi,Kalla,Male,1979-03-06
E07743,Charles,Bains,Male,1974-10-28
E07744,Aarna,Bhatia,Male,1978-06-19
E07745,Siya,Mahajan,Male,1972-07-16
E07746,Warda,Ganesan,Male,1980-07-15
E07747,Krishna,Bandi,Male,1988-09-21
E07748,Matthew,Kaur,Male,1985-09-22
E07749,Girish,Srivastava,Female,1995-03-21
E07750,Aishani,Raman,Male,1989-03-10
E07751,Lavanya,Borah,Female,1984-04-19
E07752,Saumya,Garde,Male,1979-01-09
E07753,Sanaya,Dada,Male,1988-02-16
E07754,Zashil,Kuruvilla,Male,1990-01-02
E07755,Aarna,Mann,Male,1980-08-20
E07756,Abha,Mannan,Male,1979-10-16
E07757,Jason,Arora,Male,1978-10-21
E07758,Lopa,Borah,Female,2001-08-19
E07759,Pushti,Dixit,Female,1967-07-14
E07760,Advik,Ramaswamy,Male,1980-01-15
E07761,Daniel,Apte,Female,1997-04-29
E07762,Janaki,Chand,Male,1994-09-05
E07763,Kashvi,Apte,Male,1965-06-16
E07764,Vaishnavi,Sengupta,Male,1991-08-06
E07765,Ubika,Kalla,Female,1976-06-10
E07766,Laksh,Das,Female,1963-11-21
E07767,Patrick,Dua,Male,1977-01-27
E07768,Yashica,Munshi,Male,2000-01-28
E07769,Chaitanya,Bakshi,Female,1983-03-09
E07770,Qushi,Kar,Male,1987-10-19
E07771,Barkha,Sangha,Female,1974-04-23
E07772,Chameli,Oza,Female,1972-12-13
E07773,Ekiya,Kapur,Female,1984-02-23
E07774,Robert,Bora,Male,1976-04-27
E07775,Jai,Andra,Male,1985-08-04
E07776,Jagdish,Shanker,Male,1984-11-26
E07777,Hemangini,Goel,Male,1963-11-18
E07778,Kevin,Singhal,Male,1994-05-06
E07779,Rishi,Basak,Female,1973-09-11
E07780,Nidhi,Basak,Male,1996-08-13
E07781,Zashil,Bhatt,Female,1995-04-30
E07782,Gautami,Sabharwal,Female,1993-06-02
E07783,Zaitra,Mane,Male,1988-01-30
E07784,Robert,Kaul,Male,1991-12-09
E07785,Tarak,Issac,Female,1985-06-03
E07786,Owen,Sehgal,Female,1988-12-28
E07787,Ekta,Sarraf,Female,2000-11-08
E07788,Nachiket,Basu,Male,1964-04-13
E07789,Wakeeta,Naik,Male,1983-02-03
E07790,Aahana,Amble,Male,1988-02-19
E07791,Chanakya,Dani,Female,1993-10-04
E07792,Vivaan,Garg,Female,1962-03-22
E07793,Qabil,Chadha,Female,1995-05-08
E07794,Jairaj,Sanghvi,Male,1982-05-04
E07795,Tanvi,Rajagopal,Male,2000-03-27
E07796,Dakshesh,Dass,Male,1979-09-10
E07797,Veda,Bail,Female,1975-11-23
E07798,Wishi,Nadkarni,Male,1988-05-31
E07799,Naksh,Oommen,Male,1987-04-21
E07800,Dhriti,Samra,Female,1984-04-22
E07801,Lavanya,Sur,Male,1998-02-25
E07802,Aahana,Pingle,Male,1993-12-25
E07803,Nathan,Walla,Male,1984-07-18
E07804,Mitesh,Chowdhury,Male,1982-04-29
E07805,Girindra,Sant,Male,1972-10-17
E07806,Lekha,Vaidya,Female,1991-03-24
E07807,Ridhi,Deshpande,Male,1995-03-24
E07808,Nathan,Dash,Male,1962-07-26
E07809,Ishaan,Kala,Female,1971-06-13
E07810,Nandini,Dora,Male,1995-11-07
E07811,Netra,Borde,Male,1983-06-12
E07812,Frado,Nadkarni,Male,1975-08-25
E07813,Tanvi,Atwal,Female,1968-08-27
E07814,Radha,Dave,Male,1979-01-01
E07815,Ekavir,Mander,Male,1977-08-04
E07816,Dev,Bose,Male,1991-06-04
E07817,Tamanna,Mahajan,Female,1977-07-18
E07818,Lakshit,Kapur,Female,1972-06-09
E07819,Naksh,Bhardwaj,Female,1990-09-27
E07820,Kritika,Sangha,Male,1991-08-26
E07821,Naveen,Shukla,Female,1978-10-29
E07822,Neelima,Sundaram,Male,1989-08-11
E07823,Christopher,Chada,Male,1993-04-26
E07824,Ganga,Rege,Female,1982-07-08
E07825,Eesha,Sahni,Female,1969-07-30
E07826,Nandini,Nath,Male,1987-05-30
E07827,Lakshmi,Bedi,Male,1980-08-31
E07828,Vrinda,Ranganathan,Female,1975-07-24
E07829,Chandani,Iyer,Female,1977-07-18
E07830,Rachita,Madan,Female,1986-05-12
E07831,Zayyan,Palla,Female,1972-07-10
E07832,Jonathan,Solanki,Male,1980-07-21
E07833,Sara,Bhalla,Female,1988-04-05
E07834,Chatura,Kunda,Female,1982-11-03
E07835,Banjeet,Bedi,Female,1968-04-03
E07836,Ladli,Kala,Female,1970-07-22
E07837,Chaitanya,Khurana,Male,1986-09-05
E07838,Falguni,Deshmukh,Male,1989-04-06
E07839,Leena,Tella,Male,1994-09-02
E07840,Chaitaly,Karnik,Female,1999-08-15
E07841,Triveni,Bhat,Male,1978-10-20
E07842,Baghyawati,Parikh,Female,1987-07-22
E07843,Rishi,Batra,Female,1993-10-20
E07844,Brijesh,Kata,Male,1978-03-03
E07845,Ayush,Cheema,Male,1990-12-04
E07846,Arin,Kothari,Female,1972-10-05
E07847,Anmol,Kapadia,Male,1980-11-13
E07848,Owen,Bera,Male,1983-11-09
E07849,Udant,Varty,Male,1973-09-05
E07850,Yadavi,Dyal,Male,1985-02-26
E07851,Hredhaan,Goyal,Male,1980-02-17
E07852,Om,Reddy,Female,1986-05-05
E07853,Wridesh,Shanker,Female,1987-08-09
E07854,Theodore,Chada,Male,1977-01-15
E07855,Aryan,Raghavan,Female,1970-01-18
E07856,Aahana,Seshadri,Female,1984-05-26
E07857,Dipta,Nagar,Female,1982-08-29
E07858,Matthew,Balan,Female,1990-01-28
E07859,Saanvi,Wadhwa,Female,1988-04-28
E07860,Adweta,Gokhale,Female,1978-12-14
E07861,Anvi,Virk,Female,1999-12-01
E07862,Faris,Khare,Female,1987-08-09
E07863,Gunbir,Narang,Female,1981-06-30
E07864,Xiti,Gandhi,Male,1984-09-14
E07865,Omya,Badal,Female,1990-07-19
E07866,Yashvi,Deshmukh,Female,1990-03-22
E07867,Indali,Shah,Female,1990-05-12
E07868,Vrishti,Prashad,Male,1972-07-09
E07869,Dipta,Bhat,Female,1987-12-25
E07870,Nihal,Mani,Female,1985-06-28
E07871,Christopher,Keer,Male,1969-03-28
E07872,Ishita,Kamdar,Female,1987-12-26
E07873,Jatin,Sastry,Female,1983-07-30
E07874,Darsh,Anand,Female,1979-07-22
E07875,Dalaja,Menon,Male,1993-08-20
E07876,Vinaya,Chatterjee,Female,1977-10-24
E07877,Nakul,Pai,Male,1987-01-01
E07878,Rachana,Bahri,Male,1975-09-12
E07879,Abhiram,Bedi,Female,1988-07-03
E07880,Nitesh,Palla,Male,1978-03-17
E07881,Widisha,Sagar,Male,1987-03-21
E07882,Triveni,Bail,Male,1989-10-11
E07883,Pushti,Ghose,Male,1979-04-29
E07884,Chakrika,Rajan,Female,1986-09-16
E07885,Eta,Sarkar,Female,1981-07-16
E07886,Chavvi,Ram,Male,1983-05-27
E07887,Balvan,Upadhyay,Male,1995-02-18
E07888,Samar,Zachariah,Male,1995-04-29
E07889,Chavvi,Borra,Female,1990-09-09
E07890,Aryan,Kant,Female,1990-11-07
E07891,Amaira,Lalla,Female,1983-10-07
E07892,Sathvik,Rana,Female,1963-08-29
E07893,Oeshi,Sood,Male,1979-09-01
E07894,Bahadurjit,Mitra,Male,1988-09-02
E07895,Aashi,Dara,Female,1984-10-22
E07896,Zinal,Tiwari,Female,1974-10-11
E07897,Tanish,Sem,Female,1993-03-04
E07898,Bhavani,Tank,Male,1980-02-24
E07899,Meera,Zachariah,Female,1983-07-04
E07900,Isaac,Chandran,Male,2002-04-09
E07901,Yashawini,Sabharwal,Female,1986-10-07
E07902,Triveni,Mitter,Female,1965-10-02
E07903,Bhanumati,Rajan,Female,1978-05-01
E07904,Lekha,Devan,Female,1984-04-17
E07905,Agastya,Raghavan,Female,1966-06-17
E07906,Samaksh,Babu,Female,1980-05-07
E07907,Brijesh,Yadav,Male,1981-05-30
E07908,Imaran,Sengupta,Male,1993-05-24
E07909,Onveer,Zachariah,Female,1964-09-18
E07910,Tristan,Merchant,Female,1984-02-05
E07911,Eta,Maharaj,Female,1990-05-02
E07912,Urmi,Grover,Male,1997-10-28
E07913,Rudra,Tandon,Male,1987-03-26
E07914,Ekalinga,Badami,Male,1991-05-09
E07915,Faras,Sarkar,Male,1989-02-17
E07916,Yash,Singhal,Female,1983-03-01
E07917,Janaki,Narang,Male,1997-11-12
E07918,Megha,Thakur,Female,1981-08-09
E07919,Chakrika,Sethi,Female,1993-08-08
E07920,Henry,Bhardwaj,Female,1989-11-11
E07921,Robert,Andra,Female,2000-08-24
E07922,Xalak,Sagar,Female,1989-03-19
E07923,Ayushman,Wason,Male,1972-12-07
E07924,Charan,Sibal,Male,1999-11-24
E07925,Damini,Gaba,Male,1998-01-09
E07926,Nandini,Mannan,Male,1987-03-01
E07927,Aditya,Shah,Female,1981-10-22
E07928,Dev,Bali,Female,1988-10-06
E07929,Isaac,Doctor,Female,1996-05-03
E07930,Pavani,Tandon,Male,1984-02-09
E07931,Damyanti,Kamdar,Male,2000-06-02
E07932,Eesha,Shroff,Male,1971-07-24
E07933,Avi,Rajan,Female,1993-06-08
E07934,Radhika,Vaidya,Female,1966-04-28
E07935,Odika,Chhabra,Female,1991-09-25
E07936,Henry,Shroff,Female,1995-01-08
E07937,Lipika,Dar,Male,1985-11-06
E07938,Ranbir,Lad,Female,1980-01-16
E07939,Frederick,Jaggi,Female,1980-01-26
E07940,Ekanta,Konda,Female,1994-10-27
E07941,Leela,Saran,Male,1994-08-02
E07942,Akshay,Sawhney,Male,1978-09-10
E07943,Lila,Golla,Female,1985-01-20
E07944,Ayushman,Kata,Male,1981-06-25
E07945,Darsh,Chahal,Male,1987-06-24
E07946,Shivansh,Gandhi,Female,1991-01-09
E07947,Om,Banik,Female,1979-09-15
E07948,Triya,Balan,Male,1986-03-31
E07949,Jalsa,Lad,Male,1978-09-12
E07950,Utkarsh,Tata,Male,1984-06-17
E07951,Ira,Ganguly,Female,1986-06-10
E07952,Anvi,Dutt,Male,1998-05-03
E07953,Yashica,Yadav,Male,1982-05-23
E07954,Chatura,Chada,Male,1985-11-01
E07955,Hemangini,Kala,Male,1995-12-22
E07956,Fitan,Vohra,Female,1989-10-05
E07957,Max,Oak,Female,1995-12-22
E07958,Udyati,Vohra,Female,1983-07-23
E07959,Farhan,Johal,Male,1989-11-10
E07960,Nakul,Rastogi,Male,1977-09-28
E07961,Abha,Bhalla,Male,1986-12-11
E07962,Neha,Rau,Male,1984-11-28
E07963,Vasudha,Batta,Male,1985-09-10
E07964,Rajata,Bala,Female,1977-08-24
E07965,Robert,Tripathi,Male,1975-06-26
E07966,Girish,Sangha,Male,1975-10-16
E07967,Ojasvi,Sarna,Male,1987-04-15
E07968,Arjun,Bhatt,Female,1992-09-28
E07969,Jagdish,Venkatesh,Male,1981-08-25
E07970,Panini,Kara,Female,1980-11-14
E07971,Bhavini,Buch,Female,1973-10-28
E07972,Alexander,Handa,Female,1981-02-10
E07973,Ati,Pandit,Female,1981-02-04
E07974,Onkar,Borra,Female,1966-08-21
E07975,Harsh,Tiwari,Male,1982-09-24
E07976,Qushi,Dhaliwal,Female,1997-04-04
E07977,Ranbir,Kaur,Male,1976-09-27
E07978,Nathan,Ramesh,Female,1967-03-20
E07979,Timothy,Vora,Female,1981-04-30
E07980,Imaran,Madan,Male,1993-02-03
E07981,Bahadurjit,Varty,Male,1992-05-07
E07982,Hamsini,Chatterjee,Male,1981-07-31
E07983,Dayamai,Deshmukh,Male,1984-07-27
E07984,Udarsh,Buch,Female,1986-07-03
E07985,Ranbir,Hayer,Male,1989-10-06
E07986,Yashica,Menon,Female,1974-03-19
E07987,Aashi,Date,Male,1981-06-21
E07988,Theodore,Kannan,Female,1987-02-22
E07989,Ekaja,Sangha,Male,1980-10-04
E07990,Eiravati,Borra,Female,1969-01-03
E07991,Meghana,Dixit,Female,1992-03-14
E07992,Aachal,Prasad,Female,1987-01-11
E07993,Nisha,Ranganathan,Male,1979-07-19
E07994,Chandran,Baral,Male,1980-08-06
E07995,Dipta,Mane,Male,1983-10-03
E07996,Hemal,Dubey,Female,1977-06-20
E07997,Onkar,Dhillon,Male,1994-05-15
E07998,Lucky,Peri,Female,1981-07-20
E07999,Ekansh,Mitra,Female,1985-06-02
E08000,Hemang,Nath,Male,1994-09-07
E08001,Faraj,Hegde,Male,2002-10-05
E08002,Odika,Bandi,Female,2000-07-27
E08003,Ira,Natt,Male,1982-05-01
E08004,Sara,Narula,Female,2000-10-08
E08005,Balvan,Sood,Female,1975-08-16
E08006,Omisha,Guha,Male,1978-02-21
E08007,Aishani,Dave,Female,1983-06-28
E08008,Gaurang,Sharma,Female,1999-07-27
E08009,Vrishti,Raja,Male,1979-09-09
E08010,Akshay,Oak,Male,2000-06-23
E08011,Kamya,Mutti,Female,1976-10-16
E08012,Triveni,Krishnamurthy,Female,1984-10-20
E08013,Dhriti,Balasubramanian,Male,1988-11-13
E08014,Ishita,Dhillon,Male,1990-04-01
E08015,Henry,Memon,Female,1991-11-23
E08016,Triya,Kamdar,Male,2001-02-20
E08017,Raghav,Magar,Male,1997-10-30
E08018,Quincy,Goyal,Female,1960-09-18
E08019,Jagrati,Varma,Female,1990-12-10
E08020,Yamini,Bala,Female,1974-06-24
E08021,Janani,Edwin,Female,1987-01-07
E08022,Yasti,Varma,Female,2000-07-08
E08023,Krishna,Chakraborty,Female,1978-01-11
E08024,Patrick,Subramanian,Male,1968-02-11
E08025,Aarini,Venkataraman,Female,2002-07-20
E08026,Watika,Rattan,Male,1984-08-16
E08027,Noah,Bahri,Male,1978-07-04
E08028,Diya,Goswami,Female,1980-05-04
E08029,Aradhana,Warrior,Male,1982-05-23
E08030,Kabir,Behl,Male,1986-10-07
E08031,Krish,Dhingra,Female,1976-12-11
E08032,Vedhika,Sidhu,Female,1976-06-21
E08033,Yashawini,Gara,Female,1976-03-03
E08034,Kai,Roy,Female,1988-06-05
E08035,Charita,Kalita,Male,1976-06-19
E08036,Dipta,Khalsa,Female,1988-09-06
E08037,Urmi,Halder,Female,1994-08-29
E08038,Divya,Palla,Female,1976-09-16
E08039,Farhan,Palan,Male,1978-04-18
E08040,Nakul,Modi,Male,1989-06-27
E08041,Yug,Dugal,Male,1982-06-07
E08042,Orinder,Verma,Female,1978-03-04
E08043,Maya,Sahota,Male,1983-07-07
E08044,Diya,Sabharwal,Male,1976-10-19
E08045,Falan,Garg,Female,1967-03-10
E08046,Arya,Sridhar,Female,1979-02-10
E08047,Dominic,Bajwa,Female,2001-03-23
E08048,Harita,Bose,Female,1978-08-24
E08049,Jairaj,Swamy,Male,1980-07-15
E08050,Urvashi,Balasubramanian,Female,1974-12-06
E08051,Neel,Bhattacharyya,Female,1988-08-22
E08052,Yashodhara,Trivedi,Female,1984-12-11
E08053,Megha,Morar,Female,1981-11-25
E08054,Chandran,Srivastava,Male,1998-06-06
E08055,Abha,Ranganathan,Female,1978-03-29
E08056,Omaja,Dara,Male,1992-03-10
E08057,Yug,Doshi,Male,1973-06-11
E08058,Samesh,Bajaj,Male,1967-08-16
E08059,Chakradev,Sidhu,Male,1990-04-12
E08060,Pavani,Verma,Male,1986-02-14
E08061,Avi,Shan,Male,1980-07-16
E08062,Jyoti,Walla,Male,1982-12-21
E08063,Ishwar,Sahni,Male,1991-01-23
E08064,Urishilla,Ravi,Male,1986-01-11
E08065,Yachana,Tiwari,Male,1974-06-13
E08066,Farhan,Doshi,Male,1981-07-16
E08067,Neelima,Ramanathan,Male,1965-09-22
E08068,Varenya,Bhagat,Male,1978-06-18
E08069,Mitesh,Morar,Male,1974-11-07
E08070,Bhavani,Mammen,Female,1984-05-24
E08071,Warhi,Bhatti,Male,1996-03-19
E08072,Kala,Mangal,Male,1981-05-23
E08073,Lakshit,Mangat,Female,1974-08-14
E08074,Bimala,Andra,Male,1971-03-09
E08075,Naksh,Vaidya,Male,1985-06-09
E08076,Praneel,Brahmbhatt,Female,1990-10-28
E08077,Zaid,Tata,Male,1985-02-10
E08078,Bishakha,Behl,Female,1989-02-20
E08079,Yashoda,Lalla,Female,1975-05-14
E08080,Balvan,Kapadia,Male,1995-03-29
E08081,Guneet,Bhagat,Male,1968-10-24
E08082,Upadhriti,Ranganathan,Male,1997-04-08
E08083,Sai,Goyal,Female,1987-06-11
E08084,Quincy,Madan,Male,1997-10-12
E08085,Wazir,Shere,Female,1996-06-24
E08086,Vyanjana,Rao,Male,1987-02-19
E08087,Lajita,Shenoy,Female,1980-01-28
E08088,Amol,Dugar,Female,1993-05-20
E08089,Jagat,Sodhi,Female,1993-09-25
E08090,Reva,Kara,Female,1989-02-02
E08091,Zayan,Jayaraman,Male,1991-06-29
E08092,Urishilla,Wable,Female,1993-06-04
E08093,Chandran,Kunda,Male,1993-04-14
E08094,Tanish,Padmanabhan,Male,1975-05-09
E08095,Janani,Swamy,Male,1977-12-20
E08096,Frederick,Shroff,Male,1970-05-12
E08097,Watika,Chakrabarti,Female,1992-01-01
E08098,Vivaan,Mahal,Male,1970-02-27
E08099,Jackson,Khosla,Male,1980-05-22
E08100,Warinder,Vasa,Female,1981-08-12
E08101,Indali,Krish,Female,1989-10-05
E08102,Leela,Bhagat,Male,1992-11-29
E08103,Jagrati,Sibal,Female,1986-03-29
E08104,Yatin,Kala,Male,1992-03-29
E08105,Pushti,Sachar,Female,1988-01-29
E08106,Chatura,Chaudhuri,Male,1979-08-13
E08107,Ria,Pall,Male,1990-01-31
E08108,Zaitra,Nazareth,Male,1995-05-25
E08109,Ganga,Parekh,Female,1993-10-05
E08110,George,Pall,Female,1971-06-05
E08111,Nisha,Prashad,Male,1986-12-01
E08112,Xalak,Som,Male,1986-03-21
E08113,Watika,Mittal,Male,1996-05-02
E08114,Meghana,Wable,Female,1989-02-14
E08115,Damini,Murthy,Female,1976-04-30
E08116,Saksham,Sahota,Female,1977-09-27
E08117,Jackson,Mittal,Male,1972-07-03
E08118,Harish,Mitra,Male,1986-02-24
E08119,Jagat,Varughese,Male,1984-10-01
E08120,Sara,Raj,Female,1976-10-22
E08121,Hitesh,Ramachandran,Male,1996-10-03
E08122,Patrick,Wable,Female,1995-03-28
E08123,Sai,Chaudhuri,Female,1988-11-17
E08124,Simon,Sha,Male,1995-11-26
E08125,Tanay,Sarma,Male,1973-01-04
E08126,Dipta,Venkatesh,Female,1991-06-22
E08127,Joshua,Handa,Male,1981-04-16
E08128,Karan,Chander,Female,1989-05-01
E08129,Gopal,Narayan,Female,1998-06-18
E08130,Sara,Oak,Male,1979-07-27
E08131,Geetika,Sharma,Female,1980-06-22
E08132,Dayita,Hans,Female,1992-09-16
E08133,Om,Mitter,Male,1976-12-01
E08134,Mohini,Chakraborty,Male,1989-04-22
E08135,Zaid,Thaman,Male,1976-11-22
E08136,Tanay,Natt,Male,1970-07-01
E08137,Harsh,Sundaram,Male,1992-05-28
E08138,Lohit,Baria,Female,1976-12-19
E08139,Ojas,Golla,Female,1973-09-14
E08140,Gaurangi,Mittal,Male,1991-10-13
E08141,Amruta,Shan,Female,1978-01-30
E08142,Shivani,Oommen,Male,1987-02-01
E08143,Krish,Kala,Female,1989-06-15
E08144,Saksham,Konda,Male,1991-09-15
E08145,Alexander,Narayan,Male,1991-12-04
E08146,Raksha,Prabhu,Female,1991-04-25
E08147,Upma,Palan,Male,1984-07-19
E08148,Abha,Pall,Female,1978-05-12
E08149,Anika,Maharaj,Male,1988-11-02
E08150,Chakradev,Rout,Female,1987-10-29
E08151,Jagat,Sur,Male,1989-10-14
E08152,Andrew,Bera,Male,1990-10-22
E08153,Samesh,Doshi,Male,1982-11-23
E08154,Nicholas,Bhat,Female,1972-10-11
E08155,Tanveer,Kadakia,Female,1986-12-26
E08156,Naksh,Sami,Male,1980-04-25
E08157,Deepa,Sandal,Male,1991-11-13
E08158,Harini,Nazareth,Male,1993-08-20
E08159,Ria,Hegde,Male,1986-09-26
E08160,Abhiram,Pau,Male,2001-02-12
E08161,Abeer,Kuruvilla,Male,1994-05-27
E08162,Maya,Devi,Male,1985-01-23
E08163,Oni,Narain,Male,1977-10-29
E08164,Hitesh,Ganguly,Male,1983-09-16
E08165,Yoshita,Chahal,Female,1984-08-21
E08166,Dhruv,Bhavsar,Male,1961-09-26
E08167,Nihal,Murty,Male,1988-04-30
E08168,Chatresh,Mangal,Male,1987-06-30
E08169,William,Pant,Male,1969-11-27
E08170,Rushil,Guha,Male,1984-08-11
E08171,Yamini,Mann,Male,1984-07-08
E08172,Gagan,Kunda,Female,1989-07-07
E08173,Peter,Mutti,Female,1989-12-31
E08174,Max,Tata,Female,1970-08-31
E08175,Charvi,Chander,Male,1989-06-10
E08176,Liam,Walia,Male,1990-02-26
E08177,Mohammed,Chauhan,Female,1978-08-29
E08178,Saanvi,Varty,Female,1987-01-07
E08179,Hemani,Mukherjee,Male,1981-11-13
E08180,Devansh,Sharaf,Female,1984-09-05
E08181,Nilima,Pingle,Female,1974-03-13
E08182,Ishwar,Saran,Male,1987-04-10
E08183,Patrick,Venkataraman,Male,2001-08-02
E08184,Tara,Swaminathan,Female,1989-02-12
E08185,Harita,Chana,Male,1985-12-25
E08186,Kavya,Srinivas,Female,1994-06-23
E08187,Nakul,Ramaswamy,Female,1974-11-21
E08188,Abha,Kumar,Female,1964-04-26
E08189,Lajita,Kumer,Female,1990-06-07
E08190,Ekiya,Kumar,Female,1989-12-14
E08191,Janaki,Bobal,Female,1992-06-28
E08192,Jai,Bajwa,Male,1990-09-29
E08193,Abhiram,Bir,Male,1994-07-18
E08194,Vedant,Dar,Male,1988-08-11
E08195,Aarush,Patla,Female,1995-01-11
E08196,David,Singhal,Male,1978-10-31
E08197,Nisha,Hegde,Male,1986-06-09
E08198,Baljiwan,Halder,Male,1980-08-27
E08199,Raghav,Kibe,Male,1994-03-10
E08200,Vidhi,Nagy,Male,1983-09-03
E08201,Dalbir,Mand,Female,1989-09-02
E08202,Girik,Thaman,Female,1981-01-26
E08203,Chatresh,Devan,Male,1970-03-02
E08204,Aahana,Pandit,Female,1993-03-31
E08205,Ekapad,Ramesh,Male,1999-01-01
E08206,Tristan,Vyas,Female,1989-03-29
E08207,Shivansh,Dey,Male,1989-09-29
E08208,Ekansh,Mandal,Male,1997-11-10
E08209,Joshua,Sahni,Female,1973-04-12
E08210,Rishi,Srinivasan,Male,1999-10-16
E08211,Gauri,Venkataraman,Male,1967-04-12
E08212,Patrick,Master,Female,1995-01-01
E08213,Yash,Raman,Male,1982-08-31
E08214,Zayyan,Kamdar,Female,1978-07-10
E08215,Isaac,Rana,Male,1970-12-03
E08216,Jackson,Roy,Female,1990-08-24
E08217,Praneel,Basak,Female,1975-06-22
E08218,Chakradhar,Tara,Female,1981-04-11
E08219,Samaksh,Oza,Male,1986-03-02
E08220,Abha,Srivastava,Female,1992-03-05
E08221,Sathvik,Naidu,Female,1980-07-12
E08222,Mohini,Sule,Male,1979-02-23
E08223,Aahana,Mand,Male,1992-02-29
E08224,Fariq,Ratta,Male,1973-09-11
E08225,Sachi,Maharaj,Male,1995-06-26
E08226,Mohammed,Rai,Female,1993-10-18
E08227,Advika,Wable,Female,1978-12-30
E08228,Upadhriti,Manda,Female,1986-09-10
E08229,Frederick,Rai,Male,1977-05-28
E08230,Maanav,Gokhale,Male,1996-04-20
E08231,Veer,Kannan,Female,1979-07-29
E08232,Raksha,Som,Male,1990-08-10
E08233,Veer,Cheema,Male,1971-09-27
E08234,Naveen,Kadakia,Male,1965-06-12
E08235,Vedika,Mohanty,Female,1987-07-20
E08236,Harinakshi,Sharma,Female,1979-09-21
E08237,Nitara,Dhawan,Female,1997-07-06
E08238,Christopher,Soman,Male,1990-03-31
E08239,Mohammed,Badal,Male,1992-06-12
E08240,Elijah,Jha,Female,1994-05-08
E08241,Qasim,Sandhu,Male,1982-12-22
E08242,Janani,Ramakrishnan,Female,1983-02-06
E08243,Akshay,Venkatesh,Male,1976-05-26
E08244,Indali,Mani,Male,1979-09-25
E08245,Daksha,Shah,Male,1980-08-14
E08246,Pranit,Kuruvilla,Female,1985-02-28
E08247,Finn,Sawhney,Female,1993-03-22
E08248,Sathvik,Saxena,Male,1989-09-19
E08249,Lopa,Raghavan,Male,1986-03-03
E08250,Matthew,Samra,Female,1985-04-19
E08251,Ira,Dass,Female,1988-02-17
E08252,Priya,Jha,Male,1987-07-04
E08253,Darpan,Kale,Female,1985-09-24
E08254,Riya,Oak,Male,1977-06-16
E08255,Pratyush,Gara,Male,1976-06-01
E08256,Ati,Zachariah,Male,1984-04-22
E08257,Qabil,Goyal,Female,1979-02-04
E08258,Niharika,Hora,Male,1985-07-15
E08259,Ria,Walia,Male,1967-05-23
E08260,Vincent,Palan,Male,1987-01-08
E08261,Manthan,Sabharwal,Male,1975-09-02
E08262,Gaurika,Bail,Female,1982-12-27
E08263,Harsh,Palla,Female,1991-09-30
E08264,Wazir,Rege,Male,1980-09-30
E08265,Ijaya,Pradhan,Male,1973-10-24
E08266,Gautam,Kurian,Female,1979-06-09
E08267,Charita,Mitra,Female,1991-11-05
E08268,Adya,Chawla,Male,1988-10-01
E08269,Jeet,Lall,Female,1979-05-20
E08270,Chakradev,Viswanathan,Male,1980-01-05
E08271,Thomas,Sarraf,Male,1985-06-02
E08272,Janani,Bahri,Female,1994-01-08
E08273,Abdul,Thaman,Male,1989-05-10
E08274,Akshay,Parikh,Female,1986-10-17
E08275,Barkha,Kota,Female,1971-11-29
E08276,Zayyan,Patel,Male,1986-03-30
E08277,Dalbir,Som,Male,1999-11-25
E08278,Joshua,Pathak,Male,1983-05-23
E08279,Anya,Sastry,Female,1979-09-06
E08280,Oliver,Kalita,Female,1989-05-08
E08281,Unni,Mitra,Male,1985-02-02
E08282,Chavvi,Dhaliwal,Male,1968-07-19
E08283,Mugdha,Kale,Male,1980-04-16
E08284,Tara,Behl,Female,1985-10-06
E08285,Baljiwan,Prasad,Female,1970-01-17
E08286,Vanya,Parikh,Male,1973-02-23
E08287,Zehaan,Chopra,Female,1974-10-26
E08288,Ladli,Pingle,Male,1980-08-15
E08289,Veer,Bahri,Male,1992-08-07
E08290,Aishani,Yadav,Female,1988-09-27
E08291,Wazir,Dyal,Female,1995-10-17
E08292,Balveer,Krishna,Female,1976-09-17
E08293,Hritik,Keer,Male,1984-04-09
E08294,Ijaya,Bala,Female,1996-09-27
E08295,Diya,Rai,Male,1976-02-24
E08296,Zehaan,Pradhan,Female,1992-11-14
E08297,Abha,Lad,Male,1999-06-16
E08298,Ladli,Dubey,Female,1994-05-02
E08299,Adweta,Dugal,Male,1989-03-21
E08300,Faqid,Manne,Male,1984-12-01
E08301,Amaira,Taneja,Male,1983-04-16
E08302,Deepa,Chopra,Female,1982-08-11
E08303,Abhiram,Dhar,Female,1977-05-19
E08304,Janani,Krishnan,Female,1982-06-22
E08305,Owen,Nori,Female,1982-08-17
E08306,Nidra,Doctor,Male,1967-05-05
E08307,Ayaan,Bhavsar,Male,1980-09-05
E08308,Vamakshi,Sagar,Male,1997-12-29
E08309,Teerth,Bora,Male,1969-11-29
E08310,Ekaja,Garde,Female,1993-12-23
E08311,Dipta,Ramesh,Male,1992-11-11
E08312,Indali,Vala,Male,1996-07-31
E08313,Vasatika,Dhar,Male,1980-10-24
E08314,Qasim,Balasubramanian,Male,1968-09-05
E08315,Veda,Peri,Female,1984-01-16
E08316,Girindra,Borra,Female,1976-07-09
E08317,Nandini,Sankaran,Female,1998-01-18
E08318,Hardik,Taneja,Female,1978-02-07
E08319,Vansha,Sarkar,Female,1965-12-27
E08320,Chandani,Sama,Female,1978-02-20
E08321,Ekiya,Doshi,Male,1980-11-05
E08322,Meera,Memon,Female,1981-02-19
E08323,Ikshita,Radhakrishnan,Male,1992-01-10
E08324,Yauvani,Saxena,Male,1989-11-06
E08325,Chanakya,Sagar,Female,1980-08-28
E08326,Arin,Mangat,Female,1992-09-02
E08327,Reyansh,Shan,Male,1990-06-07
E08328,Qasim,Dara,Female,1990-05-06
E08329,Champak,Patla,Male,1999-10-27
E08330,Vivaan,Bajwa,Male,1989-07-10
E08331,Hemani,Balay,Male,1991-10-13
E08332,Omaja,Chander,Female,1974-02-01
E08333,Bachittar,Chad,Male,1979-06-21
E08334,Naksh,Dugar,Female,1969-01-21
E08335,Jai,Issac,Female,1972-07-17
E08336,Darsh,Brar,Male,1984-01-22
E08337,Pahal,Hans,Male,1989-02-24
E08338,Pranit,Deep,Male,1978-06-01
E08339,Vasana,Lall,Female,1982-09-24
E08340,Aadi,Kala,Female,1973-12-11
E08341,Zayyan,Borah,Female,1982-01-06
E08342,Balvan,Jaggi,Male,1978-08-21
E08343,Robert,Minhas,Male,1978-08-05
E08344,Niharika,Dugar,Male,1966-04-11
E08345,Gopal,Singh,Female,1996-11-08
E08346,Luke,Chandran,Male,1979-01-16
E08347,Victor,Borra,Female,1970-10-16
E08348,Balvan,Bhattacharyya,Male,1974-02-17
E08349,Samarth,Bawa,Male,1980-01-22
E08350,Aadi,Bala,Female,1970-07-07
E08351,Chandresh,Sachar,Female,1993-06-26
E08352,Laban,Bahri,Male,1968-05-01
E08353,Joshua,Bhattacharyya,Female,1977-03-09
E08354,Om,Modi,Male,1993-07-28
E08355,Devansh,Andra,Female,1969-11-25
E08356,Madhavi,Bhasin,Male,1985-08-07
E08357,Yagnesh,Arya,Male,1989-11-22
E08358,Ekantika,Seshadri,Male,1984-12-01
E08359,Chavvi,Rege,Female,1988-11-22
E08360,Vasatika,Wadhwa,Male,1976-10-30
E08361,Nikita,Oza,Female,1995-09-19
E08362,Aarini,Balakrishnan,Female,1976-04-09
E08363,Osha,Som,Female,1990-01-27
E08364,Lopa,Khosla,Male,1988-11-06
E08365,Isaiah,Agate,Female,1998-02-01
E08366,Qarin,Vala,Male,1989-01-05
E08367,Lipika,Mani,Male,1993-05-15
E08368,Shivansh,Desai,Female,1988-06-14
E08369,Nikita,Manda,Male,1972-06-25
E08370,Chameli,Saini,Female,1975-02-15
E08371,Osha,Chauhan,Female,1983-11-10
E08372,Tanish,Chacko,Female,1996-06-23
E08373,Omisha,Upadhyay,Female,1989-12-01
E08374,Varsha,Thakkar,Male,1971-05-13
E08375,Dalaja,Peri,Male,1979-03-11
E08376,Kevin,Savant,Male,1982-06-23
E08377,Vasana,Divan,Female,1993-06-30
E08378,Radha,Pal,Female,1978-10-11
E08379,Saksham,Sama,Male,1992-09-07
E08380,Tejas,Sangha,Male,1986-07-14
E08381,Pooja,Khatri,Male,1991-10-19
E08382,Chavvi,Nanda,Female,1990-04-05
E08383,Manthan,Choudhry,Female,1982-09-17
E08384,Veda,Shere,Male,1975-11-01
E08385,Ubika,Kapadia,Male,1981-07-31
E08386,Sai,Taneja,Male,1986-03-20
E08387,Fiyaz,Narayan,Female,1993-08-30
E08388,Gautam,Pradhan,Female,1992-07-19
E08389,Oscar,Gokhale,Male,1986-01-13
E08390,Ira,Bandi,Male,1981-11-06
E08391,Nisha,Kala,Male,1994-11-02
E08392,Chandran,Bir,Male,1974-10-29
E08393,Gaurav,Reddy,Female,1967-04-15
E08394,Panini,Desai,Male,1983-03-23
E08395,Gaurang,Palan,Male,1997-01-03
E08396,Eesha,Borah,Male,1981-01-25
E08397,Nidra,Thaman,Female,1989-01-21
E08398,Aarna,Deol,Male,1977-05-08
E08399,Kritika,Nagar,Male,1986-02-19
E08400,Fiyaz,Parmar,Female,1991-06-20
E08401,Ishani,Chada,Male,1985-03-17
E08402,Hema,Kothari,Female,1986-06-01
E08403,Aryan,Peri,Female,1978-04-25
E08404,Rajata,Mohanty,Female,1985-04-19
E08405,Neelima,Hayer,Female,1982-09-15
E08406,Hitesh,Malhotra,Female,1964-09-03
E08407,Varenya,More,Female,1984-07-31
E08408,Isaac,Ravi,Male,1965-08-27
E08409,Triveni,Bala,Male,1980-04-11
E08410,Krish,Nayar,Male,1993-10-01
E08411,Oscar,Buch,Male,1985-02-24
E08412,Balendra,Narayanan,Male,1979-09-05
E08413,Vasatika,Mitra,Male,1987-02-05
E08414,Gaurika,Dua,Male,1980-12-07
E08415,Tripti,Chatterjee,Male,1975-03-14
E08416,Vrishti,Parekh,Male,1981-01-28
E08417,Ridhi,Bakshi,Male,1976-05-09
E08418,Benjamin,Handa,Male,1988-10-03
E08419,Andrew,Bahl,Female,1984-07-02
E08420,Watika,Nanda,Male,1986-06-02
E08421,Jagvi,Golla,Female,1977-09-05
E08422,Manthan,Singhal,Male,1986-09-11
E08423,Isaiah,Tank,Male,1976-02-25
E08424,Theodore,Ranganathan,Female,1990-06-03
E08425,Anusha,Lala,Female,1980-07-02
E08426,Advaith,Bir,Female,1988-09-11
E08427,Mekhala,Vohra,Female,1978-06-07
E08428,Jai,Jhaveri,Male,1965-04-14
E08429,Widisha,Kadakia,Female,1992-12-13
E08430,Faris,Parekh,Female,1981-02-21
E08431,Laksh,Rajan,Male,1985-10-18
E08432,Dhruv,Banik,Female,1979-04-17
E08433,Falak,Bains,Female,1990-12-31
E08434,Anthony,Rastogi,Female,1995-05-17
E08435,Tejas,Pant,Female,1983-01-29
E08436,Waida,Sengupta,Female,1984-04-03
E08437,Turvi,Savant,Male,1995-08-20
E08438,Yauvani,Kulkarni,Male,1999-06-04
E08439,Harrison,Solanki,Female,1982-07-11
E08440,Daksha,Dey,Male,1985-07-19
E08441,Karan,Barad,Female,1979-12-28
E08442,Gautam,Warrior,Male,1968-04-04
E08443,Ladli,Om,Female,1999-12-25
E08444,Upadhriti,Sankaran,Male,1965-04-11
E08445,Anvi,Narayanan,Female,1995-11-08
E08446,Chanchal,Venkataraman,Male,1983-02-08
E08447,Vedant,Subramaniam,Female,1999-07-19
E08448,Madhavi,Pillai,Female,1992-06-02
E08449,Vihaan,Chauhan,Male,1967-05-14
E08450,Yasti,Bahri,Female,1992-09-27
E08451,Peter,Grewal,Female,1978-11-11
E08452,Manthan,Varty,Female,1979-10-06
E08453,Anmol,More,Female,1992-02-26
E08454,Yashodhara,Bhalla,Female,1973-11-25
E08455,Sanya,Natt,Female,1975-05-21
E08456,Omya,Prashad,Male,1987-10-30
E08457,Amaira,Mann,Male,1981-08-11
E08458,Jeremiah,Nagarajan,Female,1982-02-07
E08459,Ethan,Chaudhary,Male,1989-12-31
E08460,Suhani,Lata,Male,1980-04-01
E08461,Chaman,Morar,Male,1989-04-05
E08462,Chanakya,Kumer,Male,1974-07-12
E08463,Vedhika,Gokhale,Female,1984-01-03
E08464,Madhav,Nadig,Male,1982-02-02
E08465,Ryan,Din,Male,1992-04-21
E08466,Ladli,Dora,Female,1980-12-01
E08467,Wazir,Garde,Male,1984-03-15
E08468,Sudiksha,Kakar,Male,1974-08-27
E08469,Yashoda,Lala,Female,1975-08-26
E08470,Amaira,Naidu,Female,1996-06-01
E08471,Henry,Chhabra,Female,1988-05-08
E08472,Yasti,Chana,Male,1978-12-01
E08473,Tejas,Goyal,Female,1987-03-07
E08474,Kalpit,Balakrishnan,Male,1986-09-10
E08475,Aarav,Pandya,Female,1993-06-12
E08476,Aadi,Saraf,Male,1995-01-13
E08477,Unnati,Nagar,Female,1980-03-23
E08478,Charita,Bajaj,Male,1992-12-01
E08479,Aishani,More,Female,1972-10-30
E08480,Qadim,Bala,Male,1980-11-19
E08481,Janani,Sibal,Female,1982-11-25
E08482,Omaja,Ray,Female,1970-04-23
E08483,Jatin,Walia,Female,1975-08-27
E08484,Fiyaz,Badal,Male,1986-05-26
E08485,Jeet,Puri,Male,1985-10-14
E08486,Ridhi,Baria,Male,1972-06-18
E08487,Dakshesh,Balan,Male,1983-07-11
E08488,Ekalinga,Nori,Female,1982-08-21
E08489,Gautam,Prabhakar,Female,1970-06-28
E08490,Pranit,Prabhu,Male,1972-09-20
E08491,Ikbal,Wagle,Male,1984-01-05
E08492,Charvi,Jhaveri,Female,1983-05-16
E08493,Tristan,Edwin,Male,1997-05-16
E08494,Simon,Loke,Male,1976-11-03
E08495,Max,Ramesh,Female,1989-06-15
E08496,Adweta,Chacko,Male,1970-02-11
E08497,Nirja,Sant,Female,1986-11-30
E08498,Anmol,Rana,Male,1983-12-27
E08499,Zilmil,Vasa,Male,1996-10-03
E08500,Samesh,Dhingra,Female,1987-08-18
E08501,Xalak,Venkatesh,Female,1972-08-30
E08502,Pallavi,Mannan,Female,1974-06-15
E08503,Baghyawati,Maharaj,Male,1991-03-14
E08504,Madhav,Sagar,Male,1970-04-25
E08505,Vihaan,Ramakrishnan,Male,1985-12-01
E08506,Chanchal,Varkey,Male,1991-03-01
E08507,Mahika,Ahluwalia,Female,1975-06-15
E08508,Lohit,Mall,Male,1972-12-25
E08509,Pahal,Tara,Male,1982-12-12
E08510,Warjas,Thakur,Male,1984-05-22
E08511,Ishaan,Hayre,Male,1992-01-20
E08512,Umang,Jha,Female,1972-04-11
E08513,Aarush,Ratti,Female,1990-02-17
E08514,Jeet,Oommen,Male,1978-08-29
E08515,Aarush,Swamy,Female,1977-04-21
E08516,Forum,Mammen,Female,1980-03-14
E08517,Tanveer,Reddy,Female,1989-05-11
E08518,Eesha,Ahluwalia,Female,1981-08-22
E08519,Ira,Choudhry,Female,1980-05-12
E08520,Harsh,Dara,Male,1995-09-30
E08521,Warda,Bahri,Male,1992-09-19
E08522,Aarush,Vyas,Female,1999-11-27
E08523,Jacob,Doctor,Male,1990-08-11
E08524,Veda,Sant,Male,1992-06-23
E08525,Amrita,Peri,Male,2001-12-16
E08526,Anamika,Sankaran,Female,1977-11-20
E08527,Vrishti,Sami,Female,1980-09-02
E08528,Upadhriti,Jaggi,Male,1977-03-08
E08529,Imaran,Ramesh,Male,2000-04-14
E08530,Vinaya,Chauhan,Male,1997-03-12
E08531,Maanav,Narayan,Female,1990-11-13
E08532,Aarnav,Sane,Female,1982-06-17
E08533,Oliver,Kant,Male,1980-04-22
E08534,Lipika,Bawa,Male,1996-09-23
E08535,Udarsh,Ratti,Male,1965-11-27
E08536,Daksh,Ravi,Male,1976-08-05
E08537,Zaid,Lal,Male,1984-07-02
E08538,Gauri,Vala,Female,1983-01-05
E08539,Gautami,Halder,Male,1988-02-25
E08540,Eshana,Jain,Male,1973-04-17
E08541,Rachit,Dani,Male,1992-06-10
E08542,Zilmil,Tata,Female,1978-07-01
E08543,Fariq,Nigam,Female,1995-05-06
E08544,Ekaja,Kale,Female,1984-05-07
E08545,Gautami,Om,Female,1983-04-28
E08546,Kashvi,Naik,Female,1970-08-14
E08547,Sanaya,Solanki,Male,1981-03-24
E08548,Kabir,Bhardwaj,Male,1971-07-09
E08549,Ekaja,Tank,Female,1973-06-05
E08550,Bhavya,Kari,Female,1987-04-17
E08551,Tanveer,Dash,Female,1987-07-03
E08552,Frado,Chadha,Male,1978-05-16
E08553,Ekanta,Bhandari,Female,1986-01-20
E08554,Abha,Grewal,Male,1980-10-25
E08555,Manbir,Varma,Female,1967-05-25
E08556,Watika,Kant,Male,1977-12-11
E08557,Umang,Sankar,Female,1994-08-29
E08558,Vincent,Borah,Female,1989-12-20
E08559,Onveer,Doshi,Male,1982-11-22
E08560,Viraj,Ramakrishnan,Female,1991-01-14
E08561,Yuvraj,Choudhary,Male,1981-11-16
E08562,Netra,Deol,Male,1985-09-03
E08563,Charvi,Sule,Female,1989-12-08
E08564,Aahana,Balasubramanian,Male,1983-02-03
E08565,Vincent,Kulkarni,Female,1990-07-25
E08566,Raagini,Devi,Female,1995-10-25
E08567,Vansha,Grewal,Female,1972-10-10
E08568,Manthan,Chada,Female,1963-11-25
E08569,Onveer,Vyas,Female,1980-04-08
E08570,Balendra,Munshi,Female,1977-08-30
E08571,Avni,Srinivas,Female,1993-04-06
E08572,Farhan,Nagar,Female,1986-01-17
E08573,Amrita,Kapur,Male,1998-01-02
E08574,Xalak,Zachariah,Female,1992-06-09
E08575,Bahadurjit,Pandey,Male,1980-05-01
E08576,Garima,Pandit,Female,1980-07-26
E08577,Balhaar,Butala,Male,1994-06-19
E08578,Chavvi,Narasimhan,Male,1979-07-03
E08579,Tripti,Lall,Female,1974-05-31
E08580,Kashvi,Contractor,Female,2001-03-28
E08581,Sara,Dugal,Female,1982-01-02
E08582,Udarsh,Palan,Female,1986-01-17
E08583,Ijaya,Patel,Female,1976-01-13
E08584,Forum,Sami,Male,1989-07-01
E08585,Matthew,Chaudhary,Female,1989-03-27
E08586,Quincy,Dora,Female,1983-03-13
E08587,Henry,Vaidya,Male,1982-04-17
E08588,Aarav,Palan,Male,1999-03-18
E08589,Aadhya,Saran,Male,1979-07-20
E08590,Urmi,Sandal,Male,1997-05-19
E08591,Harshil,Grewal,Female,1997-06-30
E08592,Abdul,Roy,Female,1980-03-22
E08593,Mason,Sunder,Female,1990-02-26
E08594,Ishanvi,Mani,Male,1982-12-01
E08595,Riya,Kannan,Male,1974-11-06
E08596,Nicholas,Sunder,Male,1979-09-18
E08597,Keya,Sheth,Male,1994-01-14
E08598,Robert,Rana,Female,2002-08-28
E08599,Banjeet,Ramanathan,Female,1993-09-13
E08600,Nimrat,Ganguly,Male,1987-11-26
E08601,Qabil,Padmanabhan,Female,1983-11-29
E08602,Robert,Gandhi,Male,1987-07-30
E08603,Mugdha,Sundaram,Female,1983-08-15
E08604,Prisha,Bail,Female,1974-07-28
E08605,Siddharth,Hayer,Female,1979-06-22
E08606,Udarsh,Walla,Female,1967-03-18
E08607,William,Patla,Male,1993-09-17
E08608,Riya,Minhas,Male,1962-01-04
E08609,Jeevika,Uppal,Male,1980-01-25
E08610,William,Lata,Male,1968-12-16
E08611,Vaishnavi,Dutt,Male,1988-02-22
E08612,Wahab,Bhagat,Male,2001-08-31
E08613,Samarth,Bhardwaj,Female,1976-12-02
E08614,Shaurya,Barad,Female,1995-09-06
E08615,Vidhi,Mannan,Male,1965-06-26
E08616,Samesh,Ghose,Female,1978-08-08
E08617,Aayush,Bhatnagar,Male,1997-10-28
E08618,Varenya,Vora,Male,1979-06-04
E08619,Owen,Kapoor,Female,1994-04-18
E08620,Bhavna,Chandran,Female,1990-06-05
E08621,Odika,Solanki,Female,1992-04-19
E08622,Rachana,Chada,Male,1984-09-16
E08623,Faraj,Bera,Male,1986-11-01
E08624,Vrishti,Dalal,Female,1981-02-08
E08625,Om,Banerjee,Female,1982-07-11
E08626,Keya,Vohra,Male,1996-08-30
E08627,Rudra,Shan,Male,1970-12-04
E08628,Mitali,Dhaliwal,Male,1985-04-14
E08629,Ira,Rastogi,Female,1977-04-09
E08630,Aditya,Ratta,Female,1973-08-18
E08631,Chandran,Chahal,Female,1990-12-18
E08632,Indali,Date,Female,1994-09-05
E08633,Aarnav,Brar,Female,1972-12-12
E08634,Chatresh,Khanna,Male,1975-10-17
E08635,Dakshesh,Agarwal,Male,1977-10-25
E08636,Isaac,Chandra,Female,1988-05-17
E08637,Udarsh,Kanda,Male,1983-04-29
E08638,Jatin,Ram,Male,1987-10-01
E08639,Aishani,Krishna,Male,1978-11-17
E08640,Kala,Sastry,Male,1979-08-13
E08641,Xiti,Char,Female,1994-02-15
E08642,Wishi,Sodhi,Female,1975-04-07
E08643,Nimrat,Chatterjee,Male,1987-08-22
E08644,Zansi,Mittal,Female,1981-12-12
E08645,Radhika,Kibe,Male,1982-06-04
E08646,Brijesh,Pai,Female,1979-08-18
E08647,Niharika,Pradhan,Female,1980-06-07
E08648,Deepa,Apte,Male,1983-02-05
E08649,Ekaraj,Sastry,Male,1992-02-10
E08650,Zashil,Madan,Female,1994-05-23
E08651,Ekani,Ravel,Male,1980-10-27
E08652,Yatan,Lanka,Male,1986-06-30
E08653,Barkha,Kara,Male,1981-05-08
E08654,Jonathan,Ranganathan,Female,1976-09-01
E08655,Hiral,Lala,Male,1991-08-04
E08656,Tristan,Nadig,Male,1982-05-08
E08657,Ryan,Sunder,Male,1992-11-21
E08658,Mason,Venkatesh,Female,1994-07-04
E08659,Aadhya,Samra,Female,1993-12-01
E08660,Yash,Rai,Male,1977-10-18
E08661,Teerth,Shukla,Male,1990-05-11
E08662,Benjamin,Prakash,Male,1980-06-29
E08663,Naksh,Mitter,Male,1996-05-09
E08664,Alexander,Dugar,Female,1982-09-10
E08665,Lakshit,Bhandari,Female,1992-05-14
E08666,Meera,Chaudhry,Female,1989-01-20
E08667,Ubika,Ray,Female,1978-10-20
E08668,Ekalinga,Brar,Male,1975-06-12
E08669,Raagini,Raval,Male,1981-09-23
E08670,Inaya,Dyal,Female,1996-02-15
E08671,Nirja,Varughese,Female,1963-06-24
E08672,Ayush,Singh,Female,1989-09-28
E08673,Pallavi,Hegde,Female,1991-01-30
E08674,Reyansh,Dash,Female,1988-10-21
E08675,Oliver,Reddy,Female,1983-09-08
E08676,Xavier,Solanki,Male,1980-06-29
E08677,Alka,Kala,Male,1971-12-03
E08678,Lavanya,Sheth,Male,1989-08-16
E08679,Ijaya,Amble,Female,1975-03-30
E08680,Sathvik,Buch,Male,1982-03-16
E08681,Chanakya,Goyal,Male,1975-01-15
E08682,Megha,Zacharia,Male,1981-07-22
E08683,Damyanti,Chakrabarti,Female,1964-09-05
E08684,Urmi,Upadhyay,Male,1986-10-17
E08685,Lekha,Edwin,Female,1981-09-19
E08686,Tristan,Bajwa,Female,1994-02-27
E08687,Veda,Sandal,Female,1983-04-21
E08688,Ojasvi,Sami,Male,1988-03-30
E08689,Nihal,Muni,Female,1995-12-18
E08690,Omaja,Rajan,Female,1976-04-11
E08691,Chavvi,Behl,Female,1992-01-29
E08692,Gavin,Raj,Male,1983-03-22
E08693,Aarush,Pillay,Male,1978-03-07
E08694,Sanya,Bhagat,Male,1981-06-02
E08695,Viraj,Dubey,Male,1981-03-02
E08696,Lohit,Rege,Male,1990-09-13
E08697,Bachittar,Ramachandran,Male,1978-02-20
E08698,Devansh,Thakur,Male,1976-08-22
E08699,Daksha,Venkatesh,Female,1989-05-11
E08700,Onkar,Hari,Male,1993-10-05
E08701,Idika,Gala,Female,2000-02-25
E08702,Yochana,Narain,Female,1997-03-13
E08703,Laksh,Kashyap,Female,1997-12-14
E08704,Nilima,Contractor,Female,1969-05-01
E08705,Aachal,Keer,Female,1980-01-26
E08706,Lopa,Dewan,Female,1994-01-27
E08707,Teerth,Sur,Female,1970-05-22
E08708,Divya,Comar,Female,1994-12-13
E08709,Frederick,Sibal,Female,1994-08-14
E08710,Umang,Dixit,Female,1998-02-18
E08711,Suhani,Narula,Female,1980-07-27
E08712,Vamakshi,Khosla,Male,1986-08-14
E08713,Kai,Chaudhary,Female,1985-10-18
E08714,Wakeeta,Som,Male,1981-10-29
E08715,Faraj,Dugal,Female,1979-08-04
E08716,Om,Mannan,Female,1991-11-23
E08717,Umang,Gupta,Female,1987-11-12
E08718,Radhika,Bedi,Female,1972-10-28
E08719,Sachi,Ratti,Male,1975-09-01
E08720,Gaurangi,Oommen,Female,2000-01-05
E08721,Nicholas,Sidhu,Male,1985-06-30
E08722,Saumya,Narula,Female,1997-06-29
E08723,Upma,Sarma,Male,1978-01-30
E08724,Shaurya,Agate,Female,1999-01-11
E08725,Farhan,Savant,Female,1978-12-14
E08726,Ridhi,Ghosh,Male,1999-04-21
E08727,Luke,Aggarwal,Female,1977-11-16
E08728,Gaurika,Karpe,Female,1988-04-08
E08729,Abhimanyu,Nayak,Female,1985-10-02
E08730,Nisha,Pau,Male,1980-07-30
E08731,Thomas,Radhakrishnan,Female,1995-11-15
E08732,Panini,Nagy,Male,1973-12-08
E08733,Vidhi,Munshi,Male,1985-04-21
E08734,Xalak,Sahni,Male,1984-04-07
E08735,Kevin,Vasa,Male,1986-08-05
E08736,Elijah,Dasgupta,Male,1963-01-13
E08737,Chakradev,Krishna,Female,1983-09-24
E08738,Samar,Samra,Male,2000-01-13
E08739,Varenya,Nayar,Male,1983-10-13
E08740,Chandresh,Iyengar,Male,1978-10-05
E08741,Liam,Dhar,Male,1979-05-23
E08742,Bimala,Taneja,Female,1981-02-28
E08743,Hitesh,Kade,Female,1980-05-20
E08744,Wazir,Anne,Female,1986-07-31
E08745,Dev,Tiwari,Male,1989-08-08
E08746,Saumya,Bhalla,Female,1984-03-09
E08747,Ladli,Wagle,Male,1985-12-27
E08748,Janani,Tripathi,Female,1988-10-31
E08749,Advik,Prabhu,Female,1980-08-07
E08750,Vanya,Chowdhury,Male,1989-06-01
E08751,Kalpit,Lanka,Male,1996-08-16
E08752,Ganga,Saran,Female,1987-12-10
E08753,Tejas,Pathak,Male,1987-11-29
E08754,Robert,Nadig,Female,1977-10-21
E08755,Hiral,Sule,Male,1989-06-21
E08756,Rachana,Randhawa,Male,1988-03-11
E08757,Nachiket,Chaudhry,Female,1976-04-19
E08758,Siya,Soman,Female,1987-11-13
E08759,Nandini,Deshmukh,Male,1984-11-12
E08760,Rudra,Korpal,Female,1980-09-04
E08761,Tanish,Mohan,Female,1989-01-06
E08762,Urvi,Char,Male,1977-01-26
E08763,Ranbir,Puri,Female,1975-12-19
E08764,Warjas,Chakraborty,Female,1971-05-23
E08765,Frederick,Chanda,Male,1984-02-16
E08766,Zarna,Sura,Male,1993-05-04
E08767,Faraj,Bansal,Female,1980-10-17
E08768,Avni,Ramachandran,Male,1986-12-31
E08769,Maanas,Dhar,Male,1983-10-29
E08770,Samuel,Narayan,Female,1986-07-24
E08771,Zehaan,Mangat,Male,1978-11-06
E08772,Yutika,Peri,Female,1982-05-31
E08773,Chakradhar,Jha,Male,1987-04-07
E08774,Jeremiah,Saha,Male,1987-12-18
E08775,Yadavi,Dayal,Male,1998-11-12
E08776,Aarini,Sandhu,Female,1975-07-21
E08777,Eesha,Shetty,Male,1997-01-03
E08778,Brijesh,Ranganathan,Male,1982-04-10
E08779,Ojas,Swamy,Female,1978-11-23
E08780,Caleb,Sharaf,Male,1991-05-29
E08781,Urvi,Konda,Female,1979-12-19
E08782,Ekanta,Borde,Female,1988-02-14
E08783,Anamika,Khatri,Female,1968-02-11
E08784,Chandran,Gara,Female,1974-01-21
E08785,Yutika,Seshadri,Male,1977-08-28
E08786,Harini,Balay,Female,1985-12-17
E08787,Odika,Aurora,Male,1976-08-06
E08788,Anjali,Patla,Male,1983-08-29
E08789,Hemang,Bandi,Female,1973-12-27
E08790,Manthan,Pandey,Male,1972-01-15
E08791,Saanvi,Agate,Male,1987-05-21
E08792,Nikita,Chaudry,Female,1971-11-13
E08793,Mitali,Randhawa,Female,1985-08-19
E08794,Reva,Hayer,Male,1983-04-25
E08795,Krish,Upadhyay,Male,1992-05-06
E08796,Benjamin,Grewal,Male,1986-07-12
E08797,Hritik,Sha,Female,1989-04-02
E08798,Pranit,Choudhry,Female,1978-11-19
E08799,Rishi,Apte,Female,1971-08-29
E08800,Amruta,Lal,Female,1973-03-15
E08801,Gagan,Venkatesh,Male,1993-12-11
E08802,Nilima,Sathe,Female,1983-03-30
E08803,Janani,Mallick,Male,1975-07-21
E08804,Karan,Doctor,Female,1987-01-09
E08805,Avi,Subramanian,Male,1970-01-30
E08806,Bishakha,Nori,Female,1991-01-09
E08807,Vritti,Ganesan,Male,1982-05-27
E08808,Omkaar,Kannan,Male,1984-09-07
E08809,Neelima,Bhavsar,Female,1978-07-28
E08810,Warinder,Warrior,Female,1969-07-17
E08811,Harita,Pal,Male,1993-06-06
E08812,Zaitra,Majumdar,Male,1978-07-05
E08813,Faras,Mahal,Male,1966-10-07
E08814,Nilima,Reddy,Female,1985-02-27
E08815,Tara,Deep,Male,1984-12-12
E08816,Ekansh,Sinha,Male,2000-01-24
E08817,Kavya,Ganguly,Female,1994-09-14
E08818,Tanveer,Aurora,Male,1996-03-26
E08819,Prisha,Hans,Male,1997-11-11
E08820,Chaman,Chanda,Male,1988-11-01
E08821,Vivaan,Sidhu,Female,1983-10-05
E08822,Baljiwan,Puri,Female,1990-06-30
E08823,Parth,Kata,Male,1971-10-22
E08824,Watika,Shere,Female,1975-07-21
E08825,Xalak,Ahuja,Male,1985-04-14
E08826,Kiaan,Chand,Male,1969-09-30
E08827,Nandini,Thaman,Male,1962-11-24
E08828,Harrison,Sawhney,Female,1983-05-08
E08829,Ishaan,Dutt,Male,1987-03-27
E08830,Christopher,Srinivasan,Male,1986-11-24
E08831,Alka,Karnik,Female,1982-06-23
E08832,Vansha,Dayal,Female,1989-10-12
E08833,Brijesh,Upadhyay,Male,1990-09-28
E08834,Varsha,Datta,Female,1967-02-25
E08835,Thomas,Doctor,Male,1980-09-27
E08836,Vaishnavi,Brar,Male,1976-02-16
E08837,Azaan,Om,Female,2000-11-16
E08838,Anya,Shetty,Female,1982-06-24
E08839,Vaishnavi,Kulkarni,Male,1991-01-17
E08840,Manya,Nagy,Female,1997-08-08
E08841,Hema,Ramakrishnan,Female,1985-09-17
E08842,Yashawini,Mutti,Male,1966-06-29
E08843,Advaith,Puri,Male,1993-03-18
E08844,Bina,Prasad,Female,1984-06-19
E08845,Gayathri,Kale,Female,1984-06-03
E08846,Ekansh,Rege,Male,1983-08-27
E08847,Aditya,Basu,Female,1994-07-13
E08848,Bhavna,Puri,Female,1971-06-07
E08849,Kala,Hari,Male,1987-05-29
E08850,Yashodhara,Pillai,Male,1992-07-31
E08851,Hemal,Natarajan,Female,1969-10-06
E08852,Yatan,Vaidya,Male,1984-01-26
E08853,Rishi,Bakshi,Female,1975-10-23
E08854,Aarav,Pau,Male,1994-01-18
E08855,Lekha,Pall,Male,1978-09-12
E08856,Maya,Menon,Female,1984-07-28
E08857,Krish,Bajwa,Female,1975-01-07
E08858,Tanish,Kaur,Male,1989-10-05
E08859,Balveer,Thaman,Female,1989-03-01
E08860,Shravya,Raman,Male,1997-12-31
E08861,Parth,Kapoor,Female,1977-07-15
E08862,Agastya,Sibal,Male,1968-10-12
E08863,Upma,Gera,Female,1985-12-20
E08864,Yashodhara,Khare,Male,1995-05-21
E08865,Oni,Shroff,Female,1986-08-31
E08866,Varsha,Grover,Female,1984-10-22
E08867,Mekhala,Rau,Male,1995-05-01
E08868,Gagan,Doctor,Female,1981-12-12
E08869,Oeshi,Raman,Female,1988-04-03
E08870,Faras,Johal,Female,1977-08-07
E08871,Krish,Sahni,Female,1999-08-22
E08872,Chandani,Bora,Female,1978-03-13
E08873,Dhriti,Deep,Female,1994-11-19
E08874,Abhiram,Nagi,Female,1994-08-18
E08875,Arjun,Ramachandran,Female,1979-05-02
E08876,Kritika,Badal,Female,1976-12-27
E08877,Mekhala,Goda,Female,1981-11-29
E08878,Pooja,Mital,Male,1983-06-13
E08879,Devansh,Choudhary,Male,1970-11-20
E08880,Wridesh,Walia,Female,1993-07-15
E08881,Bhavya,Barad,Male,1991-02-01
E08882,Kashvi,Om,Male,1985-11-30
E08883,Jason,Das,Female,1988-06-04
E08884,Kalpit,Srinivas,Male,1989-05-23
E08885,Matthew,Sura,Male,1981-12-19
E08886,Wazir,Chahal,Male,1981-12-11
E08887,Bhavya,Mander,Female,1994-11-01
E08888,Ria,Singh,Male,1974-10-26
E08889,Nakul,Sarin,Male,1979-06-30
E08890,Lipika,Dalal,Female,1991-11-29
E08891,Reyansh,Sur,Female,1979-05-17
E08892,Dev,Pall,Male,1966-08-06
E08893,Tripti,Buch,Female,1992-04-21
E08894,Varenya,Sant,Male,1991-12-30
E08895,Chameli,Bail,Female,1982-07-25
E08896,Chaitaly,Sengupta,Female,1978-10-11
E08897,Qabil,Mall,Female,1974-03-29
E08898,Aachal,Goswami,Female,1976-09-05
E08899,Indira,Bath,Male,1994-01-21
E08900,Faris,Gera,Female,1989-12-27
E08901,Laban,Soman,Female,1998-06-03
E08902,Tripti,Garde,Female,1980-12-08
E08903,Patrick,Mangal,Male,1996-09-29
E08904,Mason,Bail,Female,1978-11-14
E08905,Nandini,Bala,Female,1997-02-21
E08906,Nidra,Tiwari,Female,1993-10-01
E08907,Samesh,Hari,Male,1989-10-14
E08908,Sneha,Chandran,Female,1992-01-04
E08909,Anirudh,Sarna,Male,1989-08-14
E08910,Ekanta,Shroff,Male,1990-04-22
E08911,Andrew,Trivedi,Male,1985-05-19
E08912,Chaman,Ben,Female,1989-05-27
E08913,Amruta,Sathe,Male,1986-04-12
E08914,Aachal,Hans,Male,1979-07-21
E08915,Widisha,Bansal,Female,1985-08-23
E08916,Advaith,Sundaram,Female,1990-09-25
E08917,Unni,Pingle,Male,1982-06-04
E08918,Joshua,Sami,Male,1987-07-15
E08919,Balendra,Panchal,Female,1971-09-24
E08920,Ishanvi,Ramakrishnan,Male,1978-06-22
E08921,Ronith,Sami,Male,1984-03-17
E08922,Ati,Venkatesh,Female,1995-08-01
E08923,Samesh,Savant,Male,1974-11-29
E08924,Kamya,Bose,Male,1993-09-23
E08925,Watika,Kala,Male,1984-01-02
E08926,Oni,Sarna,Male,1973-05-08
E08927,Urvashi,Keer,Male,1990-10-10
E08928,Rudra,Krishnamurthy,Male,1980-05-14
E08929,Mugdha,Wable,Female,1998-05-02
E08930,Chasmum,Padmanabhan,Male,1993-10-13
E08931,Unnati,Jain,Male,1975-09-08
E08932,Amaira,Dani,Female,1984-07-16
E08933,Idika,Iyer,Male,1995-05-08
E08934,Lipika,Bajwa,Male,1977-05-28
E08935,Rudra,Varughese,Female,1988-01-31
E08936,Janani,Wali,Female,1997-06-11
E08937,Wridesh,Kothari,Female,1995-08-03
E08938,Vinaya,Mistry,Male,1987-05-12
E08939,Akshay,Munshi,Male,1980-07-20
E08940,Azaan,Kala,Male,1984-05-20
E08941,Chatura,Saraf,Female,1991-05-01
E08942,Falguni,Loke,Male,1975-04-19
E08943,Yasti,Patel,Male,1993-11-10
E08944,Chameli,Kunda,Female,1981-12-04
E08945,Shivansh,Kumer,Female,1997-11-05
E08946,Sara,Bera,Male,1986-01-05
E08947,Vidhi,Karan,Male,1988-03-03
E08948,Widisha,Warrior,Female,1982-08-27
E08949,Ekta,Sanghvi,Male,1986-08-10
E08950,Jyoti,Aurora,Male,1991-06-13
